Price,Close,High,Low,Open,Volume
Ticker,BND,BND,BND,BND,BND
Date,,,,,
2015-01-02,59.40541076660156,59.43416177415233,59.24009384410811,59.24728296691929,2218800
2015-01-05,59.5778694152832,59.59943128485405,59.44130359641434,59.47005458373884,5820100
2015-01-06,59.7503776550293,59.93006723649555,59.67850291918097,59.67850291918097,3887600
2015-01-07,59.78634262084961,59.85821738657973,59.69290597376977,59.75759161781894,2433400
2015-01-08,59.692901611328125,59.73602537087603,59.63539960946911,59.73602537087603,1873400
2015-01-09,59.79356384277344,59.86543864708963,59.65699787598543,59.66418700152587,1646100
2015-01-12,59.87260818481445,59.89417007068556,59.80072792031842,59.83666805256644,4397900
2015-01-13,59.93010711669922,59.99479826059472,59.82229768303087,59.87979421975583,2223400
2015-01-14,60.06666946411133,60.17448437504806,60.05229670171037,60.116982358055914,2481200
2015-01-15,60.33259963989258,60.34697239930618,60.05228421993669,60.05228421993669,4214500
2015-01-16,60.15290832519531,60.26790684840636,60.07384444137208,60.23915584668038,3631300
2015-01-20,60.08822250366211,60.25353940725383,60.066660621387825,60.160097272474154,3029500
2015-01-21,59.97321701049805,60.231970535148136,59.966027889343124,60.22478141399321,2473900
2015-01-22,59.98757553100586,60.10976314317463,59.92288990704289,60.10976314317463,2157400
2015-01-23,60.18168258666992,60.21042811581295,60.095429548155856,60.11699143686062,6255000
2015-01-26,60.10979080200195,60.196043823999,60.07385615560698,60.181671062179795,7810500
2015-01-27,60.1457405090332,60.29667920879138,60.109800373221574,60.27511732078233,1154100
2015-01-28,60.3613395690918,60.44039795690283,60.10258607757128,60.11695883434819,1394600
2015-01-29,60.29665756225586,60.354159565433285,60.20322091986217,60.33259768516496,1551300
2015-01-30,60.627281188964844,60.627281188964844,60.45478067640147,60.519466312228076,10474400
2015-02-02,60.5552864074707,60.62730634216196,60.4328519690187,60.461655547080156,6070500
2015-02-03,60.368003845214844,60.49043823025343,60.331991146195776,60.44722738724367,1237200
2015-02-04,60.38962173461914,60.396825374863475,60.18076012567355,60.24558189833755,2945700
2015-02-05,60.25999069213867,60.32481247234127,60.21677983518239,60.274397974302886,2128200
2015-02-06,59.87104034423828,60.07990185136037,59.85663856553825,60.05109279919544,2907700
2015-02-09,59.84946060180664,59.98630228459839,59.82065153728378,59.971895004953346,1384600
2015-02-10,59.74144744873047,59.80626923871918,59.705440227420304,59.777460164809646,1447900
2015-02-11,59.74144744873047,59.813472880888824,59.69823658525067,59.777460164809646,1904000
2015-02-12,59.77024841308594,59.84947198189596,59.74864298427743,59.77024841308594,4662900
2015-02-13,59.6334228515625,59.799068165196324,59.6334228515625,59.799068165196324,1883000
2015-02-17,59.395751953125,59.63342270141257,59.374146520511445,59.61901541649072,5281500
2015-02-18,59.56139373779297,59.64782095789628,59.410150223688845,59.48217015972382,3813000
2015-02-19,59.51094055175781,59.64057855026532,59.489335134467446,59.5901640783327,1322700
2015-02-20,59.52538299560547,59.691028289209356,59.43895578061524,59.597402927379704,3145800
2015-02-23,59.647789001464844,59.698203479156554,59.597374523773134,59.6333872198812,3952700
2015-02-24,59.89269256591797,59.93590342658798,59.546989196251914,59.64781820099438,2542200
2015-02-25,59.950313568115234,59.964720853525044,59.835082758683846,59.88549726807934,4934600
2015-02-26,59.78467559814453,59.95032093733288,59.77747195455414,59.878300985739244,2187500
2015-02-27,59.835052490234375,59.856657912650256,59.72701988338837,59.799039789696835,4094400
2015-03-02,59.64166259765625,59.89422751620243,59.62722717059515,59.86536216758253,2476100
2015-03-03,59.56953048706055,59.684986431291584,59.55509505309108,59.62725570642359,2648100
2015-03-04,59.56953048706055,59.6489088573778,59.54066512462655,59.60560806097433,1425400
2015-03-05,59.60557174682617,59.663302436522265,59.533411137456845,59.583924114565534,1340800
2015-03-06,59.25922393798828,59.39632750271664,59.194275507955744,59.39632750271664,1580000
2015-03-09,59.331356048583984,59.38908673518545,59.302490705283255,59.37465131078444,1982300
2015-03-10,59.562286376953125,59.56950409073956,59.48290804180984,59.497337963880206,3766100
2015-03-11,59.627235412597656,59.670536194263924,59.54064486027127,59.56229249835287,4829700
2015-03-12,59.67054748535156,59.81486877020661,59.64168212727973,59.80043884392275,8421500
2015-03-13,59.6127815246582,59.72823738318106,59.591133895278965,59.6127815246582,2114500
2015-03-16,59.72826385498047,59.80042999223004,59.656103223234204,59.76434692360526,1203700
2015-03-17,59.7787971496582,59.778797149658196,59.706636493404936,59.73550185700727,1471300
2015-03-18,60.146812438964844,60.146812438964844,59.728273003027915,59.84373443590878,5534300
2015-03-19,59.96638488769531,60.12514154375656,59.93030733300086,60.11071162297919,1208100
2015-03-20,60.1251335144043,60.13235122658011,60.00245993492184,60.00245993492184,1011200
2015-03-23,60.15404510498047,60.16126282270538,60.05301907885379,60.15404510498047,1572700
2015-03-24,60.255008697509766,60.29109174324113,60.13233515082281,60.19006582179308,2300500
2015-03-25,60.16122055053711,60.327189403053744,60.146785125230316,60.327189403053744,1559900
2015-03-26,59.96638488769531,60.08184627592241,59.90865419358177,60.07462856278271,2342500
2015-03-27,60.02410888671875,60.10348720589551,59.98802583054698,60.02410888671874,6542300
2015-03-30,60.096290588378906,60.12515594234827,60.04577759530836,60.11072601811526,1634800
2015-03-31,60.16122055053711,60.2117335281076,60.06740680254788,60.11070757296662,1996000
2015-04-01,60.4006462097168,60.429577847664675,60.28491965792529,60.29938823597208,3132700
2015-04-02,60.32106399536133,60.429556219298945,60.29936665420255,60.422321932864776,791200
2015-04-06,60.371726989746094,60.472984984318764,60.31386370194833,60.46575069380733,1768800
2015-04-07,60.40785217285156,60.42232074543556,60.270433842165296,60.32106280992205,977400
2015-04-08,60.3644905090332,60.42235379473152,60.277695580485734,60.40788521423362,3470700
2015-04-09,60.23427963256836,60.37893779579781,60.17641636727658,60.37893779579781,1025400
2015-04-10,60.205360412597656,60.306618388662514,60.17642877398687,60.28492103924088,4290100
2015-04-13,60.21980285644531,60.28489487646121,60.176402658291266,60.24873448250019,6046400
2015-04-14,60.32831954956055,60.45850364240749,60.32108526057605,60.41510894479185,1398100
2015-04-15,60.38615798950195,60.45125553324644,60.3644606476351,60.42955819137958,1022400
2015-04-16,60.371726989746094,60.43681904990845,60.3066294114369,60.40065863364498,1289900
2015-04-17,60.47294998168945,60.50911589516641,60.32106307774482,60.35722347307812,1693900
2015-04-20,60.40785217285156,60.45848114060831,60.335525864362424,60.42955503172756,2463600
2015-04-21,60.3355598449707,60.40788619419359,60.29216513906633,60.37896006902182,1788000
2015-04-22,60.111328125,60.32107833630782,60.111328125,60.31384404815375,1501300
2015-04-23,60.22706604003906,60.29939790558075,60.13304234024011,60.16920827301095,5518000
2015-04-24,60.32106399536133,60.37892725054722,60.270435026609604,60.30659542249299,1597900
2015-04-27,60.277671813964844,60.35000365164178,60.234277125874264,60.35000365164178,1591400
2015-04-28,60.08961486816406,60.24150177031278,60.07514629568689,60.22703319783562,1217700
2015-04-29,59.9015998840332,59.97392623766624,59.82927353040017,59.90883417484063,1905200
2015-04-30,59.966670989990234,59.96667098999024,59.7207548744323,59.80754977136063,4229900
2015-05-01,59.784759521484375,59.87896381886676,59.72678509444337,59.828237577392294,7173200
2015-05-04,59.69780349731445,59.857230422303324,59.683312653563725,59.83549139230415,1190000
2015-05-05,59.603660583496094,59.72685223287764,59.52394703889583,59.72685223287764,4175700
2015-05-06,59.43690872192383,59.56734839696076,59.38618248878418,59.56734839696076,3938900
2015-05-07,59.560150146484375,59.60362822766358,59.48043664515659,59.49492749596669,3602900
2015-05-08,59.719547271728516,59.8209997628897,59.67606368355508,59.77027351730911,1735900
2015-05-11,59.40797805786133,59.65436125076286,59.36449444301144,59.60363497406257,929200
2015-05-12,59.33545684814453,59.444157499884874,59.241252565300144,59.31371782354543,2139600
2015-05-13,59.30646514892578,59.53836280374512,59.27748347081776,59.5021274129935,2372000
2015-05-14,59.422462463378906,59.46594054476221,59.34999715149042,59.38622704306021,1485300
2015-05-15,59.661590576171875,59.69057780065611,59.52390264205869,59.53839901867468,1402700
2015-05-18,59.444175720214844,59.6108508411372,59.436927533545216,59.6108508411372,3747700
2015-05-19,59.31377410888672,59.40073581854958,59.248556973202106,59.2775442097564,4856500
2015-05-20,59.31377410888672,59.39348762722349,59.263047827104224,59.33551315411491,4097400
2015-05-21,59.502174377441406,59.53840979679327,59.38622545851446,59.42246087786632,2314100
2015-05-22,59.465911865234375,59.48765089544162,59.35721671419816,59.465911865234375,816600
2015-05-26,59.6108512878418,59.64708116396841,59.444176165670434,59.46591519709571,1178300
2015-05-27,59.639854431152344,59.668836128293776,59.52390552759456,59.625358053833615,2564500
2015-05-28,59.64704513549805,59.6977713544325,59.60356709890944,59.66154150018973,1073300
2015-05-29,59.66886520385742,59.75582692390064,59.63263530040245,59.72683968388624,2494300
2015-06-01,59.46982955932617,59.68040715025589,59.44078380127602,59.68040715025589,1362800
2015-06-02,59.30287551879883,59.41905866400958,59.25204677774845,59.39727570926188,1510000
2015-06-03,59.041481018066406,59.20123010533867,58.976132140501434,59.19396727230309,1390000
2015-06-04,59.18669128417969,59.25930297184474,59.10681676577312,59.12133688733947,1111300
2015-06-05,58.954341888427734,59.0705195030333,58.88898747902895,59.012427925771654,4115300
2015-06-08,59.02693557739258,59.063238647164575,58.98336967769978,59.012409917550954,4954500
2015-06-09,58.852684020996094,58.9615988027665,58.823638232551424,58.9615988027665,2883300
2015-06-10,58.72922134399414,58.81635868456329,58.692918273694076,58.75826712418386,1222800
2015-06-11,59.00517272949219,59.01243002196939,58.77281195210957,58.81637786664446,1815900
2015-06-12,58.96156692504883,59.121315905166995,58.90348091948152,58.93978398047175,1785100
2015-06-15,58.968849182128906,59.1285982148808,58.9543290609317,59.092289602013,2082900
2015-06-16,59.1213264465332,59.1213264465332,58.98336592630837,59.063234890693444,2250700
2015-06-17,59.14310836791992,59.15763402658545,58.888964740429,59.09227964242174,865700
2015-06-18,59.09953689575195,59.1358454990745,58.961570851024355,59.08501677837197,1210300
2015-06-19,59.26657485961914,59.288357815255836,59.18670032900627,59.21574611649436,1176700
2015-06-22,58.983375549316406,59.172164826722664,58.96884988802879,59.1213360920492,1020000
2015-06-23,58.84538650512695,58.983352533941826,58.816340733802015,58.84538650512696,1096000
2015-06-24,58.954341888427734,58.98338767705856,58.8744673546724,58.92529609979691,6836900
2015-06-25,58.87440872192383,58.961540461124486,58.845362962219546,58.932500241332406,2894500
2015-06-26,58.76554489135742,58.801853510802594,58.707453316212145,58.77280772322996,963000
2015-06-29,59.06325149536133,59.106822944448396,58.8744621956806,58.95433672243677,2168400
2015-06-30,59.00517272949219,59.16492180267735,58.99064706470194,59.00517272949219,1547800
2015-07-01,58.86180877685547,58.956393119598125,58.810877892140184,58.839982047841794,5399300
2015-07-02,59.00732421875,59.06553253036475,58.978220062942626,58.978220062942626,1060100
2015-07-06,59.21105194091797,59.25471095323809,59.09464086051551,59.25471095323809,2210700
2015-07-07,59.26925277709961,59.49480303326305,59.2692527770996,59.43660027593204,4183200
2015-07-08,59.436622619628906,59.48755352084587,59.34203269518891,59.4002410254517,1967800
2015-07-09,59.24016189575195,59.356578538596935,59.21105773504071,59.34202368271578,1670900
2015-07-10,58.96367263793945,59.050985108141575,58.89818689752529,58.94911778404729,2038300
2015-07-13,58.82546615600586,58.94188285591792,58.81818872449791,58.83274358751381,2846500
2015-07-14,58.9345703125,58.98550120060459,58.9054661548616,58.9345703125,1567700
2015-07-15,59.101924896240234,59.1237516293156,58.920028052544005,58.94185478561937,2631000
2015-07-16,59.101924896240234,59.1383009343488,58.97095894673691,58.9855082517701,1063100
2015-07-17,59.109222412109375,59.16743075959256,59.08011823836778,59.11649984330816,807900
2015-07-20,59.0291862487793,59.094672026270565,58.99281019555387,59.072845284124625,1026900
2015-07-21,59.1383056640625,59.1746872561319,59.007339704084885,59.021894561333276,1422900
2015-07-22,59.16013717651367,59.24744967390042,59.152865298353795,59.16741460572557,1624100
2015-07-23,59.29838943481445,59.32749360495788,59.14559670485109,59.1892501845398,1178400
2015-07-24,59.334754943847656,59.37840841169768,59.29837335327173,59.36385355504677,804300
2015-07-27,59.4511604309082,59.45843785854683,59.37840280767444,59.43661112668179,2022800
2015-07-28,59.34931182861328,59.407520160547676,59.34203439935847,59.37841599458048,1434700
2015-07-29,59.29838943481445,59.356597775101314,59.25473595512574,59.34932034480224,1020500
2015-07-30,59.32020950317383,59.35659109952465,59.25472929100503,59.28383345787524,788000
2015-07-31,59.52391815185547,59.53847300715661,59.45843795615284,59.502091419954596,1589100
2015-08-03,59.66168212890625,59.67626154153704,59.523152677491844,59.56689647792241,2085800
2015-08-04,59.45758056640625,59.625268966018005,59.442995580544704,59.61068954269874,1007300
2015-08-05,59.3628044128418,59.399261320828764,59.28260366530502,59.384676332616706,2097000
2015-08-06,59.399261474609375,59.45759030252226,59.36280456652803,59.37738955477784,1173000
2015-08-07,59.523197174072266,59.57423350023955,59.45758142437535,59.49403276447063,1773800
2015-08-10,59.399261474609375,59.50133414218533,59.36280456652803,59.479462222353796,1173300
2015-08-11,59.625282287597656,59.70548304012787,59.5742459507642,59.596117871900894,1424200
2015-08-12,59.60337448120117,59.80751970562577,59.58879506340235,59.7273190013818,1029700
2015-08-13,59.47941970825195,59.60336420706764,59.4575478040538,59.54503542084642,845500
2015-08-14,59.45758056640625,59.54506823140637,59.42841615722545,59.45758056640625,2279800
2015-08-17,59.566925048828125,59.62525385240473,59.53776620958069,59.59608945061643,821900
2015-08-18,59.45758056640625,59.53778130101788,59.43570308761394,59.49403190597554,1083900
2015-08-19,59.668975830078125,59.69085329531606,59.36275806721304,59.39921494673744,1356600
2015-08-20,59.72005081176758,59.76379464142948,59.669008927106134,59.69088640447901,1536900
2015-08-21,59.814815521240234,59.85126684903392,59.690870994168826,59.76377921229668,3459200
2015-08-24,59.800235748291016,60.09916669995274,59.7346200150234,60.00438656438586,4751800
2015-08-25,59.60337448120117,59.7273190013818,59.49400937881938,59.7273190013818,5325500
2015-08-26,59.348175048828125,59.596064014415894,59.31171817151769,59.45024763025115,2742500
2015-08-27,59.428428649902344,59.50862940137328,59.311770988656086,59.32635597758359,2671000
2015-08-28,59.45758056640625,59.596104556837204,59.42841615722545,59.55965321726791,2723900
2015-08-31,59.37738037109375,59.566940688677235,59.37008787809675,59.55236126522556,3103700
2015-09-01,59.52204513549805,59.573186966016884,59.42706346879059,59.46359573660754,2577700
2015-09-02,59.47820281982422,59.543954204142004,59.419753428847926,59.463587685059785,1934700
2015-09-03,59.52204513549805,59.595104097090456,59.47090330497922,59.55857182927352,2503000
2015-09-04,59.668148040771484,59.69006516632872,59.529337720895604,59.624313789657,1213800
2015-09-08,59.52204513549805,59.55857182927352,59.4782108733509,59.55857182927352,1194600
2015-09-09,59.507415771484375,59.595089848858684,59.32476562415135,59.33938075740047,4265400
2015-09-10,59.38322830200195,59.492819529741794,59.38322830200195,59.492819529741794,1889000
2015-09-11,59.507415771484375,59.565865156400584,59.485498645650836,59.536640463942476,1411500
2015-09-14,59.52204513549805,59.587796528718776,59.500128004424475,59.58049453438856,905900
2015-09-15,59.27364730834961,59.47091266714909,59.222505469779804,59.463605097627024,1697300
2015-09-16,59.2370719909668,59.280906224038304,59.178622630846284,59.22976442744229,1579000
2015-09-17,59.57316970825195,59.57316970825195,59.19325429956287,59.20786943207237,1833200
2015-09-18,59.74123001098633,59.74853758033544,59.60972163291345,59.63894633626767,1639800
2015-09-21,59.52204513549805,59.668163058682865,59.4782108733509,59.63163636490739,933800
2015-09-22,59.631622314453125,59.74851551065021,59.602397621893815,59.61700718115339,1444000
2015-09-23,59.631622314453125,59.69006612553159,59.580480495984375,59.660847007012435,709000
2015-09-24,59.65351486206055,59.80694025425284,59.638899734782505,59.79232512697479,1454400
2015-09-25,59.543968200683594,59.638944302814835,59.543968200683594,59.61702716955701,1134000
2015-09-28,59.69738006591797,59.74121432241693,59.573179289810426,59.63893067455886,1305000
2015-09-29,59.74123001098633,59.821596551699876,59.690088173627,59.704703312325215,1256600
2015-09-30,59.85809326171875,59.865400826726315,59.726584961777135,59.75580964776849,4432000
2015-10-01,59.89031219482422,60.00012320182435,59.88299555685208,59.94887880992027,2023700
2015-10-02,60.117286682128906,60.278336576851174,60.02943671528005,60.153886646065615,1770400
2015-10-05,59.88298797607422,60.0440377693708,59.88298797607421,60.0440377693708,4199900
2015-10-06,59.96352767944336,60.02208871363926,59.882999974051216,59.95620545571128,1925300
2015-10-07,59.96352767944336,60.00744985139534,59.882999974051216,59.93424436973528,1871000
2015-10-08,59.86837387084961,60.00746823827779,59.839090552168834,59.970862693621335,1118100
2015-10-09,59.861061096191406,59.91230551566812,59.79517780767397,59.79517780767397,1197400
2015-10-12,59.96352767944336,60.00744985139534,59.882999974051216,59.91227769853905,864100
2015-10-13,60.00011444091797,60.02939774419019,59.926908975346905,59.98547558189136,971700
2015-10-14,60.21976089477539,60.21976089477539,60.058705453938416,60.08798876911071,786300
2015-10-15,60.10262680053711,60.19047674483562,60.07334348577094,60.139232340300126,2264300
2015-10-16,60.08063888549805,60.13920548888112,60.058677805534074,60.073316663770484,1241200
2015-10-19,60.08063888549805,60.117244408917145,60.01475564560613,60.08796110722561,840100
2015-10-20,59.98548889160156,60.01477220137123,59.95620558183189,59.98548889160156,1348200
2015-10-21,60.09530258178711,60.16119143413033,60.05138040370564,60.09530258178711,943500
2015-10-22,60.19772720336914,60.24164933054476,60.09523293126846,60.09523293126846,1101300
2015-10-23,60.044036865234375,60.087964612943914,60.02939800614389,60.087964612943914,1367100
2015-10-26,60.10994338989258,60.175826653023634,60.10994338989258,60.13190447760293,1512200
2015-10-27,60.12456130981445,60.2343722953359,60.12456130981445,60.21973343703512,929400
2015-10-28,59.9561767578125,60.16115424243672,59.948854537585184,60.16115424243672,2617300
2015-10-29,59.7438850402832,59.88297931711021,59.71460174067656,59.88297931711021,943200
2015-10-30,59.875648498535156,59.87564849853515,59.72923202152542,59.74387646183515,1474100
2015-11-02,59.757564544677734,59.81625242384141,59.72088881778859,59.74289537327892,2939200
2015-11-03,59.65485382080078,59.742885625182375,59.61084071700163,59.71354169038851,3997100
2015-11-04,59.691532135009766,59.74288261911941,59.588831166790456,59.70620130327695,3594400
2015-11-05,59.581504821777344,59.69154319290642,59.50081038940162,59.67686842513772,1715400
2015-11-06,59.34675216674805,59.4347783762243,59.29540167895909,59.40544003758782,1198700
2015-11-09,59.29541015625,59.36876720689566,59.23672227701979,59.251391448435236,2358300
2015-11-10,59.36146926879883,59.449501146141785,59.30278135057019,59.36880665777439,1421000
2015-11-11,59.368797302246094,59.398141256736295,59.324784168904316,59.368797302246094,1303500
2015-11-12,59.3760986328125,59.464124846040484,59.3760986328125,59.44945567609704,1263900
2015-11-13,59.48617172241211,59.50818388742383,59.4274894060765,59.4274894060765,1583300
2015-11-16,59.48617172241211,59.56686620375944,59.45683336263803,59.50818388742383,949100
2015-11-17,59.55217742919922,59.59619055116598,59.39078851960694,59.4421390274967,1155900
2015-11-18,59.522796630859375,59.55947794097881,59.47144615476144,59.51545924947906,944100
2015-11-19,59.60353088378906,59.6402122184319,59.588861708003456,59.62553744586042,1085500
2015-11-20,59.58885192871094,59.65487160409032,59.566839773466185,59.65487160409032,1273800
2015-11-23,59.61090087890625,59.647576636825875,59.53020637597856,59.57421952419769,1647300
2015-11-24,59.63283920288086,59.676852300726736,59.603495272056094,59.63283920288086,1361900
2015-11-25,59.64020919799805,59.68422231991174,59.61819704025561,59.66221575895489,904600
2015-11-27,59.66953659057617,59.706217916625285,59.64753003366054,59.69154874427638,516000
2015-11-30,59.64020919799805,59.69889149495444,59.61086525112706,59.66221575895489,6285200
2015-12-01,59.865867614746094,59.87321449349337,59.64533786963128,59.667389722481886,1780200
2015-12-02,59.792354583740234,59.843816385333604,59.74825087757956,59.836463898205345,1413700
2015-12-03,59.32925033569336,59.65269247781488,59.30719848205864,59.65269247781488,2510600
2015-12-04,59.564483642578125,59.57183613040814,59.38806319279273,59.446871878822854,3815200
2015-12-07,59.667415618896484,59.755628676888875,59.57185567896818,59.58655505114683,1543300
2015-12-08,59.682098388671875,59.74090146380973,59.62328970522928,59.72620209710145,1687300
2015-12-09,59.660057067871094,59.73356513100035,59.520387822111516,59.62330023215361,2076900
2015-12-10,59.6526985168457,59.704154716637504,59.63799354073082,59.704154716637504,2004100
2015-12-11,59.81441116333008,59.8511623818207,59.74089750974012,59.814411163330085,1994400
2015-12-14,59.535057067871094,59.73353490703056,59.52771019108955,59.68942560482685,2974600
2015-12-15,59.468929290771484,59.513033005262635,59.41012059924629,59.454224313737434,1806300
2015-12-16,59.402767181396484,59.54243641950739,59.314559753794164,59.44687650350306,2332700
2015-12-17,59.5277214050293,59.55712013429944,59.46156024341162,59.4836120945162,2290500
2015-12-18,59.660057067871094,59.667403948370016,59.55713904952328,59.608595254544326,3211500
2015-12-21,59.593902587890625,59.71151998877068,59.571850727302206,59.68211563855067,3158300
2015-12-22,59.51299285888672,59.57180151074068,59.49829350007409,59.5644490271835,2348600
2015-12-23,59.52042007446289,59.52042007446289,59.40984100500109,59.43196131832154,2538600
2015-12-24,59.56465148925781,59.58676617696119,59.49092836453354,59.52778992689568,1361700
2015-12-28,59.56465148925781,59.623622115038565,59.498301801862915,59.498301801862915,1580600
2015-12-29,59.380306243896484,59.51299988561448,59.35081814303914,59.51299988561448,2586600
2015-12-30,59.41717529296875,59.45403683326309,59.32134316219744,59.36557251112552,2367200
2015-12-31,59.535125732421875,59.57198164720284,59.44666141324137,59.51301105869705,2419700
2016-01-04,59.505653381347656,59.660461762691256,59.490906512105774,59.557256175128856,2750500
2016-01-05,59.579376220703125,59.63835245441694,59.4909118701324,59.53514685755937,1513600
2016-01-06,59.844749450683594,59.844749450683594,59.697314525659436,59.734170444774534,2391100
2016-01-07,59.85211181640625,59.8594796242977,59.689930054301094,59.800509039761955,2792900
2016-01-08,59.92584228515625,59.94795696219703,59.78577516485523,59.81526327567029,1405100
2016-01-11,59.675174713134766,59.829988645357254,59.675174713134766,59.79312711401285,2146900
2016-01-12,59.830039978027344,59.95536029327195,59.712087475948984,59.77106372698816,1645300
2016-01-13,59.97744369506836,60.04378772466649,59.83000876866233,59.859491254518,2887800
2016-01-14,59.90373229980469,60.05854067549688,59.8742441866801,59.96270290177136,4545800
2016-01-15,60.00693130493164,60.095390010325005,59.97744319503989,60.08064876752007,1773900
2016-01-19,59.93324661254883,60.006964115444404,59.881643798093435,60.006964115444404,3856700
2016-01-20,59.999549865722656,60.16173163634663,59.933205845529834,60.10275542443225,7796900
2016-01-21,59.96270751953125,60.12488934206492,59.95533970889457,60.102774661589045,3062600
2016-01-22,59.940608978271484,59.95535585208133,59.85951804517064,59.94798241517641,3004100
2016-01-25,59.940608978271484,60.02907334827726,59.933241165651005,60.00695866184693,2164700
2016-01-26,60.02906799316406,60.058556113868725,59.947977067297224,60.0143267449537,2659100
2016-01-27,60.02906799316406,60.08067079832624,59.896374262135055,59.97009175175474,1734400
2016-01-28,60.07329177856445,60.10277989652834,59.984833048956204,60.0143211669201,1487600
2016-01-29,60.2502326965332,60.30183550735687,60.19125644865343,60.272347383416985,3634300
2016-02-01,60.127559661865234,60.30486014080292,60.08323595120096,60.22359624706469,2255300
2016-02-02,60.33444595336914,60.37138615774559,60.26796034903215,60.33444595336913,2554600
2016-02-03,60.37875747680664,60.52650697806727,60.2531642008247,60.3270445877372,3238200
2016-02-04,60.42306900024414,60.47478187887253,60.349194264529466,60.38612881424628,1179000
2016-02-05,60.36399459838867,60.430485836375574,60.28273066100671,60.35660543054932,2360200
2016-02-08,60.62252426147461,60.681626297647746,60.46738564373043,60.51909851631183,2519500
2016-02-09,60.61514663696289,60.74073424885043,60.55604459503431,60.73334508453912,2354500
2016-02-10,60.740760803222656,60.74814997076433,60.51913086723976,60.65210770157282,2553900
2016-02-11,60.77769470214844,61.006713803162604,60.74076013741175,60.947611736043896,1887700
2016-02-12,60.57821273803711,60.72596222190996,60.496948831022586,60.69641683416061,1474600
2016-02-16,60.48957824707031,60.52651844752654,60.430481817136915,60.496967414418215,1488800
2016-02-17,60.474796295166016,60.48956899131812,60.32704678851537,60.43785610036216,2158200
2016-02-18,60.68165588378906,60.68904505098349,60.474804292610266,60.474804292610266,1819100
2016-02-19,60.600399017333984,60.68905212515144,60.578237149450565,60.622560885217396,1862600
2016-02-22,60.61514663696289,60.64469202164624,60.55604459503431,60.61514663696289,1596900
2016-02-23,60.65214538574219,60.74818771460637,60.504395760809935,60.53394681305377,2243700
2016-02-24,60.6964111328125,60.94019719467518,60.659470947173396,60.755507539041666,2434300
2016-02-25,60.78508758544922,60.866351523634336,60.74815301845469,60.755536550083384,2407600
2016-02-26,60.7259635925293,60.73335275777417,60.600375964774635,60.66686717941523,1628400
2016-02-29,60.762901306152344,60.81461418819569,60.674248235671726,60.674248235671726,1827800
2016-03-01,60.5593147277832,60.82580282111018,60.50009954407334,60.82580282111018,2546300
2016-03-02,60.522335052490234,60.559343854157326,60.440907782165766,60.514931033112,2137300
2016-03-03,60.55193328857422,60.65556694855183,60.507514828861744,60.53712525279976,2750500
2016-03-04,60.522335052490234,60.603762322814696,60.440907782165766,60.58895428405823,1147700
2016-03-07,60.50752639770508,60.537136827304515,60.455709557809065,60.4853199874085,1303200
2016-03-08,60.707435607910156,60.79626130794883,60.7000315837017,60.7518484579295,1713100
2016-03-09,60.603763580322266,60.699993243787894,60.58155152172667,60.61856597177384,2010000
2016-03-10,60.57413101196289,60.71477344599524,60.522314189401484,60.67036064025977,1785600
2016-03-11,60.49267578125,60.6259197844178,60.49267578125,60.6259197844178,1422300
2016-03-14,60.62596130371094,60.67777813778443,60.551938061836154,60.57414446963745,1534200
2016-03-15,60.566715240478516,60.707363294824276,60.544508841920546,60.685156896266314,1870200
2016-03-16,60.80363464355469,60.803634643554695,60.4853295346333,60.522343989378086,1402900
2016-03-17,60.936859130859375,60.95166151941799,60.83322546811594,60.85543187475939,1571000
2016-03-18,60.98869323730469,61.04051008335355,60.93687639125583,60.98869323730469,1219400
2016-03-21,60.87764358520508,60.92206204997285,60.85543717662696,60.92206204997285,1613600
2016-03-22,60.862850189208984,61.010896700014655,60.840643777349364,60.98869028815504,2150200
2016-03-23,60.99610900878906,61.003513030397514,60.870268879513986,60.89987367072034,1234500
2016-03-24,60.92205810546875,61.08490697370153,60.8554332364366,61.08490697370153,1752300
2016-03-28,60.951656341552734,61.02568522089016,60.90724353203873,60.91464754949459,2369600
2016-03-29,61.20337677001953,61.24778960468742,61.01091174043574,61.033118157769685,1841800
2016-03-30,61.18115234375,61.24777157614218,61.09972507241817,61.16634430481034,1624300
2016-03-31,61.299591064453125,61.381018339301434,61.210765417427595,61.23297182918398,3037600
2016-04-01,61.368595123291016,61.413100934149504,61.22023298803475,61.30925026918851,3027400
2016-04-04,61.368595123291016,61.46502626663,61.34633655842499,61.39826189090549,1452400
2016-04-05,61.47985076904297,61.561448516787095,61.479850769042976,61.539195614572506,2149200
2016-04-06,61.45018005371094,61.50952490088941,61.420513289557825,61.49469151881285,1833100
2016-04-07,61.65043258666992,61.68010499345626,61.56883488286571,61.628179696438394,1533400
2016-04-08,61.5984992980957,61.620752185440224,61.54657400781442,61.613332669847985,1402100
2016-04-11,61.591129302978516,61.62080172977249,61.51695106571196,61.56145687618455,1214400
2016-04-12,61.49464797973633,61.55399278489784,61.43530317457481,61.50948135131065,2388000
2016-04-13,61.53179931640625,61.56889127371987,61.42053476334157,61.47246010791779,1749400
2016-04-14,61.47985076904297,61.55403465567287,61.45759786682839,61.53177609402233,1617200
2016-04-15,61.62081527709961,61.67274062054566,61.53921750033612,61.561470410464715,1181000
2016-04-18,61.5984992980957,61.598499298095696,61.53915449222218,61.58366026691123,1395400
2016-04-19,61.63562774658203,61.63562774658203,61.52436323369922,61.59854146209978,1163600
2016-04-20,61.46502685546875,61.680147709073616,61.46502685546875,61.650475281738096,2388600
2016-04-21,61.39079666137695,61.464974837219806,61.33145185692985,61.42046906360051,1683900
2016-04-22,61.368595123291016,61.479859650437234,61.353756080047,61.435353839578745,5115300
2016-04-25,61.29439163208008,61.398242263843336,61.28697777226483,61.36115598646216,2483300
2016-04-26,61.20536804199219,61.32405202955774,61.153442736288405,61.32405202955774,1689600
2016-04-27,61.39079666137695,61.42788291958236,61.235020794277354,61.27952656789665,1456400
2016-04-28,61.50209426879883,61.5466000623285,61.375985088073776,61.40565750357175,1625800
2016-04-29,61.546607971191406,61.55402749087797,61.4353378136342,61.472429752631705,2856900
2016-05-02,61.43806838989258,61.5272562424162,61.415765756119974,61.5272562424162,2443700
2016-05-03,61.60902786254883,61.66105601046234,61.57186246947797,61.6536217977196,1765500
2016-05-04,61.6313591003418,61.69825571093873,61.56446816039083,61.64622753409488,2868300
2016-05-05,61.74284362792969,61.765140605731055,61.594193328823565,61.661084262227696,1270700
2016-05-06,61.71311569213867,61.765143866637196,61.66852173418157,61.742846887658644,1520600
2016-05-09,61.75770950317383,61.79487491514681,61.71311554532282,61.7725779362213,1373200
2016-05-10,61.75770950317383,61.80974334819429,61.71311554532282,61.75770950317383,1889300
2016-05-11,61.77256774902344,61.88405829591026,61.74283655847731,61.79486472427185,2381000
2016-05-12,61.77997970581055,61.82457364024076,61.7353801007376,61.765111280571986,1653300
2016-05-13,61.84688949584961,61.869186469874336,61.757695929106234,61.809729762689884,1397400
2016-05-16,61.71311569213867,61.80230927869859,61.705681475597245,61.80230927869859,3132000
2016-05-17,61.66848373413086,61.78740277228725,61.646186768891674,61.78740277228725,1735900
2016-05-18,61.37864685058594,61.63135349494488,61.33404722402901,61.63135349494488,1685900
2016-05-19,61.44549560546875,61.46036402766319,61.38603325797415,61.41576443172145,1464000
2016-05-20,61.44549560546875,61.51982070451623,61.4083358912658,61.43806706501311,2044000
2016-05-23,61.46038818359375,61.5198448838152,61.41578857012291,61.490119369026374,1310700
2016-05-24,61.43065643310547,61.46781616157159,61.363759848836445,61.46038761826461,2656800
2016-05-25,61.408363342285156,61.46782004571678,61.38606069902369,61.44552307309941,1474800
2016-05-26,61.51239776611328,61.55699169547471,61.44550120142905,61.4826665896583,1571700
2016-05-27,61.490150451660156,61.54960718193637,61.43068805073728,61.54217863480601,2045600
2016-05-31,61.54214096069336,61.609031867798144,61.39348504938852,61.438084658101566,1361400
2016-06-01,61.56372833251953,61.65309860191799,61.519037515580386,61.62330661803853,1625600
2016-06-02,61.68292999267578,61.73506457721166,61.615902247805465,61.63079540813991,1503200
2016-06-03,62.070152282714844,62.09250052412083,61.94354065927011,61.98078204604225,1964500
2016-06-06,61.97338104248047,62.0031730387225,61.913797049996404,61.988279881722626,1603100
2016-06-07,61.98080825805664,62.040392229195305,61.96590942415186,62.025493395290525,1283100
2016-06-08,62.055320739746094,62.06277016094313,62.00318615585373,62.04042757959547,1374500
2016-06-09,62.114871978759766,62.16700653515075,62.09252940919799,62.16700653515075,1611200
2016-06-10,62.17441940307617,62.24889648524745,62.13717802087197,62.181863133727305,1575300
2016-06-13,62.18935012817383,62.24893410281281,62.17445697563437,62.234035268032784,1681500
2016-06-14,62.18192672729492,62.278752147154535,62.16703356852427,62.278752147154535,1524200
2016-06-15,62.32341003417969,62.37554459042833,62.21914092168238,62.23403407393609,1345100
2016-06-16,62.390472412109375,62.49474726479107,62.330894087747346,62.42771383679881,1111400
2016-06-17,62.30112075805664,62.36814852389562,62.25642989858534,62.34580593528263,1860800
2016-06-20,62.15958786010742,62.211722442282564,62.14469470044736,62.17448670201077,2347500
2016-06-21,62.07762908935547,62.189347616731794,62.06273593741745,62.174454464793776,1785100
2016-06-22,62.09994888305664,62.129740858246734,62.055263761390634,62.09994888305664,1337700
2016-06-23,61.988250732421875,62.09251982911644,61.980801316303804,62.018037032414945,1152800
2016-06-24,62.338321685791016,62.502174820408676,62.31597910965991,62.44259082923095,2030400
2016-06-27,62.651153564453125,62.68838930841093,62.56922697260456,62.68094556896568,2465500
2016-06-28,62.725582122802734,62.74792468831088,62.651105010362414,62.74792468831088,2971800
2016-06-29,62.70323181152344,62.807500892507335,62.65854100378837,62.8000514775117,2425700
2016-06-30,62.785221099853516,62.86714769999612,62.70329449971091,62.71818766235301,3362300
2016-07-01,62.959800720214844,63.04188696273446,62.862786600882465,63.01203690242579,2531600
2016-07-05,63.176231384277344,63.2135397026656,63.04936716046449,63.13145343156504,3193800
2016-07-06,63.288177490234375,63.28817749023437,63.15385498592831,63.23594127707758,1936800
2016-07-07,63.18367385864258,63.258296170109055,63.11651548631797,63.18367385864258,2032500
2016-07-08,63.34785842895508,63.37024455732831,63.19114983702398,63.280700043835395,1748000
2016-07-11,63.161285400390625,63.3105300178082,63.13889927710971,63.28814389452728,2617100
2016-07-12,62.907596588134766,63.07922740570589,62.85536037931054,63.07922740570589,1775400
2016-07-13,63.01950454711914,63.079204676640984,63.00458236139754,63.064282490919375,1352500
2016-07-14,62.922515869140625,62.974752075548984,62.862815720868355,62.907593678732304,1621500
2016-07-15,62.72101974487305,62.87772832601973,62.68370573793989,62.87772832601973,2233900
2016-07-18,62.743385314941406,62.84039373053917,62.683685200735276,62.83292979293434,2155800
2016-07-19,62.840396881103516,62.855324757061595,62.765774581262725,62.810546822503895,1559600
2016-07-20,62.77328109741211,62.803131176258596,62.721044882760864,62.803131176258596,1688100
2016-07-21,62.847862243652344,62.85532618180057,62.64637576686693,62.72100376171585,2076000
2016-07-22,62.855308532714844,62.892616826346874,62.75083050792598,62.78814449487308,1612000
2016-07-25,62.818031311035156,62.8926536352882,62.788181242670255,62.85534531982088,1204600
2016-07-26,62.81057357788086,62.885195909508475,62.765801317568084,62.885195909508475,2385100
2016-07-27,62.99713134765625,62.99713134765625,62.83295880444506,62.84788668654729,1575400
2016-07-28,62.959800720214844,63.019495147515315,62.88517272278475,62.95233678180846,1418900
2016-07-29,63.161285400390625,63.161285400390625,63.012040782973045,63.049349090668834,2757900
2016-08-01,62.96315383911133,63.13512553966431,62.95567532053817,62.99306220896568,3705700
2016-08-02,62.9033317565918,62.9930568585339,62.843520726401515,62.94071864184379,4575700
2016-08-03,62.9033317565918,62.94071864184379,62.7911825097114,62.9033317565918,3472400
2016-08-04,63.01546096801758,63.090229003543314,62.985552612920195,63.00798245313437,1202000
2016-08-05,62.806182861328125,62.99310602460589,62.79123151822049,62.99310602460589,2018700
2016-08-08,62.81363296508789,62.85849267855627,62.71642931332019,62.77624606757114,1843100
2016-08-09,62.9930419921875,62.9930419921875,62.84350589534561,62.85097870708219,2262700
2016-08-10,63.07526397705078,63.09769381239276,62.993017444507366,63.03787711519133,1672200
2016-08-11,62.910858154296875,63.09778131394345,62.86599842140318,63.09778131394345,1760100
2016-08-12,63.0528564453125,63.157532850224946,63.037899413504306,63.112673163672824,1606000
2016-08-15,62.94816207885742,63.045359940131455,62.94068356508723,62.97059191573338,1942500
2016-08-16,62.91828536987305,62.97810210124724,62.888377004185955,62.9706235837161,2163100
2016-08-17,63.01546096801758,63.06032064844593,62.91826309227768,62.94817144737506,2024600
2016-08-18,63.08279037475586,63.11269874605921,62.985586741910325,63.04540348451703,1750900
2016-08-19,62.9556770324707,63.000542440691376,62.86595762490619,62.970634070023735,1995100
2016-08-22,63.04537582397461,63.06780566650161,62.9780862963936,63.022945981447606,1388100
2016-08-23,63.07526397705078,63.142553483076725,63.04535562845006,63.13508067425221,1668300
2016-08-24,63.067840576171875,63.1426086607933,63.04541072122937,63.1276573256447,2083300
2016-08-25,63.000526428222656,63.090245812983724,62.99304791134691,63.04538612060319,1737800
2016-08-26,62.84354019165039,63.17252092512816,62.84354019165039,63.09027431564883,2874500
2016-08-29,63.06035232543945,63.06035232543945,62.94072454939297,62.978111438154045,1446800
2016-08-30,63.00801086425781,63.07530611968009,62.97810820011239,63.07530611968009,4750700
2016-08-31,62.96315383911133,63.06783028138244,62.96315383911133,63.0304490973932,1911900
2016-09-01,63.050052642822266,63.07252679362532,62.85526714302127,62.85526714302127,3108600
2016-09-02,62.96015930175781,63.02758176378116,62.88524354983005,63.02758176378116,1797500
2016-09-06,63.147491455078125,63.19243979150561,62.945212509736216,63.00514743544561,4316100
2016-09-07,63.15494918823242,63.2298649453308,63.13996260738921,63.2298649453308,1849500
2016-09-08,62.915225982666016,63.087531681579435,62.83281692120069,63.05756423052778,3475600
2016-09-09,62.63800048828125,62.78783195401739,62.60803305199321,62.71291622114932,2888900
2016-09-12,62.66048049926758,62.690447938359455,62.563090608997406,62.59305804808929,3191000
2016-09-13,62.480690002441406,62.757878848921656,62.398280962756644,62.757878848921656,2669800
2016-09-14,62.563106536865234,62.63052900520854,62.48069748730829,62.49567835281591,2124500
2016-09-15,62.615570068359375,62.638044232344505,62.48071936874055,62.53316098994187,1817200
2016-09-16,62.66799545288086,62.69796290233276,62.59307968710437,62.66799545288086,1307800
2016-09-19,62.623016357421875,62.68295123233813,62.600542208254346,62.6604770831706,1558100
2016-09-20,62.63800048828125,62.75037694543538,62.63800048828125,62.675461212567306,1260900
2016-09-21,62.817806243896484,62.817806243896484,62.578072443140634,62.59305902077175,1979800
2016-09-22,62.945152282714844,63.005087151077504,62.86274898334574,62.88522313005583,1473900
2016-09-23,62.9301872253418,62.99012210875419,62.91520636234123,62.95266137769518,1441500
2016-09-26,63.035099029541016,63.057573192097,62.96767654187305,62.990150704429034,1709200
2016-09-27,63.109989166259766,63.13246331968375,63.02758012656824,63.12497574567932,2458100
2016-09-28,63.109989166259766,63.154943188813085,63.06504085941179,63.109989166259766,2284600
2016-09-29,63.11745834350586,63.16240663318246,63.01257519045837,63.03504933529666,2886200
2016-09-30,63.035099029541016,63.13998226527408,62.94519666360939,63.11750810271809,1663600
2016-10-03,62.968265533447266,63.05834021298591,62.93073298530712,63.01330000988518,1509200
2016-10-04,62.758079528808594,62.93822311105045,62.75057187593899,62.93071545818084,1815500
2016-10-05,62.65300750732422,62.80312623400937,62.630490270987686,62.79562430633875,2666100
2016-10-06,62.6305046081543,62.72057357411873,62.58546439850842,62.64551419359382,1148500
2016-10-07,62.68304443359375,62.698054018479276,62.53291995142126,62.69054636270479,1783300
2016-10-10,62.61550521850586,62.62301287646656,62.532938160933426,62.58548031332815,1425500
2016-10-11,62.51790237426758,62.622986635022656,62.51039471945287,62.58545408761182,1476700
2016-10-12,62.55540084838867,62.57041615121399,62.472839589489894,62.52538169605827,1286400
2016-10-13,62.6305046081543,62.70556398867921,62.6229969521027,62.690548676576036,1625500
2016-10-14,62.502925872802734,62.6455427695197,62.495423939992776,62.555468035803784,1379900
2016-10-17,62.63799285888672,62.65300816771091,62.510391367193144,62.54792391259121,1008900
2016-10-18,62.72057342529297,62.72808108132674,62.57796232063311,62.58546425000325,1167300
2016-10-19,62.765586853027344,62.765586853027344,62.675512199047446,62.68301985187774,1546400
2016-10-20,62.72805404663086,62.81062104742651,62.6980291620996,62.773088510097146,1283200
2016-10-21,62.78061294555664,62.788120600361715,62.698045922688976,62.75058805299906,1018800
2016-10-24,62.690555572509766,62.788137931923465,62.63801342769635,62.788137931923465,1453900
2016-10-25,62.690555572509766,62.75060537420062,62.64552108457377,62.66053639832863,1462100
2016-10-26,62.57795715332031,62.6380012166415,62.5554341870788,62.592966737484815,1144500
2016-10-27,62.40531921386719,62.45035369574814,62.31524452344176,62.42783645480767,1848200
2016-10-28,62.37527847290039,62.43532825126389,62.352761237679594,62.36777081893944,1574400
2016-10-31,62.44283676147461,62.48787123253374,62.405304217817246,62.45784634294028,1664700
2016-11-01,62.42256164550781,62.47520694990939,62.29470958309079,62.339832490318486,1623500
2016-11-02,62.48270797729492,62.572953760885234,62.42254029629747,62.46766318809262,3138400
2016-11-03,62.445091247558594,62.520297967213104,62.43005219878966,62.467652689664455,2335700
2016-11-04,62.557884216308594,62.60300708610901,62.48267752067354,62.48267752067354,1047000
2016-11-07,62.47520446777344,62.542894563833485,62.467682070898405,62.542894563833485,1290000
2016-11-08,62.36237335205078,62.52030921310555,62.34733430057668,62.51279255632147,2509100
2016-11-09,61.745628356933594,62.12918990322101,61.68546071479004,62.04646082974917,3448800
2016-11-10,61.48244857788086,61.74567503888987,61.47492618245017,61.66294590287182,2836000
2016-11-11,61.369606018066406,61.54258660215703,61.347044580555405,61.45985750601418,1580900
2016-11-14,61.13645935058594,61.294395140313185,61.07629169605079,61.2492722683635,2079400
2016-11-15,61.21920394897461,61.316972108933065,61.19664250728456,61.24176539066465,2098100
2016-11-16,61.34705352783203,61.354575920734064,61.234240585919835,61.271846812525425,1629100
2016-11-17,61.09890365600586,61.279406768873166,61.08386459888764,61.249322916728616,1762200
2016-11-18,60.948455810546875,61.181598360989625,60.9183719753438,61.12895308386046,1561600
2016-11-21,60.940921783447266,61.03117327182718,60.918360345828226,60.99356705052627,2074000
2016-11-22,60.993568420410156,61.08381991081708,60.9710069822844,61.06125847269132,1866900
2016-11-23,60.83565139770508,60.91838052164346,60.692754594919556,60.83565139770508,1642900
2016-11-25,60.85822677612305,60.91087207269087,60.783020029298584,60.85071011797549,942700
2016-11-28,61.0010986328125,61.023660073830655,60.918369523809524,60.92589191678379,1352600
2016-11-29,61.04623031616211,61.09887559876278,60.918378306689824,60.92590070074862,1583600
2016-11-30,60.83565139770508,60.94846436106703,60.7679670624313,60.865735237128646,2372200
2016-12-01,60.60958480834961,60.677403292163184,60.489010949199184,60.64726557665362,2998200
2016-12-02,60.828128814697266,60.94116538556668,60.74523571267828,60.75277301721059,1951400
2016-12-05,60.90346908569336,60.971293310635694,60.692470606810275,60.73768292392026,2479500
2016-12-06,60.89593505859375,60.94868468115185,60.8657915958066,60.9260785213809,2337800
2016-12-07,61.03910827636719,61.084320590877326,60.963752502424605,60.986358659679674,4273100
2016-12-08,60.91856384277344,60.96378192838644,60.87335150644023,60.95624462257097,2323000
2016-12-09,60.73769760131836,60.926089967171876,60.68494796885052,60.88841494356842,2697000
2016-12-12,60.66986083984375,60.73014200931265,60.60957392109783,60.66232353768125,3464800
2016-12-13,60.73769760131836,60.81305339780402,60.64727294524707,60.775378374200564,4372500
2016-12-14,60.4286994934082,60.87330244039844,60.42116219366806,60.858233590193336,2971300
2016-12-15,60.33827209472656,60.48145205041443,60.330734794617875,60.436233999037746,2651200
2016-12-16,60.39104461669922,60.48900655818917,60.30815153187018,60.39858191966849,3080100
2016-12-19,60.549259185791016,60.58693993001579,60.46636614791601,60.541721887091185,2936800
2016-12-20,60.55681610107422,60.56435340221566,60.43624227991614,60.458854183340456,5853400
2016-12-21,60.64725112915039,60.66231998331544,60.579426912215986,60.61710767154362,2752300
2016-12-22,60.6057243347168,60.65105212630938,60.56794733241545,60.56794733241545,2851500
2016-12-23,60.63591384887695,60.7114620509756,60.635913848876946,60.7114620509756,2096800
2016-12-27,60.5905876159668,60.59058761596679,60.5301525053821,60.537703291730786,2178300
2016-12-28,60.741668701171875,60.79455300703631,60.57545923589591,60.620786994077704,4097100
2016-12-29,60.907901763916016,60.93056565178755,60.80213311120933,60.847460886952405,3115800
2016-12-30,61.03636169433594,61.06658214637906,60.907929096124064,60.915479886163446,2338200
2017-01-03,61.04386520385742,61.074079865683444,60.81721489246425,60.85499186568207,3312600
2017-01-04,61.08921432495117,61.10432166114759,61.00610956597369,61.07410122479588,3095000
2017-01-05,61.39900207519531,61.4065586299946,61.11947295120899,61.17991386167832,3890400
2017-01-06,61.15721130371094,61.2932003971436,61.157211303710945,61.27053650889805,2287900
2017-01-09,61.308311462402344,61.33097534989516,61.26297792345752,61.32341879941116,1785900
2017-01-10,61.293216705322266,61.33099370508902,61.240332364025356,61.3007732580678,2250700
2017-01-11,61.32341384887695,61.51984379788923,61.2403090921394,61.30074996321375,2327600
2017-01-12,61.33850860595703,61.51226885338613,61.30828817945697,61.4744976432288,2981200
2017-01-13,61.24032974243164,61.308327186308766,61.127010275904205,61.285663293003275,2425000
2017-01-17,61.42918395996094,61.49718138253498,61.35363575129111,61.451847846166,2188600
2017-01-18,61.11188888549805,61.35364665458012,61.10433233410052,61.35364665458012,1981700
2017-01-19,61.00614929199219,61.07414099508925,60.923044478898476,61.02881319302455,2121300
2017-01-20,61.05145263671875,61.081673080643064,60.90791273302868,60.94568396496383,1836300
2017-01-23,61.21767044067383,61.33855223265054,61.05901741167521,61.05901741167521,1490200
2017-01-24,61.12700653076172,61.232775202347504,61.059009091050676,61.17233431459554,2136000
2017-01-25,60.945648193359375,61.036309471919324,60.90787698359376,60.99853249819678,1897400
2017-01-26,60.968353271484375,60.991022929411116,60.832364143728014,60.90791814222885,2381600
2017-01-27,61.03636169433594,61.074132936418444,60.998584688291565,60.998584688291565,1768700
2017-01-30,61.021217346191406,61.111878655906224,61.006110009885056,61.02877389632403,2699500
2017-01-31,61.1496696472168,61.21010477024206,61.0439009769723,61.0439009769723,2857600
2017-02-01,61.04210662841797,61.13295644488938,60.94369032586496,60.98911234612888,2313400
2017-02-02,61.08000946044922,61.20870913481911,61.072437192560386,61.163287079382215,1745400
2017-02-03,61.09516525268555,61.276865076984365,61.02703215053573,61.21629846888476,2398900
2017-02-06,61.28441619873047,61.32984403138509,61.17086105696444,61.291988466830944,3238100
2017-02-07,61.38283920288086,61.435833528418726,61.24656725493374,61.29198931226668,5239300
2017-02-08,61.54938507080078,61.58723485416249,61.38282985135654,61.38282985135654,2172700
2017-02-09,61.38283920288086,61.48882785395659,61.344983637804546,61.42826126021381,3410400
2017-02-10,61.36767578125,61.39038680292741,61.27683169454036,61.28439818446849,2011900
2017-02-13,61.299583435058594,61.329866742726615,61.23144454881794,61.30715570596318,1863000
2017-02-14,61.17084884643555,61.299548498712326,61.064860217978534,61.27683747489255,2178300
2017-02-15,61.072410583496094,61.11026613049866,61.01941628325983,61.02698854784945,1503700
2017-02-16,61.18600845336914,61.276858355553266,61.117875358692814,61.12544185191306,3290700
2017-02-17,61.329811096191406,61.36009437638243,61.29195555196635,61.322238832157375,1520000
2017-02-21,61.3222770690918,61.38284366723958,61.24657170938143,61.276855008455314,1811300
2017-02-22,61.360137939453125,61.45098206857652,61.23143246327963,61.45098206857652,1965800
2017-02-23,61.47368621826172,61.47368621826172,61.420691890223246,61.4509751885236,1590500
2017-02-24,61.7007942199707,61.715932977748984,61.564522296177046,61.59480558768089,1703800
2017-02-27,61.57209777832031,61.67808641614482,61.54181448523508,61.670514148886625,2005600
2017-02-28,61.52668380737305,61.63267824501653,61.51911731435833,61.57211164520564,1975700
2017-03-01,61.27484893798828,61.29760420782633,61.22175137929955,61.27484893798828,2954300
2017-03-02,61.16107177734375,61.229343379611976,61.09280596227586,61.221756359982095,2077300
2017-03-03,61.20655822753906,61.20655822753906,61.085189121513466,61.16862893510669,2242600
2017-03-06,61.168617248535156,61.22930178995387,61.11551972159288,61.22930178995387,1880900
2017-03-07,61.05487060546875,61.161065720969894,61.05487060546875,61.1383104515339,1644800
2017-03-08,60.91074752807617,60.94867104530402,60.84247593754712,60.86523120532369,2172700
2017-03-09,60.72111129760742,60.81971938495593,60.698350243112344,60.804551135825086,2761300
2017-03-10,60.84247970581055,60.85765374340095,60.7590398606624,60.78938214864352,3430900
2017-03-13,60.72111129760742,60.842474652251795,60.70593726127737,60.77420885036419,2164600
2017-03-14,60.71355056762695,60.789403420522895,60.69837652472674,60.70596354617685,3620700
2017-03-15,61.09279251098633,61.10037952894571,60.78178843384131,60.80454948771945,2281200
2017-03-16,61.00175476074219,61.08519458179392,60.99417353133604,61.04727107316914,2617800
2017-03-17,61.123111724853516,61.14586698294369,61.03967192039165,61.03967192039165,1293000
2017-03-20,61.244510650634766,61.252097670143115,61.1155602549941,61.130728506810556,1510900
2017-03-21,61.388614654541016,61.38861465454102,61.18381149357818,61.2141479871148,2079000
2017-03-22,61.4720458984375,61.52514343551177,61.40377432951487,61.441703621938274,1339600
2017-03-23,61.44173812866211,61.51759096891167,61.35829826822737,61.49483569555687,1790300
2017-03-24,61.42656707763672,61.494832894591724,61.388637765639174,61.39622478547878,3736700
2017-03-27,61.55549240112305,61.60858994396732,61.50997608782929,61.59341591047002,1870300
2017-03-28,61.44173812866211,61.61620486971677,61.411395835122136,61.61620486971677,1990800
2017-03-29,61.5630989074707,61.56309890747071,61.46448502011357,61.479659058414654,1356800
2017-03-30,61.46445846557617,61.52514301816298,61.4189479447348,61.51755600229026,1403500
2017-03-31,61.502403259277344,61.51757150764844,61.44930570918015,61.44930570918015,2399400
2017-04-03,61.72587585449219,61.72587585449219,61.50543139327035,61.55103979219297,2142600
2017-04-04,61.657474517822266,61.71068625949902,61.63467031419578,61.71068625949902,1983200
2017-04-05,61.71067810058594,61.756286501808916,61.589047964465856,61.62705883191441,2050500
2017-04-06,61.7335090637207,61.748715737150114,61.61948221158658,61.7107048532232,1855300
2017-04-07,61.59666061401367,61.84751845796902,61.58145974452167,61.80191004984804,1608200
2017-04-10,61.657474517822266,61.718289593922805,61.627066979771996,61.66507785224605,1481700
2017-04-11,61.85514450073242,61.88555205052459,61.74872097628339,61.7563185139961,1340500
2017-04-12,61.99953079223633,61.999530792236335,61.82469474983213,61.847498946698494,1801600
2017-04-13,62.090763092041016,62.12877395919299,61.969132956869935,62.037551357814685,1393500
2017-04-17,62.05280685424805,62.128828655479225,61.98439419271898,62.09842109491659,1494600
2017-04-18,62.27320861816406,62.31121948905346,62.121176733895744,62.121176733895744,1782800
2017-04-19,62.15918731689453,62.204801525935416,62.1211822422798,62.204801525935416,1437000
2017-04-20,62.07558822631836,62.13639751973078,62.014773133259446,62.13639751973078,1425700
2017-04-21,62.090763092041016,62.174382360060115,62.07556222496666,62.12877395919299,1241700
2017-04-24,62.007144927978516,62.02234579532351,61.90072145763112,61.93873232545983,2665700
2017-04-25,61.817081451416016,61.92350488606338,61.779070596338144,61.88549983062773,1670900
2017-04-26,61.877899169921875,61.89310003282366,61.771475730681985,61.79427992485589,1876200
2017-04-27,61.92350387573242,61.976715592187915,61.855091297279124,61.893096352094695,1543100
2017-04-28,61.9919548034668,62.02235654342521,61.847520440261086,61.877927979864666,2100000
2017-05-01,61.87617111206055,62.01328460735783,61.80761145860307,61.959957203769996,1478100
2017-05-02,61.982852935791016,61.99046615966304,61.85335257888986,61.88382290924182,1664300
2017-05-03,61.914268493652344,62.04376298717577,61.868565922201476,62.00567944817303,2948400
2017-05-04,61.84564971923828,61.85326293207613,61.76947109795696,61.807560408597624,1216100
2017-05-05,61.88378143310547,61.88378143310547,61.777138254159304,61.85331112317551,1658900
2017-05-08,61.77714538574219,61.8609372948182,61.746675072294714,61.84570504390349,1832300
2017-05-09,61.74666213989258,61.777132446958255,61.70095958510248,61.73904892183879,2532200
2017-05-10,61.7390251159668,61.85328145888607,61.70855482065012,61.80757892171836,1845500
2017-05-11,61.78473663330078,61.78473663330078,61.64762319025415,61.700944761904765,1421500
2017-05-12,61.967567443847656,61.990418721219264,61.891394582070006,61.921864889104434,1510300
2017-05-15,61.95234680175781,61.998049365062556,61.92949552010544,61.92949552010544,1823500
2017-05-16,62.0133056640625,62.08947856251058,61.97521630902865,61.97521630902865,1760600
2017-05-17,62.34843444824219,62.36367250680623,62.180850673736934,62.180850673736934,1987100
2017-05-18,62.29512023925781,62.37891213642739,62.264649930140045,62.363679887677115,1881800
2017-05-19,62.33319854736328,62.33319854736328,62.234168607351684,62.31796048969248,1394700
2017-05-22,62.2798957824707,62.310366095400674,62.26465772019674,62.310366095400674,1570700
2017-05-23,62.150390625,62.340825707162566,62.142777406078096,62.340825707162566,1679500
2017-05-24,62.2798957824707,62.28750900198973,62.14278228009479,62.18086581254379,1568700
2017-05-25,62.2798957824707,62.30274706426369,62.22657418774773,62.28750900198973,1108400
2017-05-26,62.31034851074219,62.317961728112685,62.25702693106715,62.28749142378176,952700
2017-05-30,62.401756286621094,62.401756286621094,62.32558342833722,62.36367276328744,1283300
2017-05-31,62.4322395324707,62.47032887531562,62.386536970351,62.40176922051831,2290100
2017-06-01,62.44906234741211,62.45669740483424,62.35746495371631,62.37272924471814,1710900
2017-06-02,62.655120849609375,62.67802018075285,62.57115275285794,62.58641703234092,1795200
2017-06-05,62.5558967590332,62.6017012554894,62.54063247610737,62.578801919180975,1916200
2017-06-06,62.67039108276367,62.708560520854235,62.63222746851169,62.6780261351495,3262500
2017-06-07,62.58642578125,62.67039388973928,62.57116149963325,62.65512960812252,1743500
2017-06-08,62.540645599365234,62.57117999546346,62.44904241107057,62.57117999546346,1827800
2017-06-09,62.48722839355469,62.52539785473559,62.418524528197494,62.4414296992113,1404500
2017-06-12,62.4719352722168,62.55590339681709,62.418501540547524,62.43377164893301,2053900
2017-06-13,62.48722839355469,62.51012774072639,62.4337946422067,62.449058932373795,1515100
2017-06-14,62.71619415283203,62.84596092125925,62.65512538280566,62.754357766219684,2472800
2017-06-15,62.64751052856445,62.69330920893081,62.61697613370678,62.69330920893081,2063400
2017-06-16,62.71619415283203,62.72382338120649,62.647490330592746,62.65512538280566,1376200
2017-06-19,62.624603271484375,62.700936337058515,62.601703934196095,62.67040194606094,1776500
2017-06-20,62.71619415283203,62.754357766219684,62.65512538280566,62.678024715605936,1864100
2017-06-21,62.74674987792969,62.76965504448438,62.67041679427031,62.70858624802049,1249600
2017-06-22,62.7696418762207,62.80017044420717,62.716208146484746,62.77727110629744,1195100
2017-06-23,62.784934997558594,62.80783434598607,62.73913630070363,62.769670706554415,1356000
2017-06-26,62.853633880615234,62.89180334439808,62.83073453188253,62.861268938140306,4665500
2017-06-27,62.63987731933594,62.739115561507155,62.62461303337756,62.739115561507155,2374200
2017-06-28,62.63987731933594,62.670411715093195,62.555909186963596,62.655147429134814,1604300
2017-06-29,62.51009750366211,62.57116628247483,62.43376444206586,62.471928060944336,1548100
2017-06-30,62.464290618896484,62.51772433737252,62.41085690042045,62.494825004288295,1978100
2017-07-03,62.47116470336914,62.60147125074894,62.41750872220903,62.59381028777131,1092500
2017-07-05,62.509517669677734,62.53251226384515,62.43286122503213,62.463522633277236,1917100
2017-07-06,62.363853454589844,62.417509436363865,62.31786428394451,62.40218166216989,1827500
2017-07-07,62.348533630371094,62.38686184643336,62.32553903995961,62.363867256021884,2441500
2017-07-10,62.379215240478516,62.43287125150799,62.36388745792721,62.40221568640538,2228800
2017-07-11,62.44050216674805,62.47116356228853,62.37151841282937,62.409840771207556,1931500
2017-07-12,62.58617401123047,62.63983001856824,62.55551260017086,62.62449638900534,1378800
2017-07-13,62.56319808959961,62.586192692741484,62.47121382896416,62.578525875671545,1321400
2017-07-14,62.58617401123047,62.73947521846233,62.570840381667566,62.68581921112456,1201700
2017-07-17,62.67048263549805,62.693477228549526,62.59383204263798,62.63982122874094,1432500
2017-07-18,62.816162109375,62.83149574779575,62.75484509990069,62.777839709462256,1607300
2017-07-19,62.823795318603516,62.85445673097196,62.80080072134379,62.831462133712236,1589100
2017-07-20,62.86213684082031,62.92345383045871,62.83147542196726,62.86979780948281,1646800
2017-07-21,62.93111038208008,62.97710542689094,62.900448968228424,62.900448968228424,1942000
2017-07-24,62.90045928955078,62.93112070843367,62.8544700852603,62.92345389169602,1417400
2017-07-25,62.66284942626953,62.78549511906967,62.65518260845239,62.77782830125253,1385000
2017-07-26,62.816162109375,62.854490357357314,62.6475330232337,62.670527632795256,1583000
2017-07-27,62.73945236206055,62.77778057393839,62.69346318625839,62.73945236206055,1224000
2017-07-28,62.85442352294922,62.85442352294922,62.73177793827305,62.73177793827305,1867100
2017-07-31,62.84675979614258,62.85442660757693,62.78544284885868,62.82376520990316,2561600
2017-08-01,63.10236358642578,63.1100566454451,62.92532339539127,62.933022326974715,1783600
2017-08-02,63.063865661621094,63.14083734860815,63.063865661621094,63.094655510928575,1336600
2017-08-03,63.19470977783203,63.24089748198015,63.11773810100185,63.14852794624642,1904800
2017-08-04,63.09468078613281,63.12547064777446,63.00231120120789,63.12547064777446,1046700
2017-08-07,63.117706298828125,63.12540522440075,63.04843358635311,63.086916469097154,1257900
2017-08-08,63.03306198120117,63.11003365129862,62.99457320987145,63.11003365129862,1929000
2017-08-09,63.07927703857422,63.19473754082537,63.079277038574226,63.187038607991276,1808600
2017-08-10,63.171607971191406,63.179306899315876,63.07154539581931,63.10233523575568,1376700
2017-08-11,63.22551727294922,63.2332162045502,63.07926693535124,63.09466479855322,1153400
2017-08-14,63.179351806640625,63.2255336630901,63.14086301122229,63.18704486767176,2082000
2017-08-15,63.07155227661133,63.11003517630896,63.025364575387165,63.04076243331593,1419600
2017-08-16,63.1639289855957,63.21780975435558,63.03307652897364,63.05616744807596,1594800
2017-08-17,63.2794075012207,63.2794075012207,63.125464081591005,63.15625394002995,1723600
2017-08-18,63.248565673828125,63.34863409967352,63.194684933972994,63.31784426653341,1663100
2017-08-21,63.2794075012207,63.31789629241064,63.24861764278176,63.287106433971694,1258400
2017-08-22,63.20243835449219,63.271711134365304,63.19473942142898,63.264018073867355,1157400
2017-08-23,63.38715362548828,63.38715362548828,63.27169315261491,63.29478994524046,1237800
2017-08-24,63.29478073120117,63.36405348130277,63.27938287169233,63.29478073120117,1540200
2017-08-25,63.37177276611328,63.38716475800331,63.27940319707925,63.302494121196595,1453100
2017-08-28,63.40254592895508,63.41793791679249,63.33326730227903,63.37175608071718,1408700
2017-08-29,63.47180938720703,63.56417891839261,63.417928628822665,63.51799121651871,2054300
2017-08-30,63.46409606933594,63.47179499666309,63.41791425049475,63.456403014569666,1150700
2017-08-31,63.518009185791016,63.54879903823,63.46412841216375,63.487225205915905,1696700
2017-09-01,63.413108825683594,63.505673566142576,63.36682939794061,63.49024316691291,1471200
2017-09-05,63.67536926269531,63.706218289568625,63.54423441610662,63.59822904059396,2008400
2017-09-06,63.56737518310547,63.72935904425799,63.55965998448709,63.69850413475671,1586500
2017-09-07,63.767921447753906,63.798776356374724,63.64450769824272,63.65993221006708,1899100
2017-09-08,63.698490142822266,63.76790926022244,63.67535043702222,63.76790926022244,2702200
2017-09-11,63.50566482543945,63.613654065291826,63.48252511475283,63.575083957499324,1423100
2017-09-12,63.413108825683594,63.49795836652774,63.36682939794061,63.45167893878476,1604300
2017-09-13,63.33597183227539,63.41310617027472,63.32825663298363,63.39768165666396,1594000
2017-09-14,63.374542236328125,63.389966750010096,63.312832411654675,63.312832411654675,1325200
2017-09-15,63.38222122192383,63.443931017068785,63.335941818050095,63.40536092386069,1536200
2017-09-18,63.33597183227539,63.35911154517792,63.281977207178585,63.34368703156716,1756300
2017-09-19,63.289676666259766,63.35909578770272,63.289676666259766,63.33595608055507,1220000
2017-09-20,63.23571014404297,63.35912393197491,63.16628510678994,63.351408731174814,1672500
2017-09-21,63.220252990722656,63.320527018797165,63.204828480623284,63.258823093428234,1168200
2017-09-22,63.28193664550781,63.34364643034241,63.25879694743709,63.33593123599584,1394100
2017-09-25,63.42081832885742,63.42853352777928,63.28968937204826,63.30511388491949,2626100
2017-09-26,63.38998031616211,63.38998031616211,63.32055527730356,63.38226511518359,1446500
2017-09-27,63.19709777832031,63.23566787156311,63.14310317876239,63.18938258267776,1511900
2017-09-28,63.212581634521484,63.212581634521484,63.096883016104364,63.135447260584904,1198400
2017-09-29,63.220252990722656,63.22796818825806,63.119978962648155,63.21253779318726,3001200
2017-10-02,63.195518493652344,63.22643677314015,63.1414129788134,63.18778744951569,3642600
2017-10-03,63.2264289855957,63.24188517490646,63.15686139105202,63.164592434236454,2752100
2017-10-04,63.2264289855957,63.288259639896836,63.18004862354721,63.28053449377052,2616700
2017-10-05,63.180076599121094,63.24191317786102,63.1337021135965,63.24191317786102,2859800
2017-10-06,63.110477447509766,63.164582947558486,63.009991592378405,63.064097092427126,1860000
2017-10-09,63.17236328125,63.18008843224381,63.110526690928566,63.118257738984205,987800
2017-10-10,63.2032356262207,63.2959904529223,63.16459220455527,63.187779436966146,4719400
2017-10-11,63.2341423034668,63.24960438694341,63.19549888888929,63.210955075308895,1249500
2017-10-12,63.28825378417969,63.29598482664881,63.20323000819204,63.27279759629901,1723400
2017-10-13,63.4196662902832,63.4273914367146,63.32691145958138,63.3887480133826,1772800
2017-10-16,63.357852935791016,63.39649637327282,63.31147845198865,63.3810401776922,1471500
2017-10-17,63.36558532714844,63.381041523057135,63.2960177029077,63.30374874939236,1381100
2017-10-18,63.265045166015625,63.27277620587113,63.21867072099368,63.24185794350465,1522900
2017-10-19,63.295989990234375,63.38874481625794,63.26507171489318,63.31145207643399,1515800
2017-10-20,63.14143753051758,63.187812019251965,63.10278819186484,63.18008097210919,1935600
2017-10-23,63.195518493652344,63.24189296435463,63.172331258301206,63.172331258301206,2649700
2017-10-24,63.087318420410156,63.13369289916634,63.064125283972196,63.09504356882961,2287200
2017-10-25,63.0332145690918,63.04093971771628,62.96364695205131,63.002296283413806,1576700
2017-10-26,62.95589065551758,63.07183270604207,62.94043446740788,63.064101663458395,1915600
2017-10-27,63.095054626464844,63.095054626464844,62.979118409256145,63.0100308024712,1734400
2017-10-30,63.24189758300781,63.257353775351085,63.15687378247165,63.18779206421746,1542600
2017-10-31,63.2032356262207,63.2650721773551,63.2032356262207,63.257341134198775,1977100
2017-11-01,63.24430847167969,63.29852870694794,63.14360952792263,63.19782976319088,1596000
2017-11-02,63.3062744140625,63.36049464784971,63.27529057910377,63.3062744140625,2373200
2017-11-03,63.36051559448242,63.36051559448242,63.24432765236666,63.33727327840789,1370500
2017-11-06,63.40697479248047,63.43021119400136,63.3605019894387,63.40697479248047,1336700
2017-11-07,63.43017578125,63.43017578125,63.360466615605624,63.368208138748564,2450800
2017-11-08,63.38374710083008,63.43796734835046,63.360510696116165,63.40698350554399,2312700
2017-11-09,63.3217658996582,63.35274973585141,63.2597982272718,63.32176589965821,2115800
2017-11-10,63.066165924072266,63.16686488863599,63.06616592407227,63.151370012750654,1724400
2017-11-13,63.073875427246094,63.166826897962984,63.066127993963,63.159079464679884,1698500
2017-11-14,63.15134048461914,63.15134048461914,63.08163130442051,63.104867697820055,1659300
2017-11-15,63.29852294921875,63.30627038485591,63.16684609119658,63.2365552832453,2859400
2017-11-16,63.21329879760742,63.275266443888434,63.18231497446691,63.22878775439767,1637000
2017-11-17,63.275264739990234,63.31399008570305,63.244280917684065,63.27526473999023,2257700
2017-11-20,63.23652648925781,63.28299926279614,63.205542670379195,63.24427392136727,1528300
2017-11-21,63.29079818725586,63.352765875428986,63.213341531821456,63.306293064081146,1925700
2017-11-22,63.422428131103516,63.43017556377955,63.29849875608519,63.306246188761214,1631900
2017-11-24,63.40697479248047,63.422463756973414,63.368243516903696,63.39147991842458,837000
2017-11-27,63.38374710083008,63.430219910257904,63.35276325802361,63.41473094363655,1516900
2017-11-28,63.38374710083008,63.47669271968574,63.38374710083008,63.43796734835046,1846700
2017-11-29,63.22882843017578,63.27530714956681,63.20559202526218,63.24432330649406,1837400
2017-11-30,63.135841369628906,63.26751818408562,63.09711011381931,63.252029227497744,3044100
2017-12-01,63.30506134033203,63.49910579605573,63.142064708136154,63.25849256592374,2384800
2017-12-04,63.312835693359375,63.320599131021645,63.22745564437796,63.266266910921466,1834000
2017-12-05,63.39043045043945,63.398193885425236,63.26624509949607,63.328334814084855,1763900
2017-12-06,63.46034240722656,63.530195615014144,63.44481552431549,63.452578965771025,1509300
2017-12-07,63.37493896484375,63.49136685669377,63.312843299621264,63.37493896484375,1641000
2017-12-08,63.35164260864258,63.39821138788194,63.312831344764795,63.34387917151353,1368300
2017-12-11,63.30506134033203,63.41372576179596,63.289540389451545,63.38268386003498,1780800
2017-12-12,63.29727554321289,63.29727554321289,63.22741649104811,63.289512110358096,2962800
2017-12-13,63.47581481933594,63.53014702442759,63.30505476854324,63.35162945988339,2095400
2017-12-14,63.49911117553711,63.50687461251847,63.35164140349529,63.39044674486742,1998800
2017-12-15,63.50688552856445,63.51464896688025,63.390457640900884,63.460316742206366,2781800
2017-12-18,63.40597152709961,63.483588129050666,63.37492370196576,63.483588129050666,1946900
2017-12-19,63.21193313598633,63.31283413604255,63.149837479751255,63.31283413604255,3307700
2017-12-20,63.08772659301758,63.15758566985874,63.06444220799261,63.08772659301758,2325500
2017-12-21,63.12656021118164,63.16536555938089,63.07998550286682,63.111033334487246,3103400
2017-12-22,63.15757369995117,63.18085808056317,63.118762451087726,63.13428339757401,2566700
2017-12-26,63.22065353393555,63.2517820923808,63.16618004094772,63.212875847198326,1696400
2017-12-27,63.415164947509766,63.43850986820194,63.22061602552573,63.29065672476418,1708000
2017-12-28,63.37625503540039,63.39959995473334,63.329559259572925,63.39181633590183,2235000
2017-12-29,63.4774169921875,63.4774169921875,63.39181499833185,63.422943535839494,2531500
2018-01-02,63.298439025878906,63.42295319487242,63.20505933629614,63.38404103277136,3104500
2018-01-03,63.35292053222656,63.36848183528651,63.25953490237922,63.36848183528651,2216700
2018-01-04,63.32180404663086,63.32180404663086,63.2284183990011,63.29067549742094,2152400
2018-01-05,63.236202239990234,63.314020644703184,63.189506447431505,63.30623702308277,4257400
2018-01-08,63.244014739990234,63.2907105582548,63.19732485889264,63.2907105582548,2587300
2018-01-09,63.0572509765625,63.21289381302422,63.041689661499895,63.181765245731874,2725200
2018-01-10,63.064971923828125,63.072755542207034,62.89376794245956,62.94045777841054,3411400
2018-01-11,63.064971923828125,63.12722899653692,63.002714851119336,63.04162700585264,3381600
2018-01-12,63.0572509765625,63.127291737262055,62.98721615303007,63.03390603538502,2829100
2018-01-16,63.103912353515625,63.18173670517511,63.05722249225149,63.150608151944205,4300500
2018-01-17,63.03382873535156,63.12721432270741,63.01826743937219,63.06495726447018,3674600
2018-01-18,62.90932846069336,62.956024233225584,62.878205861886755,62.89376716129006,2528400
2018-01-19,62.77705001831055,62.878219266063006,62.761488715589934,62.85486840623845,2148300
2018-01-22,62.7303466796875,62.84707720505184,62.7303466796875,62.823732287411204,5473200
2018-01-23,62.8937873840332,62.92491593000997,62.81596898767279,62.862658838056426,2442900
2018-01-24,62.82374954223633,62.83931084588369,62.7459252125112,62.815965921831264,1709700
2018-01-25,62.99492645263672,63.002710070424996,62.769254971223624,62.82372842142002,2537700
2018-01-26,62.87822341918945,62.93269688805322,62.81596632987006,62.924913267597596,1590200
2018-01-29,62.79262924194336,62.82375779048778,62.67589866919267,62.76928431482593,2219700
2018-01-30,62.67587661743164,62.738133692616074,62.636964461151,62.699221536335436,2735100
2018-01-31,62.691471099853516,62.808201693318736,62.59030775200479,62.808201693318736,3082600
2018-02-01,62.517574310302734,62.71255176618531,62.50197278169787,62.68135465921532,2814300
2018-02-02,62.33038330078125,62.47856805143528,62.29139138498316,62.42397460912679,3137600
2018-02-05,62.60334014892578,62.72812853939561,62.23678763995606,62.29138107322712,4349200
2018-02-06,62.400543212890625,62.58771977418671,62.400543212890625,62.57212420667687,3891500
2018-02-07,62.26017379760742,62.47854749499296,62.236777465778545,62.47854749499296,3797200
2018-02-08,62.213356018066406,62.299146508501394,62.09637439495974,62.15876261053824,4639800
2018-02-09,62.057373046875,62.252350341348055,62.041777481420475,62.088570128018866,3725500
2018-02-12,62.07299041748047,62.18997802530696,62.04179927561452,62.143185362271126,5336200
2018-02-13,62.127586364746094,62.14318193481891,62.02619433344477,62.09638927436389,2669400
2018-02-14,61.92481994628906,62.0340068081274,61.88582208838778,62.002809711853914,3509700
2018-02-15,61.98715591430664,62.08074116498477,61.963753651405,61.979355160006094,1981200
2018-02-16,62.11980056762695,62.1743940013868,62.07300194566278,62.14319690349003,1957800
2018-02-20,62.057373046875,62.072968612329525,61.95598699583354,62.072968612329525,2294300
2018-02-21,61.82341384887695,62.07298461212187,61.79222270992815,62.04958828279209,2330100
2018-02-22,61.90138626098633,61.97157522257209,61.87018918353684,61.89358550406543,2156000
2018-02-23,62.065162658691406,62.09635973423271,61.987172944955,61.994967751165014,1660600
2018-02-26,62.09638595581055,62.21336760069638,62.08858519607274,62.15877418300424,2715300
2018-02-27,61.96380615234375,62.12759238026814,61.87801563304512,62.104190097538115,3007200
2018-02-28,62.04179000854492,62.04958481772866,61.971595074239154,61.97939583365891,1947700
2018-03-01,62.14734649658203,62.20205343159893,61.99885965159831,62.069194584073436,2877400
2018-03-02,62.03004455566406,62.09256243044627,61.95970374795727,62.03785556338602,4448000
2018-03-05,61.99099349975586,62.131669215729595,61.94410358196595,62.10040728300166,2229100
2018-03-06,62.014434814453125,62.10822060712575,62.006617841079496,62.037879771970374,1905000
2018-03-07,61.99881362915039,62.13167237805327,61.97536866906215,62.08478245787679,2167700
2018-03-08,62.06914520263672,62.1238520941295,62.02225528495834,62.02225528495834,1479700
2018-03-09,61.99099349975586,62.0222554324838,61.920658623070985,61.95973156702792,2290800
2018-03-12,62.05350875854492,62.06132573129371,61.97535691886653,61.99880187450973,2253900
2018-03-13,62.06914520263672,62.11604108291908,62.03007225877273,62.084779150265504,2471700
2018-03-14,62.20201110839844,62.24890699408189,62.05352436444736,62.05352436444736,1733800
2018-03-15,62.209815979003906,62.23326093598164,62.131664134876964,62.162926065048445,1590100
2018-03-16,62.155113220214844,62.178558178749796,62.10822330314493,62.13948523539284,1492000
2018-03-19,62.10823440551758,62.17856929369539,62.069155492571035,62.092600455296974,1328100
2018-03-20,62.03004455566406,62.053489504032555,61.99096566664903,62.014410615017525,2234600
2018-03-21,62.03004455566406,62.06911748207778,61.85029001383677,61.96752071828054,1760300
2018-03-22,62.13166809082031,62.2488988457766,62.076961200187895,62.162930022982245,2871700
2018-03-23,62.14734649658203,62.17079743668246,62.07701156410691,62.1317184991238,2114500
2018-03-26,62.10823440551758,62.18638626880569,62.092600455296974,62.13167936824351,2303700
2018-03-27,62.31923294067383,62.35049487244423,62.13948428624881,62.13948428624881,1693500
2018-03-28,62.311458587646484,62.42087243190936,62.280196637484615,62.389610481747496,3251800
2018-03-29,62.46772003173828,62.48334801492204,62.3348613055649,62.3348613055649,2157300
2018-04-02,62.459930419921875,62.506937987379835,62.35807272034359,62.38941309117041,2336700
2018-04-03,62.38935470581055,62.43636820683674,62.32668000037384,62.42853162707255,2580800
2018-04-04,62.38935470581055,62.44419880904199,62.35018376210747,62.44419880904199,2226300
2018-04-05,62.303218841552734,62.33455920748798,62.25621128143168,62.33455920748798,1978300
2018-04-06,62.459930419921875,62.47559761655302,62.36590930744143,62.428590049095064,2155900
2018-04-09,62.522579193115234,62.522579193115234,62.35804083601354,62.41289094008842,2052000
2018-04-10,62.412906646728516,62.491254564669966,62.3893968915394,62.444241031854716,1854600
2018-04-11,62.459930419921875,62.52261116157551,62.42075346199722,62.48343420365086,1645200
2018-04-12,62.342350006103516,62.44420163741554,62.32668282342444,62.41286727205738,1397700
2018-04-13,62.38935470581055,62.397191285574735,62.30317026108127,62.318843420609646,1461800
2018-04-16,62.39720916748047,62.39720916748047,62.28752092958291,62.28752092958291,1939600
2018-04-17,62.42071533203125,62.42855191434208,62.3580346286664,62.39721156265965,1588500
2018-04-18,62.21702194213867,62.373717747998235,62.19351219145409,62.373717747998235,1721200
2018-04-19,62.0681266784668,62.13080736147484,62.02111915499023,62.13080736147484,1602300
2018-04-20,61.91142654418945,62.052455095761786,61.91142654418945,62.052455095761786,1576600
2018-04-23,61.88010025024414,61.911434619072296,61.840923322869145,61.88793085367124,2263300
2018-04-24,61.77043151855469,61.84878540561189,61.75476432768065,61.83311223717552,2664000
2018-04-25,61.6842155456543,61.73905964675374,61.6528752053748,61.70771930647424,2201300
2018-04-26,61.80961990356445,61.840960268676234,61.77044295278387,61.77827953845267,3297100
2018-04-27,61.90364456176758,61.927148342563314,61.848800414056264,61.848800414056264,1407300
2018-04-30,61.934959411621094,61.97413037095438,61.90361905761767,61.91928624583872,1602900
2018-05-01,61.83916091918945,61.93339417832127,61.82345837152688,61.92553990896392,1410700
2018-05-02,61.84699249267578,61.92551718427684,61.823435684300456,61.89410610942643,1434000
2018-05-03,61.90195846557617,61.99618569616957,61.894104199343474,61.95692634710557,1477700
2018-05-04,61.94124221801758,61.99621012120303,61.862717497902956,61.972653304273855,1342100
2018-05-07,61.90982437133789,61.956943991102996,61.886267556981075,61.949089722633566,1634400
2018-05-08,61.86272048950195,61.90198584698415,61.79989831395142,61.84701794114053,1380900
2018-05-09,61.79205322265625,61.83916686122318,61.76064213326074,61.784198952544195,2260900
2018-05-10,61.91764831542969,61.941205118249485,61.86268044516732,61.909794050806916,1695500
2018-05-11,61.98051452636719,61.98836879657535,61.901989797443925,61.98051452636719,1457800
2018-05-14,61.90195846557617,61.949072080872874,61.894104199343474,61.91766100699182,1519500
2018-05-15,61.61143112182617,61.72922119049425,61.54076067525639,61.72922119049425,1602600
2018-05-16,61.564292907714844,61.666374397904356,61.55643864199276,61.634963326065424,2201300
2018-05-17,61.50931930541992,61.57998971719359,61.485762501495365,61.56428717826016,2036000
2018-05-18,61.67424011230469,61.67424011230469,61.580006879295226,61.580006879295226,1539700
2018-05-21,61.67424011230469,61.68994265561436,61.60356368978497,61.6271264913252,1254900
2018-05-22,61.689979553222656,61.721390649679876,61.642865904063854,61.70568809697829,2225800
2018-05-23,61.8784294128418,61.886277691545004,61.76849360047246,61.77634187917566,1177200
2018-05-24,62.00406265258789,62.05117628512566,61.94909475094316,61.94909475094316,1209400
2018-05-25,62.13755798339844,62.15326652229774,62.07474180095785,62.08259007935529,1039500
2018-05-29,62.569419860839844,62.64794454066869,62.23961261092928,62.25531515047543,2414400
2018-05-30,62.3809814453125,62.46736042092212,62.286748201633515,62.3417160960168,3549700
2018-05-31,62.35744857788086,62.45167586669267,62.286772120218544,62.36529685791287,4272100
2018-06-01,62.39607620239258,62.427633925100594,62.28562718242458,62.34874262784062,3442400
2018-06-04,62.26195526123047,62.372404272091195,62.25407034546875,62.372404272091195,2272100
2018-06-05,62.31718444824219,62.36452404146722,62.26195993866308,62.32507538361638,2760500
2018-06-06,62.14361572265625,62.20673116328143,62.08050630105077,62.20673116328143,2624600
2018-06-07,62.30139923095703,62.411848233511826,62.11994385874889,62.127834792936866,3290700
2018-06-08,62.22251510620117,62.285624529909455,62.20673323600917,62.25407282756527,1977000
2018-06-11,62.16730499267578,62.19097178442364,62.119965390158754,62.15152311882967,1725200
2018-06-12,62.159400939941406,62.183067726695505,62.096285495917115,62.096285495917115,1850400
2018-06-13,62.119956970214844,62.21463014339527,61.993732091661414,62.159405630461805,1542800
2018-06-14,62.25407791137695,62.26196282809695,62.183071527754215,62.23040510415578,3920100
2018-06-15,62.26195526123047,62.403961992197075,62.26195526123047,62.36451935632948,1827800
2018-06-18,62.26195526123047,62.29351298133634,62.21462169058149,62.29351298133634,3510300
2018-06-19,62.36455535888672,62.403998017524245,62.332997620562814,62.35666441954996,2767100
2018-06-20,62.22251510620117,62.364521842829646,62.21462417110517,62.364521842829646,2102200
2018-06-21,62.25407791137695,62.32507827597929,62.23040510415578,62.26985376383734,2695400
2018-06-22,62.29352951049805,62.30931138424843,62.238304990414235,62.26197178201855,1509900
2018-06-25,62.285606384277344,62.372388587991416,62.277721470498356,62.325055029244886,4554800
2018-06-26,62.38815689086914,62.38815689086914,62.317150549167444,62.325041480249155,1670800
2018-06-27,62.53810119628906,62.55388307175896,62.46710081374027,62.46710081374027,1762700
2018-06-28,62.49077224731445,62.53810583919442,62.46710545137447,62.514439043254434,1266500
2018-06-29,62.4749641418457,62.56174636151263,62.467073207598,62.514406775045686,1419000
2018-07-02,62.43622970581055,62.52321075261049,62.404599685809714,62.49158073260965,1800600
2018-07-03,62.56273651123047,62.57063948994673,62.43621645807219,62.43621645807219,1121900
2018-07-05,62.64971160888672,62.65761458685485,62.54691256722497,62.57063356674457,1991900
2018-07-06,62.72090148925781,62.736713484778605,62.66555045571974,62.72090148925781,1331800
2018-07-09,62.665504455566406,62.68131643948028,62.625965446573076,62.64178346329272,1556600
2018-07-10,62.62601852416992,62.665557566673876,62.59439452953981,62.61811554191783,1661500
2018-07-11,62.65763473510742,62.66554374842639,62.59438072698433,62.649731754598,3750100
2018-07-12,62.70506286621094,62.720874855017215,62.625984823756646,62.6338938345636,1807800
2018-07-13,62.76042175292969,62.76832473192086,62.720882726740236,62.728791738539805,4071900
2018-07-16,62.67344284057617,62.72088484736083,62.58646180626522,62.68134581983455,1688000
2018-07-17,62.64971160888672,62.70506261870166,62.641802598110985,62.64971160888672,2432200
2018-07-18,62.618080139160156,62.68924313606037,62.61017112856875,62.65761312650223,2182900
2018-07-19,62.736690521240234,62.7604175550519,62.562734502943925,62.61017650495128,1990100
2018-07-20,62.59437561035156,62.69716864385736,62.56274559247076,62.69716864385736,1607800
2018-07-23,62.39668655395508,62.57064258644418,62.3650565391002,62.55483059542098,1427200
2018-07-24,62.491554260253906,62.50737227995831,62.388761263402934,62.436203256902324,1811100
2018-07-25,62.491554260253906,62.5627232833099,62.436203256902324,62.50737227995831,2075200
2018-07-26,62.491554260253906,62.49155426025391,62.49155426025391,62.49155426025391,0
2018-07-27,62.47576141357422,62.539015413349745,62.467852401299,62.50739142986636,1376600
2018-07-30,62.40462875366211,62.467888823130096,62.40462875366211,62.42044678743524,2115400
2018-07-31,62.45204544067383,62.53111747136982,62.404597396008846,62.48366942670483,3328200
2018-08-01,62.41793441772461,62.441711710915264,62.338674758047624,62.41793441772461,3168600
2018-08-02,62.44968032836914,62.465529851819156,62.394197925601524,62.45760811365833,2817700
2018-08-03,62.58443832397461,62.60821563874752,62.50517859235496,62.5368836944288,2711600
2018-08-06,62.6399040222168,62.71124199462529,62.62405449897507,62.67160911582854,2083800
2018-08-07,62.52890396118164,62.600241893366196,62.513054446876666,62.59231411265127,1886900
2018-08-08,62.513099670410156,62.54480476908123,62.48931631105991,62.52894919618107,2101300
2018-08-09,62.63191223144531,62.63191223144531,62.55265260197809,62.568508156144794,2603800
2018-08-10,62.75879669189453,62.8142790940041,62.63197631728505,62.63197631728505,2414900
2018-08-13,62.76663589477539,62.78248539566909,62.695298022954354,62.750780346761935,3315700
2018-08-14,62.727054595947266,62.81424204027788,62.719126815428645,62.782536965328134,2692700
2018-08-15,62.798404693603516,62.85388707373414,62.77462134743962,62.78254912949426,3051300
2018-08-16,62.830101013183594,62.85388435832,62.76669690086342,62.830101013183594,2226900
2018-08-17,62.901451110839844,62.94108397993444,62.85389650562778,62.877673808233816,1018100
2018-08-20,62.980709075927734,63.02826367983658,62.95693177397332,62.95693177397332,2473200
2018-08-21,62.9489860534668,62.956913834234776,62.901431463108764,62.93313653905576,1883300
2018-08-22,62.98863983154297,63.02826665429488,62.94108522538991,63.02826665429488,2025500
2018-08-23,62.98863983154297,63.020344918020655,62.96486252846644,63.020344918020655,1447500
2018-08-24,63.02035140991211,63.02827314700237,62.893531050937284,62.925236140680994,1845300
2018-08-27,62.941078186035156,62.98070500435518,62.93315040352065,62.96485548645242,2340800
2018-08-28,62.84596252441406,62.89351712493621,62.82218522415298,62.885589342473786,2375800
2018-08-29,62.80635070800781,62.86183310958664,62.76672387666764,62.86183310958664,1560100
2018-08-30,62.853885650634766,62.901440247634056,62.82218057025999,62.86973516725927,1157400
2018-08-31,62.869754791259766,62.95694227772345,62.861827006910076,62.94901449337375,2888300
2018-09-04,62.77281951904297,62.82048710308752,62.74103910918214,62.76487290120441,2400700
2018-09-05,62.78872299194336,62.81255679015242,62.733108775623904,62.796669611844706,2558000
2018-09-06,62.884037017822266,62.90787080571142,62.8045890376943,62.83636338055161,2133300
2018-09-07,62.6854248046875,62.74103900647957,62.65364439487869,62.74103900647957,2481100
2018-09-10,62.72512435913086,62.74101758935668,62.669510176323115,62.69335002166184,1464300
2018-09-11,62.590087890625,62.66953588987798,62.566254096998485,62.621868302624954,1496800
2018-09-12,62.63775634765625,62.70131717253876,62.629815790666356,62.677483378581286,1088400
2018-09-13,62.677459716796875,62.74896713316792,62.661572547320866,62.72512728671651,1723800
2018-09-14,62.574222564697266,62.61394354744642,62.5503887627486,62.574222564697266,3196000
2018-09-17,62.566226959228516,62.60595397237053,62.510612777724404,62.52649994608651,2375200
2018-09-18,62.42323303222656,62.52651480485197,62.399399243273976,62.52651480485197,2504000
2018-09-19,62.32792282104492,62.41531746500881,62.280255219426664,62.39148366419968,1968700
2018-09-20,62.40737533569336,62.43914969497573,62.312034073359804,62.31998069392814,2297700
2018-09-21,62.44707107543945,62.44707107543945,62.3755697037106,62.3755697037106,1750600
2018-09-24,62.367618560791016,62.43117937204431,62.34378477194418,62.35967194401121,2915800
2018-09-25,62.3199577331543,62.335844906942114,62.272284088804355,62.3199577331543,1698200
2018-09-26,62.47886657714844,62.518593612034934,62.359691533983444,62.36763815325964,1831100
2018-09-27,62.52655029296875,62.52655029296875,62.46299550685435,62.49477593065957,1374700
2018-09-28,62.52655029296875,62.59805776190452,62.49477593065957,62.574223959424614,2577700
2018-10-01,62.4094352722168,62.49703353342701,62.401470136938215,62.44924879737358,2853300
2018-10-02,62.52097702026367,62.552831513352785,62.47319224281835,62.47319224281835,2597600
2018-10-03,62.202415466308594,62.43335590021318,62.13074136410733,62.43335590021318,2300300
2018-10-04,62.043155670166016,62.122788844406145,62.011301185345616,62.090934359585745,3221400
2018-10-05,61.931644439697266,62.01924272930128,61.844052225713284,61.979429191239475,2299100
2018-10-08,61.907779693603516,61.955564464127455,61.89185548717716,61.947599323103056,1885400
2018-10-09,62.027217864990234,62.027217864990234,61.90776508031081,61.90776508031081,4273200
2018-10-10,61.979454040527344,62.00334338806634,61.87592543369508,61.93166926982689,2813100
2018-10-11,62.15463638305664,62.2183392699565,62.03518359723517,62.04314873645555,3245600
2018-10-12,62.13869857788086,62.22629687183126,62.12277437699002,62.130733439625274,2365700
2018-10-15,62.1227912902832,62.20242446765863,62.11482614985907,62.20242446765863,2077800
2018-10-16,62.17052459716797,62.194413925379216,62.090891477924636,62.11478080613588,2367000
2018-10-17,62.05906295776367,62.19443992463096,62.043138757505204,62.15462638617475,1877300
2018-10-18,62.019264221191406,62.11482768177195,61.963520388091624,62.019264221191406,1681500
2018-10-19,61.98741149902344,62.04316140933248,61.94759794603138,62.027231127637805,1716700
2018-10-22,61.963504791259766,62.059068227786035,61.955545728264696,62.01924861032827,1520000
2018-10-23,62.05110549926758,62.18648248288912,62.03518129703833,62.13073866165549,1934300
2018-10-24,62.21833038330078,62.23426065946622,62.15462750549961,62.170551706044854,1615500
2018-10-25,62.14665222167969,62.21036116470027,62.1147977501694,62.162576419625225,1981000
2018-10-26,62.2581787109375,62.35374218514246,62.24225450304817,62.29003320233915,2224400
2018-10-29,62.202415466308594,62.26612442923837,62.15463678192182,62.234269947773484,1900700
2018-10-30,62.11478805541992,62.19442118395706,62.10682291988073,62.130712250880045,2546300
2018-10-31,61.98741149902344,62.10686430924423,61.98741149902344,62.035196268485144,6206300
2018-11-01,62.10236740112305,62.126316433023725,61.98261615081805,61.99060119171881,3784100
2018-11-02,61.870853424072266,62.03850274761545,61.83891934947329,62.02253875571694,2024600
2018-11-05,61.91877365112305,61.958692781359204,61.894824609303,61.9267586953311,1858900
2018-11-06,61.91075134277344,61.94267931563884,61.88679622692459,61.92671532920614,2024700
2018-11-07,61.966670989990234,62.08641618588129,61.95070090333579,62.03053306419765,2673700
2018-11-08,61.862857818603516,61.99059409518633,61.862857818603516,61.96664506602728,2233100
2018-11-09,62.01451873779297,62.04645279438095,61.926701604875674,61.926701604875674,1697200
2018-11-12,62.110328674316406,62.11830762136227,62.06242453804489,62.094358598626144,1067200
2018-11-13,62.078426361083984,62.08640531221034,61.99859421420375,62.03850724224267,2735900
2018-11-14,62.126312255859375,62.19018039716797,61.998582064043376,62.038495084260354,2905100
2018-11-15,62.134315490722656,62.18221356532928,62.03052820800435,62.16624957072806,2557800
2018-11-16,62.26999282836914,62.28595681324525,62.150241624000884,62.22209478294154,1811300
2018-11-19,62.26999282836914,62.293941851082934,62.22209478294154,62.22209478294154,2495900
2018-11-20,62.230079650878906,62.29394777805863,62.20613062588647,62.25403476667119,1891300
2018-11-21,62.29395294189453,62.293952941894524,62.21412082170214,62.2620188756575,3871300
2018-11-23,62.28593063354492,62.36576879676611,62.26996665537871,62.34181369332173,644500
2018-11-26,62.23808288574219,62.270016958668464,62.206148812815904,62.22211889467986,1520500
2018-11-27,62.27800369262695,62.30993776642136,62.230099536534446,62.230099536534446,2563100
2018-11-28,62.309932708740234,62.349845729642176,62.214130495133254,62.277998637537905,2217500
2018-11-29,62.35783767700195,62.40573574371007,62.30195456890849,62.36582271838729,2395900
2018-11-30,62.38176727294922,62.38176727294922,62.30992019527373,62.349833208160085,2181200
2018-12-03,62.47939682006836,62.47939682006836,62.38335865877073,62.41537137920327,2187500
2018-12-04,62.63148498535156,62.72751708572592,62.54345148947176,62.54345148947176,3204700
2018-12-06,62.74350357055664,62.87154835951758,62.71149084686572,62.73549886318323,4447800
2018-12-07,62.87153625488281,62.895544266578064,62.727482078909745,62.743491490574286,3806000
2018-12-10,62.93560791015625,62.98362396880998,62.847574398753714,62.88759185150251,2712100
2018-12-11,62.943572998046875,63.00759843981767,62.88755226294798,62.95157770471877,4157200
2018-12-12,62.87956237792969,62.94358783479224,62.87155766937096,62.919579814919686,2662400
2018-12-13,62.92758560180664,62.96760304336524,62.895572869720624,62.895572869720624,2587600
2018-12-14,62.983642578125,63.02366004269747,62.951635933436435,62.97564396985678,3490600
2018-12-17,63.10368728637695,63.11169200025264,62.99965042922384,63.00765514309952,2924300
2018-12-18,63.199676513671875,63.22368453086904,63.09563363141351,63.09563363141351,3210700
2018-12-19,63.31175994873047,63.43180622006302,63.22372642347373,63.28775191562536,3117500
2018-12-20,63.22366714477539,63.39172932474257,63.199659134180266,63.375726019612905,3451000
2018-12-21,63.22366714477539,63.271683165965655,63.17565112358513,63.24767515537052,4516100
2018-12-24,63.23812484741211,63.38254100847974,63.16591982745052,63.31835468775092,6031000
2018-12-26,63.10173797607422,63.302315651699914,63.10173797607422,63.27824731000801,5912400
2018-12-27,63.23812484741211,63.374516188102525,63.230100027034894,63.33440432850535,2751800
2018-12-28,63.39055633544922,63.398575033481094,63.23811537683402,63.27020853239214,3495100
2018-12-31,63.55104064941406,63.58313381742409,63.32639459448979,63.34243811792185,5651100
2019-01-02,63.679386138916016,63.68740483663618,63.583106675984325,63.60717501143142,4142500
2019-01-03,63.92811584472656,63.984277348023234,63.67940149029054,63.69544501074183,4908400
2019-01-04,63.73554611206055,63.76763926560744,63.65531016762174,63.75961444693493,4583600
2019-01-07,63.63931655883789,63.791757627447645,63.61524820508855,63.759664448732536,4121700
2019-01-08,63.559051513671875,63.63928135550493,63.543001872618525,63.58311985410734,1745400
2019-01-09,63.64729690551758,63.67136524244737,63.56706707537036,63.57508577358451,1989600
2019-01-10,63.518951416015625,63.66336762043349,63.494883068803695,63.599181280437485,2579900
2019-01-11,63.64729690551758,63.703458398734995,63.62322856858778,63.65531560373173,3097100
2019-01-14,63.59115219116211,63.679406863953616,63.5831273696869,63.66335722100319,2395700
2019-01-15,63.59918212890625,63.703486463077844,63.55907025673334,63.671393292651686,1742900
2019-01-16,63.62325668334961,63.63930020801113,63.53500199484532,63.56709516531473,1697700
2019-01-17,63.55104064941406,63.63127050886617,63.52697230369302,63.6232518077231,2394700
2019-01-18,63.50288009643555,63.61520308169174,63.49485527716193,63.551016769790024,3722400
2019-01-22,63.61520004272461,63.70345468708754,63.607175223834346,63.62322486161487,3917700
2019-01-23,63.679386138916016,63.72752280981021,63.583106675984325,63.583106675984325,2536100
2019-01-24,63.81578063964844,63.8558924936816,63.77566266447166,63.799731001120286,2700300
2019-01-25,63.743595123291016,63.79173793707757,63.71150807562806,63.75161994577979,2073100
2019-01-28,63.76765441894531,63.80776627955349,63.743579957206876,63.751604777786355,2938200
2019-01-29,63.89604949951172,63.89604949951171,63.81581962129366,63.81581962129366,1772300
2019-01-30,63.960208892822266,63.9842772340287,63.79172438323241,63.84788588642903,2961400
2019-01-31,64.25707244873047,64.25707244873047,64.13673071925152,64.16882388749455,3698100
2019-02-01,64.07849884033203,64.25544559933411,64.02219815667813,64.17501692787343,3335000
2019-02-04,64.0222396850586,64.0302843983172,63.96593896488491,64.0302843983172,4078600
2019-02-05,64.15894317626953,64.18307730628298,64.09460390518106,64.10264247886974,2400300
2019-02-06,64.13481140136719,64.19111209544765,64.0946001263471,64.17502881270269,2724700
2019-02-07,64.18309020996094,64.2152567838142,64.14287278816882,64.1750454983391,2474700
2019-02-08,64.27958679199219,64.32784891383444,64.21524138707954,64.23937551615846,1538700
2019-02-11,64.25550079345703,64.27962880198926,64.19115534649139,64.2233280699742,2600900
2019-02-12,64.2474594116211,64.25550412698904,64.19115867668519,64.22333140183711,1541200
2019-02-13,64.15094757080078,64.19115887512508,64.11073013015658,64.18312029605217,1631600
2019-02-14,64.26349639892578,64.3358803692074,64.22327899122608,64.31175237911353,1895800
2019-02-15,64.28764343261719,64.28764343261719,64.23938743813481,64.25547072419005,1917900
2019-02-19,64.34395599365234,64.3680839953391,64.28765527761061,64.34395599365234,3792100
2019-02-20,64.31980895996094,64.35198166479611,64.27959154483797,64.32785367024874,1768400
2019-02-21,64.19113159179688,64.20722101574398,64.15895888021994,64.20722101574398,3411400
2019-02-22,64.33589935302734,64.40828948098425,64.23938736417372,64.27959864742384,1936600
2019-02-25,64.3117904663086,64.33591847069172,64.27157917110954,64.3117904663086,2244600
2019-02-26,64.40021514892578,64.44043254999458,64.35999774785697,64.39217044144924,1405200
2019-02-27,64.27155303955078,64.36002030754705,64.22329091408844,64.36002030754705,1323000
2019-02-28,64.19920349121094,64.27159365699455,64.13485804080771,64.27159365699455,4028500
2019-03-01,64.0008316040039,64.15400346885187,64.0008316040039,64.1298197324006,3035000
2019-03-04,64.11369323730469,64.15400356511226,64.0653257643296,64.11369323730469,2531300
2019-03-05,64.16203308105469,64.17815966543034,64.06529817676014,64.07336146894797,1924500
2019-03-06,64.24269104003906,64.29912181717194,64.19431740928701,64.21850729990975,1629000
2019-03-07,64.42813873291016,64.4603857873907,64.32334041872095,64.36364462394906,2322200
2019-03-08,64.50875091552734,64.53294081836847,64.39588930425484,64.46038341083813,4388500
2019-03-11,64.47647857666016,64.51678276075167,64.46841527964445,64.51678276075167,1891100
2019-03-12,64.62968444824219,64.64581105228729,64.50875951989332,64.53294942596098,1958500
2019-03-13,64.59739685058594,64.62158674147248,64.57321311019288,64.60546014754813,1318600
2019-03-14,64.54096221923828,64.60545629009796,64.50065803782081,64.60545629009796,4058400
2019-03-15,64.6618423461914,64.70215265022453,64.60541161083835,64.64572191487147,1639300
2019-03-18,64.6215591430664,64.65380001615881,64.56512223892754,64.62961628609408,5344200
2019-03-19,64.58936309814453,64.63773059644919,64.54098944934417,64.55711604910952,2702400
2019-03-20,64.87147521972656,64.88759565859175,64.6296255833065,64.64575217266344,2528700
2019-03-21,64.88761901855469,64.92792935596727,64.87956187146735,64.9037456137173,1980500
2019-03-22,65.24229431152344,65.2826046266965,65.09718578758721,65.15361653853515,2734000
2019-03-25,65.32292175292969,65.44384657195253,65.20199693390684,65.25842769605192,2034000
2019-03-26,65.3390884399414,65.39551923671716,65.2584677441227,65.28265764316565,3527200
2019-03-27,65.46002197265625,65.54869983769618,65.42778106763896,65.4439015201476,2121900
2019-03-28,65.49227142333984,65.51645517823573,65.4035935550568,65.46808766844396,1818300
2019-03-29,65.44387817382812,65.45999862058599,65.35520034042295,65.36326363904926,1937000
2019-04-01,65.18524932861328,65.34687653347606,65.1529226545042,65.34687653347606,4106700
2019-04-02,65.21757507324219,65.28222842665126,65.18525456222079,65.21757507324219,6305600
2019-04-03,65.12870025634766,65.16102694397321,65.08829652107963,65.12062320870518,2177300
2019-04-04,65.19330596923828,65.2013891766564,65.12057559951735,65.15290226350912,1586000
2019-04-05,65.24182891845703,65.24990596389243,65.13676567096134,65.14484888208028,2131700
2019-04-08,65.17718505859375,65.24991547221204,65.1448583750908,65.24991547221204,3794200
2019-04-09,65.27412414550781,65.31453401976493,65.23372043693185,65.28220735349547,1919100
2019-04-10,65.36302947998047,65.3791958980689,65.29838230467261,65.30645934803488,3414300
2019-04-11,65.2498779296875,65.31453125949409,65.22563447243026,65.30644805184805,2641800
2019-04-12,65.12870025634766,65.20952005825416,65.12062320870518,65.19335363159877,1821800
2019-04-15,65.14486694335938,65.16102720439413,65.11254025560461,65.12062346896462,1671300
2019-04-16,65.03169250488281,65.09634584647662,65.01552608664336,65.08017942823716,2002000
2019-04-17,65.03169250488281,65.11250609903406,65.02360929576308,65.03169250488281,1797500
2019-04-18,65.12060546875,65.16909240413706,65.08019557880509,65.13676572531784,1604600
2019-04-22,65.05596923828125,65.12062261294088,65.02364255095144,65.12062261294088,1840100
2019-04-23,65.16911315917969,65.17719637287972,65.11254299465048,65.13678647006506,2643500
2019-04-24,65.3387680053711,65.34685121218686,65.26603764106996,65.29836430265277,1370500
2019-04-25,65.32266235351562,65.36306609000303,65.27416923777118,65.33882261497351,1238100
2019-04-26,65.46810913085938,65.5004358094672,65.44386566332436,65.46810913085938,1622500
2019-04-29,65.3307113647461,65.39536471420246,65.29839085570067,65.37920445967976,1737800
2019-04-30,65.42771911621094,65.42771911621094,65.29841852818534,65.29841852818534,2376200
2019-05-01,65.43173217773438,65.63425704741738,65.38312818679239,65.4398349030809,2035300
2019-05-02,65.28594207763672,65.39936173951855,65.23733806580964,65.38315628186207,2061100
2019-05-03,65.4074478149414,65.4479552720255,65.35884381089664,65.39124854044988,1877500
2019-05-06,65.48845672607422,65.54516963837378,65.47225745153878,65.50466218117987,2261500
2019-05-07,65.58567810058594,65.6180828337773,65.54517681952491,65.57757537214538,3223200
2019-05-08,65.53706359863281,65.66667633007643,65.53706359863281,65.63427160207304,4750500
2019-05-09,65.60186767578125,65.67477367238368,65.50465349974193,65.65857439999516,1926100
2019-05-10,65.59378051757812,65.67478925988644,65.57757506077394,65.60997979381143,4679900
2019-05-13,65.73151397705078,65.78011799961621,65.69910923514963,65.71531469638649,3427000
2019-05-14,65.77197265625,65.7800692002894,65.73146521378112,65.74767066299586,4478100
2019-05-15,65.86920166015625,65.90970911555847,65.7962956571162,65.8935036611696,1940900
2019-05-16,65.77197265625,65.81247391815091,65.75576720703526,65.81247391815091,1862700
2019-05-17,65.78822326660156,65.86923203419131,65.74772197309309,65.8611354838333,1615200
2019-05-20,65.70719909667969,65.8206125808348,65.70719909667969,65.7882078452803,2188000
2019-05-21,65.67477416992188,65.71528162205415,65.65857489741063,65.7071788955138,1747000
2019-05-22,65.79631805419922,65.83681934281813,65.71530929638934,65.71530929638934,4000500
2019-05-23,66.03119659423828,66.08790329880627,65.86917302363887,65.86917302363887,5334000
2019-05-24,66.03119659423828,66.04739586101459,65.99068915644662,66.03119659423828,1770100
2019-05-28,66.16896057128906,66.17706330090941,66.08795181680098,66.13655583337948,1910600
2019-05-29,66.15272521972656,66.31474264035508,66.15272521972656,66.22563120483886,3142700
2019-05-30,66.33094024658203,66.35524842157824,66.16082010501826,66.21752681887286,2253600
2019-05-31,66.62261199951172,66.62261199951172,66.4200870307311,66.46059449671584,5898700
2019-06-03,66.81179809570312,66.84427905257607,66.61691854957455,66.69811784420236,3787000
2019-06-04,66.69810485839844,66.75494497308232,66.6087837931655,66.7143484312269,2906700
2019-06-05,66.69810485839844,66.8117850877662,66.64126474371456,66.7305858089475,7341700
2019-06-06,66.681884765625,66.7955650244604,66.64128201813688,66.72248131800366,2995300
2019-06-07,66.86048889160156,66.94980993743086,66.81177057391524,66.87673246090135,2490100
2019-06-10,66.7225112915039,66.79559503079177,66.69815211011203,66.79559503079177,2417400
2019-06-11,66.67374420166016,66.73058431507158,66.64938503807066,66.68186598789258,3362100
2019-06-12,66.78746032714844,66.78746032714844,66.69001742530654,66.70626100650239,1904400
2019-06-13,66.901123046875,66.93360400562615,66.81992374755184,66.82804553601699,1946300
2019-06-14,66.90921783447266,66.925455209741,66.82801856791704,66.83613415799775,2260700
2019-06-17,66.90921783447266,66.93357699492864,66.82801856791704,66.82801856791704,2792600
2019-06-18,67.06352233886719,67.16908700467718,67.0148039977915,67.12036866360148,3342000
2019-06-19,67.29090881347656,67.29090881347656,66.94986174046457,66.97422711326718,2496900
2019-06-20,67.39645385742188,67.50201233804327,67.38021647390708,67.41269124093668,2171600
2019-06-21,67.20965576171875,67.29086122340725,67.16093744079119,67.27461765302678,2398100
2019-06-24,67.33147430419922,67.3720770450206,67.27463418411436,67.2989933505638,2803800
2019-06-25,67.35584259033203,67.43704808296965,67.30712425083689,67.38832354836522,2699800
2019-06-26,67.20159149169922,67.34775276120827,67.19346970030658,67.33963096981564,2195800
2019-06-27,67.39645385742188,67.42081303024912,67.2584144146608,67.30713276031528,2021400
2019-06-28,67.45329284667969,67.46953022991869,67.35584996191574,67.36397175109023,2554600
2019-07-01,67.44842529296875,67.51353308536312,67.35075428995768,67.48098229397245,2354400
2019-07-02,67.57860565185547,67.60302183523432,67.44024313963588,67.48907550639358,3127100
2019-07-03,67.70071411132812,67.73327110262859,67.61932473788255,67.64374092895511,1720800
2019-07-05,67.38329315185547,67.43212553540917,67.24493059204575,67.41585014409505,2356800
2019-07-08,67.37516784667969,67.48911424091852,67.35889245162247,67.45655724119132,1761500
2019-07-09,67.2856216430664,67.3832926190128,67.27748705227934,67.3832926190128,1839400
2019-07-10,67.34257507324219,67.39954824009634,67.29374270439848,67.36699125766404,2097200
2019-07-11,67.12283325195312,67.36700134233244,67.09027626464713,67.31816896617866,3024100
2019-07-12,67.1798095703125,67.2042257595317,67.09842020304497,67.12283639226416,2265000
2019-07-15,67.27747344970703,67.27747344970703,67.17166169475595,67.17166169475595,2245900
2019-07-16,67.18797302246094,67.2123892199121,67.1147182204947,67.163550615397,2294100
2019-07-17,67.39144134521484,67.3995759369586,67.2612133619704,67.28562955642573,2062300
2019-07-18,67.51350402832031,67.53792642577172,67.33444991428237,67.36700069166356,3323200
2019-07-19,67.44026947021484,67.48910185603808,67.39957167562108,67.43212866937377,2167300
2019-07-22,67.51350402832031,67.57861800230339,67.48908784047924,67.57047720315292,1725500
2019-07-23,67.45655822753906,67.51353142549154,67.40772583204061,67.48098063490114,1799600
2019-07-24,67.52165985107422,67.57863303858339,67.49724365780054,67.51351905011242,2535800
2019-07-25,67.44842529296875,67.51353308536312,67.33447889426233,67.49725768966779,2199000
2019-07-26,67.44842529296875,67.48911688701361,67.41586829196507,67.48911688701361,2413500
2019-07-29,67.48908233642578,67.52978011924868,67.45652535208941,67.52163932076213,1771900
2019-07-30,67.47280883789062,67.51350041224282,67.42397025521399,67.50536582313838,1968800
2019-07-31,67.55419158935547,67.67627871969184,67.37513129281002,67.48907762522815,2628700
2019-08-01,68.0379867553711,68.07061962960441,67.66271803781451,67.68719113746842,3278400
2019-08-02,68.10324096679688,68.13586761141872,68.01350213387857,68.07060809809174,5392400
2019-08-05,68.39691925048828,68.44587166194718,68.28270733055558,68.33165974201447,4284300
2019-08-06,68.5682373046875,68.58455062434592,68.38875966803347,68.4213925314326,4939700
2019-08-07,68.5682373046875,68.93534612578361,68.5519177609468,68.89455349051414,5516400
2019-08-08,68.62535095214844,68.66613736790757,68.35613446698969,68.44587329537593,3244200
2019-08-09,68.50299835205078,68.72326248598146,68.48667880193163,68.65800295775905,2832800
2019-08-12,68.80481719970703,68.8619293808152,68.67429196539804,68.71508460216602,3008000
2019-08-13,68.6987533569336,68.86191765213255,68.633487638854,68.83743833979162,3299800
2019-08-14,68.94354248046875,69.00064846569822,68.8945900473538,68.95985580878335,3395400
2019-08-15,69.27799987792969,69.35957894560903,69.01694312690545,69.07404909668938,4358100
2019-08-16,69.20458221435547,69.22905531282734,69.00878497841236,69.15562979332768,3913600
2019-08-19,68.98432159423828,69.0495873487433,68.93537539040197,68.96800826765448,3640100
2019-08-20,69.16376495361328,69.16376495361328,69.08218591304457,69.13113209256943,2568100
2019-08-21,69.13116455078125,69.25353628113075,69.0577452470224,69.09853167441572,2532300
2019-08-22,69.00064849853516,69.15564690189713,68.96801561780485,69.0577544837918,3232600
2019-08-23,69.25353240966797,69.32695793340689,68.9516829882247,68.97616231219394,3100100
2019-08-26,69.21273040771484,69.33510211468727,69.1637842145593,69.28615592153173,2358800
2019-08-27,69.44934844970703,69.45750822730274,69.29435001990844,69.31882312860893,2450800
2019-08-28,69.47379302978516,69.58800496264654,69.45747348275722,69.57984518913257,3352400
2019-08-29,69.4330062866211,69.44116606082846,69.3024747956394,69.44116606082846,2812400
2019-08-30,69.42485809326172,69.48196407407112,69.34327900983187,69.36775211245232,2861800
2019-09-03,69.4886474609375,69.64399530185355,69.36600475694415,69.48047585510712,3345800
2019-09-04,69.61947631835938,69.62765416303291,69.45595061422758,69.47230630357465,2864100
2019-09-05,69.25968933105469,69.4150371082494,69.15340235805354,69.37415414439884,3162800
2019-09-06,69.34143829345703,69.37414341190494,69.26785645534686,69.30056157379478,2764600
2019-09-09,69.02259063720703,69.12888386158318,69.00624119230739,69.06347360625405,2618400
2019-09-10,68.6709976196289,68.98986472094309,68.64647034073757,68.97351528096999,2425900
2019-09-11,68.630126953125,68.71188663592748,68.60559967207065,68.61377127384613,2030200
2019-09-12,68.49931335449219,68.82635835643393,68.45843662791484,68.8018310729146,3025200
2019-09-13,68.10686492919922,68.4093764123632,68.09868708866746,68.36849968543369,3111300
2019-09-16,68.28673553466797,68.35214578489663,68.19680423793454,68.29491337541275,2971000
2019-09-17,68.44209289550781,68.49932531299932,68.27857348492226,68.33580590241377,2974900
2019-09-18,68.49114990234375,68.71190797612273,68.45027316717919,68.58926529489729,2557800
2019-09-19,68.58924102783203,68.68735638567208,68.56471374783794,68.67100070710023,2631100
2019-09-20,68.83456420898438,68.84273581490652,68.63833338524483,68.67103852253476,2436700
2019-09-23,68.88359832763672,69.05529556898966,68.87542048627745,68.92448129656778,2365800
2019-09-24,69.1207046508789,69.13705409545466,68.9408295712199,68.96535685701609,3043500
2019-09-25,68.79368591308594,69.04714294701058,68.74463132274376,69.03897134053192,3009500
2019-09-26,68.90809631347656,68.98168437868907,68.8753911998113,68.93262358925986,2909900
2019-09-27,68.98169708251953,69.01440220220785,68.89993116436686,68.89993116436686,2778400
2019-09-30,69.03073120117188,69.06343631117528,68.86721188901673,68.89173916205381,5258400
2019-10-01,69.09795379638672,69.25363092738263,68.84394308025786,68.86852960221131,5383100
2019-10-02,69.25363159179688,69.31918314828745,69.17169527185392,69.23724682834448,3741400
2019-10-03,69.48302459716797,69.58954113056116,69.32734129723111,69.33553680021126,3149600
2019-10-04,69.5977783203125,69.6305541005275,69.49945097966749,69.53222675988249,3309600
2019-10-07,69.41748809814453,69.54858491751071,69.40929259339087,69.48303963349687,4701400
2019-10-08,69.4503173828125,69.58141430319928,69.40115056774206,69.57322504347363,3876100
2019-10-09,69.36833190917969,69.46665296701669,69.31096962365626,69.46665296701669,3187900
2019-10-10,69.15531921386719,69.31099636595373,69.11434792306788,69.29461160043878,3683300
2019-10-11,68.90131378173828,68.9668653515405,68.79479716931598,68.95048058476084,3411200
2019-10-14,69.0159912109375,69.03237596799694,68.96682443708305,69.02418046379819,1600400
2019-10-15,68.83573913574219,69.01600275022594,68.80296336480522,68.97503147371995,2408500
2019-10-16,68.90946197509766,68.95043324092715,68.84391045030544,68.86849696060563,2549900
2019-10-17,68.90946197509766,68.99959375885257,68.84391045030544,68.89307721956834,2420600
2019-10-18,68.94227600097656,69.02421232677337,68.9340804929946,68.94227600097656,2467600
2019-10-21,68.77841186523438,68.90131324347622,68.77841186523438,68.86854371017289,2328000
2019-10-22,68.90131378173828,68.94228507570011,68.8029926783767,68.91770479985972,4545600
2019-10-23,68.93406677246094,69.03239409465074,68.9258775174499,69.00781382693822,4250400
2019-10-24,68.94227600097656,69.04879259937832,68.92589123635358,68.97505178156348,2353700
2019-10-25,68.82752990722656,68.98321322530198,68.7865586388895,68.98321322530198,2157500
2019-10-28,68.68009185791016,68.70467213618784,68.63093130135478,68.69647662631448,2861600
2019-10-29,68.69646453857422,68.77021161177323,68.68007977305294,68.77021161177323,2729800
2019-10-30,68.91767883300781,68.92587433898062,68.73741520964242,68.77838648816707,2831800
2019-10-31,69.24540710449219,69.25359635638154,69.07333904475603,69.10610855498807,3058400
2019-11-01,69.18382263183594,69.27415215962176,69.0688589173908,69.18382263183594,2771900
2019-11-04,68.98678588867188,69.02784080368541,68.94572470860189,69.01963357971658,2444500
2019-11-05,68.74859619140625,68.81429152701969,68.66648015441547,68.806078043805,2890600
2019-11-06,68.89643096923828,68.92927864820389,68.75683303242508,68.77325373938079,3147000
2019-11-07,68.5433349609375,68.66651220644614,68.37088932324738,68.66651220644614,3767100
2019-11-08,68.4776611328125,68.64189333510971,68.46944764318056,68.52692954049029,2130600
2019-11-11,68.5186996459961,68.59260223306154,68.46942498956427,68.56796803737305,1926100
2019-11-12,68.55972290039062,68.60899753407519,68.46939338119621,68.54330219919707,3072600
2019-11-13,68.68292236328125,68.74040423367998,68.64186119940189,68.6993493348546,2690800
2019-11-14,68.88001251220703,68.94570787825954,68.87180529024167,68.92107368225358,2299700
2019-11-15,68.8553695678711,68.91285143960002,68.81431466809566,68.830735374995,2342200
2019-11-18,68.95391082763672,69.01139269788446,68.93748385610651,68.97033153411293,3553000
2019-11-19,69.02782440185547,69.06067208509518,68.95392181335737,68.96213530043104,3712600
2019-11-20,69.21670532226562,69.22491881032515,69.1017415496551,69.15100994790083,4924100
2019-11-21,69.10172271728516,69.13457039551554,69.0360273608244,69.12635690969444,2779600
2019-11-22,69.14279174804688,69.18385292049065,69.08530986565876,69.17563943299083,3119700
2019-11-25,69.20848083496094,69.23311503016872,69.16742593129956,69.19206012650734,3444700
2019-11-26,69.32342529296875,69.3398522619046,69.26594343179924,69.30700458908588,3207400
2019-11-27,69.21670532226562,69.26597372051135,69.20027834614656,69.23312603332896,2293000
2019-11-29,69.21670532226562,69.23312603332896,69.1345892368375,69.21670532226562,2535100
2019-12-02,69.03565979003906,69.03565979003906,68.92868105328978,68.98628595437991,3745800
2019-12-03,69.4059829711914,69.48005001046073,69.23316825084825,69.26608623736085,3393600
2019-12-04,69.26608276367188,69.3566056524258,69.17555987491795,69.34014979922674,3876800
2019-12-05,69.19200897216797,69.23315173664695,69.10971716474755,69.1590909935073,2850000
2019-12-06,69.1014404296875,69.20841908078307,69.01914867665565,69.05206663356005,4121700
2019-12-09,69.11796569824219,69.2002575339366,69.10974090959797,69.19203274529238,2795100
2019-12-10,69.06857299804688,69.16732694100088,69.0438860819241,69.15909587613899,2700500
2019-12-11,69.29898071289062,69.33189868823517,69.15908402652265,69.1837709384156,2581800
2019-12-12,68.96983337402344,69.25786419782209,68.8875415437085,69.24963313125133,4645900
2019-12-13,69.28252410888672,69.31544208387228,69.01095552410213,69.15085220894446,3877700
2019-12-16,69.0932846069336,69.18380751737706,69.07682874979167,69.16735166023513,2876500
2019-12-17,69.1014404296875,69.20841908078307,69.07675353162378,69.19196324156003,3282700
2019-12-18,69.01099395751953,69.11797272695462,68.9616201067749,69.11797272695462,3786100
2019-12-19,69.06033325195312,69.11793814181935,68.9862725128946,69.0274152751064,3240600
2019-12-20,69.07679748535156,69.0932533350455,68.978043551801,69.0191925937293,3646300
2019-12-23,69.0331039428711,69.11558580655843,68.9753704137796,69.10733636169316,4192500
2019-12-24,69.09906005859375,69.11555894191133,68.95885101279575,68.97534360363305,1682800
2019-12-26,69.16505432128906,69.16505432128906,69.04958728909844,69.13206284173727,2036400
2019-12-27,69.26399230957031,69.27223545575929,69.22275140871338,69.24749343223634,1940300
2019-12-30,69.23931121826172,69.23931121826172,69.05786743876963,69.08260948631472,2562000
2019-12-31,69.16505432128906,69.2145383943761,69.0908219191772,69.1568048782808,5931300
2020-01-02,69.2557601928711,69.37122719317703,69.22276872242946,69.2640096336014,5511000
2020-01-03,69.50318908691406,69.51968796892172,69.36298005224802,69.42896299531903,5368300
2020-01-06,69.42073059082031,69.53619762329139,69.37124651761309,69.5279544727444,3710400
2020-01-07,69.36299133300781,69.44546687901997,69.33824929845224,69.44546687901997,3029900
2020-01-08,69.2557601928711,69.44545328231104,69.19802669271813,69.38771978215806,3674400
2020-01-09,69.33820343017578,69.36294544836413,69.1650030103807,69.2062439023457,5886600
2020-01-10,69.4537124633789,69.47845449656012,69.36298748006084,69.41247783890371,4525700
2020-01-13,69.41248321533203,69.42897580790347,69.36299285265582,69.42897580790347,3735700
2020-01-14,69.51143646240234,69.51968590316103,69.42896093225423,69.44545352129201,3492300
2020-01-15,69.6186752319336,69.6186752319336,69.5361933916326,69.6104257894073,2594300
2020-01-16,69.57743072509766,69.63516423484366,69.5361898070731,69.58568016719869,4784100
2020-01-17,69.56919860839844,69.5774480525539,69.48672304429039,69.50321564011911,3090600
2020-01-21,69.74238586425781,69.7671278995178,69.6269188380572,69.68465235115751,2910600
2020-01-22,69.80013275146484,69.80013275146484,69.74239922730247,69.76714126730317,4192100
2020-01-23,69.923828125,69.96506904086674,69.87434405994416,69.923828125,3104800
2020-01-24,70.03106689453125,70.10529300791315,69.94034189429895,69.96508393209291,4548400
2020-01-27,70.26197814941406,70.27022129768024,70.18774576766128,70.24547926792252,3208600
2020-01-28,70.13826751708984,70.22074305393953,70.08878345347605,70.21249361251053,3993400
2020-01-29,70.33622741699219,70.37746834183183,70.22076037841921,70.24550241633032,4177500
2020-01-30,70.35275268554688,70.47646292149263,70.29501914461085,70.40223677992518,4795700
2020-01-31,70.5341567993164,70.58364715834908,70.41868978237433,70.43518866621206,6264000
2020-02-03,70.47053527832031,70.50359750982636,70.33001921792561,70.43747304681425,6030800
2020-02-04,70.255615234375,70.28867745708455,70.1894907889559,70.28041032491362,4180900
2020-02-05,70.13990020751953,70.2060246525612,70.11510511712245,70.16469529791662,3537200
2020-02-06,70.2060546875,70.22258265284418,70.13166307850902,70.1812595864953,3435700
2020-02-07,70.42096710205078,70.4457685151376,70.34658178072559,70.39617199494239,4169700
2020-02-10,70.52840423583984,70.57799443828753,70.47880772741524,70.5449322013301,2785500
2020-02-11,70.41266632080078,70.52011382596825,70.40439918779565,70.49531873292767,3799400
2020-02-12,70.33004760742188,70.36310985227387,70.2969916685483,70.33831474512948,4127500
2020-02-13,70.39612579345703,70.44572228110171,70.33826847951681,70.37133070262183,2852500
2020-02-14,70.47053527832031,70.53665343535654,70.46226814394983,70.52012547259146,3069000
2020-02-18,70.57798767089844,70.64411213847293,70.52013033826483,70.61104990468569,3645200
2020-02-19,70.5696792602539,70.6110086048088,70.52008909156613,70.55315130601552,3109600
2020-02-20,70.74325561523438,70.74325561523438,70.62754101035489,70.65234240223451,8404000
2020-02-21,70.91683959960938,71.02428708260621,70.8589822924613,70.88377738038568,6561500
2020-02-24,71.13999938964844,71.23918604410262,71.13173225861726,71.22265178204026,6314500
2020-02-25,71.1978759765625,71.28879552460812,71.14001865562211,71.1565466161872,7928900
2020-02-26,71.15657806396484,71.32188927255058,71.08219274958464,71.14831723301893,8015900
2020-02-27,71.23919677734375,71.39623445475627,71.18133946335509,71.29705409133243,9514600
2020-02-28,71.71035766601562,71.80127724782251,71.41280381755261,71.51198422972203,16377200
2020-03-02,71.66309356689453,71.97780899341763,71.63824894239468,71.90326880134621,10154400
2020-03-03,72.0937728881836,72.48301596736599,71.67139520991945,71.69623984065733,9323900
2020-03-04,72.07720947265625,72.38364134494067,72.05236484057957,72.26769551620036,7445600
2020-03-05,72.35057067871094,72.46651659978428,72.28431406136079,72.36713167375908,5385000
2020-03-06,72.84741973876953,73.09587867989941,72.598967116213,73.05446675018665,10176200
2020-03-09,72.69007873535156,73.97377302931974,72.64867311467263,73.9240837570751,12445600
2020-03-10,71.71280670166016,72.62381869390278,71.71280670166016,72.41677166267927,14177600
2020-03-11,70.35459899902344,72.25115111093798,70.28834873201664,71.87018522170187,10511600
2020-03-12,66.5283203125,70.30485425109458,63.34807621796973,69.13711286474316,16986900
2020-03-13,69.3359146118164,69.94048843758843,67.4973358632206,67.65469363748353,14137500
2020-03-16,70.06471252441406,70.10612445715572,65.84923809655436,67.34825654690995,8411000
2020-03-17,68.61540222167969,70.16411668125147,68.56571294357408,69.19513784673903,13629700
2020-03-18,66.95903015136719,68.46633277030566,66.51180766197982,67.44766458773664,10076800
2020-03-19,66.91758728027344,67.56357285478722,65.9071969945683,66.03970377772814,11007200
2020-03-20,68.05220031738281,68.36691577293838,66.82648572612433,66.83476305600664,8864500
2020-03-23,69.55953979492188,69.55953979492188,67.24889347217434,67.25717712511937,10973300
2020-03-24,69.6340560913086,69.76656289998873,68.52428076556583,68.6981995061562,9371200
2020-03-25,70.56991577148438,70.93432060146806,69.6837546501305,69.6837546501305,9655500
2020-03-26,70.89289855957031,70.9674387726129,70.42911525556715,70.43739890558824,10803800
2020-03-27,71.27386474609375,71.34012130951218,70.5699061358504,70.70241926268729,4975200
2020-03-30,71.34840393066406,71.69624140573418,71.24073543701837,71.24073543701837,6030800
2020-03-31,70.68585205078125,71.57201305224464,70.68585205078125,71.43122259373496,8523900
2020-04-01,71.05106353759766,71.59889020777871,71.00956554701071,71.48268570186224,5995000
2020-04-02,71.38310241699219,71.53250916373001,71.29179794217059,71.4827090257083,6356100
2020-04-03,71.34986877441406,71.49097332508093,71.24196641202232,71.42457528120057,4151200
2020-04-06,71.57402038574219,71.63212266324769,71.38310928383939,71.63212266324769,4373100
2020-04-07,71.64039611816406,71.7068005096489,71.43288714427744,71.57399805935054,6009600
2020-04-08,71.82296752929688,71.82296752929688,71.54905430693681,71.63206291928933,4572300
2020-04-09,72.61151123046875,72.61151123046875,72.0055825048606,72.0055825048606,5070700
2020-04-13,72.37915802001953,72.53686693300143,72.16335315587733,72.53686693300143,7018100
2020-04-14,72.37915802001953,72.53686693300143,72.3044577976643,72.53686693300143,5818300
2020-04-15,72.7360610961914,72.75266536447292,72.37914532021348,72.41234752410362,3922500
2020-04-16,72.77751159667969,72.87711813466566,72.62810495603483,72.73600728935182,3459600
2020-04-17,72.6779556274414,72.92696897933376,72.56175108527101,72.80246230338759,3528300
2020-04-20,72.56173706054688,72.66134364858638,72.49533266852053,72.65304151641526,3705200
2020-04-21,72.65303039550781,72.8024370883619,72.57833021541597,72.79413495746155,4513000
2020-04-22,72.59493255615234,72.64473267923994,72.48703017857231,72.58663042474748,3240100
2020-04-23,72.71112060546875,72.76922284680855,72.6281183082218,72.6862205495616,2587200
2020-04-24,72.68623352050781,72.72773784287246,72.60323120844899,72.67793138950078,2272600
2020-04-27,72.428955078125,72.66966631774373,72.41235080909024,72.65306204870897,3117300
2020-04-28,72.6447525024414,72.66965890345242,72.54515222908744,72.62815456777325,3118800
2020-04-29,72.69453430175781,72.80243667216375,72.61153199124014,72.74433442153433,4867500
2020-04-30,72.63642120361328,72.81072792947054,72.62811907400024,72.78582787330086,5390100
2020-05-01,72.60651397705078,72.7312623569003,72.49007792566529,72.67304433120755,4857100
2020-05-04,72.68135833740234,72.70630801176999,72.58155329464326,72.63977131659726,7276600
2020-05-05,72.61478424072266,72.66468990904167,72.58983457920576,72.61478424072266,3625600
2020-05-06,72.29044342041016,72.58985212153955,72.24054408531751,72.55658378304886,5006600
2020-05-07,72.52335357666016,72.55662193264303,72.33206846137125,72.50672257131376,3425600
2020-05-08,72.31539916992188,72.49837187436587,72.27381850227653,72.4651035330772,3078900
2020-05-11,72.09085083007812,72.33204156229158,72.04926381424252,72.29877321868065,4344300
2020-05-12,72.32373046875,72.41521683694484,72.1740260794574,72.2488814467479,3942700
2020-05-13,72.40687561035156,72.51499929106046,72.36529494839819,72.47341228382066,2628900
2020-05-14,72.60651397705078,72.60651397705078,72.50670892788226,72.54829595135803,2844700
2020-05-15,72.6480941772461,72.7811675752619,72.58987615193641,72.7811675752619,2871300
2020-05-18,72.5150146484375,72.68135002205068,72.41520961709693,72.68135002205068,3573700
2020-05-19,72.60651397705078,72.61482630551481,72.49007792566529,72.58155795579196,3083000
2020-05-20,72.79778289794922,72.83105124028772,72.58154184539266,72.66471587388268,4388600
2020-05-21,72.87262725830078,72.9308452622864,72.82272157967986,72.8559899169983,5762200
2020-05-22,72.89759063720703,72.92254030856732,72.86432229363074,72.92254030856732,3710300
2020-05-26,72.85600280761719,72.90590849506806,72.79778479333089,72.90590849506806,5193900
2020-05-27,72.8892593383789,73.00569534808186,72.83104133352742,72.9807456810436,7606400
2020-05-28,72.91423034667969,72.91423034667969,72.7728446285563,72.81443164931659,7381900
2020-05-29,73.12214660644531,73.13878395146475,72.8809558659673,72.9558112279788,6196500
2020-06-01,73.06298828125,73.06298828125,72.95466269080733,72.98798875132147,4345600
2020-06-02,73.12133026123047,73.12133026123047,73.02133299097315,73.05466541439226,5445500
2020-06-03,72.95464324951172,73.06296881108729,72.87964373956942,73.02130171028523,5036400
2020-06-04,72.77969360351562,73.02968365506753,72.74636753031906,73.00468592141456,6341700
2020-06-05,72.77135467529297,72.77135467529297,72.52136466011613,72.66302270187826,6465600
2020-06-08,72.84632110595703,72.90465124040325,72.6796653953986,72.72966083706456,4491000
2020-06-09,72.89630126953125,73.01296150379899,72.89630126953125,72.98795743287938,5445200
2020-06-10,73.20464324951172,73.20464324951172,72.91299255081016,73.02965283029079,3951600
2020-06-11,73.07134246826172,73.27966536834684,73.0630077721554,73.27966536834684,5026500
2020-06-12,73.14629364013672,73.2546255547539,73.07130049079258,73.18796073922128,4087300
2020-06-15,73.29632568359375,73.37965356903408,73.15466764259418,73.21299779815342,4486100
2020-06-16,73.20464324951172,73.40463139183444,73.14631310977141,73.40463139183444,9338500
2020-06-17,73.22132110595703,73.27965125244428,73.08799142398094,73.27131655794348,3900300
2020-06-18,73.30461883544922,73.32961655116334,73.2296193308003,73.2796211197351,2988600
2020-06-19,73.32965087890625,73.34631391134727,73.27965542407368,73.27965542407368,2606400
2020-06-22,73.30461883544922,73.46294617831404,73.2879494533021,73.42961377152636,3048400
2020-06-23,73.27133178710938,73.3463249806761,73.25466875215359,73.33799664195345,3037100
2020-06-24,73.27965545654297,73.32965091139769,73.20465591675136,73.2546577291156,3256700
2020-06-25,73.3546142578125,73.44627678709064,73.32961654210146,73.43794209601812,4318400
2020-06-26,73.4879379272461,73.50460095053373,73.37127769171461,73.47126854645244,2911700
2020-06-29,73.53792572021484,73.54626040974641,73.43792851835228,73.51292800912555,3047300
2020-06-30,73.61295318603516,73.62962257287275,73.47129518545728,73.62128787945394,5405900
2020-07-01,73.63130950927734,73.63130950927734,73.46434763051931,73.58122221948742,3569200
2020-07-02,73.74818420410156,73.74818420410156,73.60626597003478,73.65635962908402,4007000
2020-07-06,73.72315979003906,73.73985980380752,73.6146351773004,73.67307248711185,4026800
2020-07-07,73.84001922607422,73.84001922607422,73.70645098933733,73.77323829229967,3300800
2020-07-08,73.79829406738281,73.87342501867239,73.75655040387383,73.86508138132164,2908100
2020-07-09,73.99864196777344,74.0403856269544,73.82333006375207,73.84002370591155,3189700
2020-07-10,73.91519165039062,74.09050362706445,73.89849163212219,74.09050362706445,2960500
2020-07-13,73.94853973388672,73.96523337267395,73.87340243637698,73.90679608313832,3115800
2020-07-14,74.04041290283203,74.08215020820052,73.99866922827303,74.02371288533223,3067300
2020-07-15,74.0487289428711,74.10716624395857,73.99029164178363,74.06542895414645,3349900
2020-07-16,74.09883880615234,74.18231977321437,74.09883880615234,74.14892611255166,2856100
2020-07-17,74.1739501953125,74.24073749901642,74.10716289160858,74.22404385768436,2430300
2020-07-20,74.24911499023438,74.29920230196001,74.19902130931855,74.29920230196001,2771000
2020-07-21,74.29082489013672,74.33256854730365,74.27413124878265,74.30752490067863,3044700
2020-07-22,74.3909912109375,74.4160348526357,74.34090392754109,74.39934121456577,5609100
2020-07-23,74.45779418945312,74.4995314780151,74.42440053709079,74.4995314780151,4394900
2020-07-24,74.4410629272461,74.49115656935354,74.37427565055968,74.43271929454924,2980400
2020-07-27,74.3909912109375,74.53290942668507,74.29916027858634,74.5245594230568,5146900
2020-07-28,74.4244155883789,74.49954654449739,74.36597827722368,74.47450289245789,5547800
2020-07-29,74.54121398925781,74.54121398925781,74.43268948499433,74.466076740781,3136200
2020-07-30,74.5830307006836,74.60808072298474,74.54964340932773,74.56633705500566,2621100
2020-07-31,74.68321228027344,74.691562287774,74.52459398371036,74.59138130533583,5110000
2020-08-03,74.65725708007812,74.707439928899,74.57362750608,74.69907505734095,6270000
2020-08-04,74.81614685058594,74.81614685058594,74.72415241841581,74.74088215909761,5325100
2020-08-05,74.71581268310547,74.7576306683513,74.66563620523345,74.7409073025702,4931500
2020-08-06,74.83287811279297,74.9165076763226,74.79942501127579,74.83287811279297,3933400
2020-08-07,74.749267578125,74.92489163539479,74.72417933859059,74.89144490303481,3764400
2020-08-10,74.6656265258789,74.84961542826301,74.65726165380839,74.83289206464987,3708400
2020-08-11,74.4063720703125,74.51508988388139,74.33110098358956,74.51508988388139,8125700
2020-08-12,74.21402740478516,74.30602186621962,74.18893916630823,74.30602186621962,4530800
2020-08-13,73.97148895263672,74.23910743434665,73.89622424552826,74.23910743434665,3969800
2020-08-14,73.88787078857422,74.04677147994492,73.87114742236467,74.01331836699694,3454400
2020-08-17,73.97984313964844,74.05511421641324,73.92130180462114,73.96311977843791,3995400
2020-08-18,74.0802230834961,74.12203468843249,74.02168173216214,74.07185821029732,6371100
2020-08-19,73.95477294921875,74.18057347354441,73.92968471101906,74.18057347354441,4628100
2020-08-20,74.0802230834961,74.16385267389765,74.07185821029732,74.14712930802884,4623400
2020-08-21,74.2391128540039,74.2391128540039,74.08021855611035,74.16384814140092,3642100
2020-08-24,74.15546417236328,74.25582347718468,74.13037594128961,74.22237037557754,2960400
2020-08-25,74.01331329345703,74.06348976917502,73.87950085083781,74.03003665852022,4830800
2020-08-26,73.97148895263672,74.02167180457026,73.88785937345135,73.98821869679054,4853800
2020-08-27,73.70384216308594,74.11363779059923,73.69548367474722,74.11363779059923,5125700
2020-08-28,73.76242065429688,73.83769175095394,73.69552081124786,73.79587376608572,4281200
2020-08-31,73.97984313964844,74.04674934554448,73.81258400543528,73.84603710838331,16000300
2020-09-01,74.1834716796875,74.20022402698825,73.87349892614134,73.93214172907318,7201700
2020-09-02,74.34260559082031,74.36773729547616,74.16667726664623,74.17505663205921,5054900
2020-09-03,74.35100555419922,74.46829113614102,74.31749447484658,74.40126897743575,7543900
2020-09-04,73.91534423828125,74.2588214766516,73.91534423828125,74.24206913958228,6588300
2020-09-08,74.02426147460938,74.13316766079681,73.99075040387866,74.07452488491386,4440300
2020-09-09,73.97398376464844,74.09964226611902,73.92371397247824,74.05775822948948,6048200
2020-09-10,73.9907455444336,74.02425661296343,73.86508063534242,73.91535043392855,5331800
2020-09-11,74.0661392211914,74.10802325874143,74.01586942791644,74.082891557895,5301400
2020-09-14,74.0661392211914,74.16666602457714,74.05775985704857,74.13315495958786,4256400
2020-09-15,74.10806274414062,74.13319445837745,74.05779931566698,74.10806274414062,3746900
2020-09-16,74.09130859375,74.22534653027657,74.00752769288736,74.20859418505526,4851800
2020-09-17,74.09130859375,74.23372589867991,74.07454985694332,74.22534653027657,2815400
2020-09-18,74.00751495361328,74.15831160098917,73.99914197823658,74.15831160098917,2938800
2020-09-21,74.04943084716797,74.14158474065842,74.04105147732707,74.13320537081752,4981500
2020-09-22,74.07453155517578,74.11642199525713,74.01588877401217,74.05777921409351,4442200
2020-09-23,73.90697479248047,74.09128248288894,73.90697479248047,74.06615077812108,4659600
2020-09-24,73.91534423828125,73.99911870679239,73.88183317256035,73.9907393424666,4225900
2020-09-25,73.90697479248047,73.97399693291685,73.88184308771261,73.97399693291685,5602600
2020-09-28,73.97398376464844,73.98235673702517,73.91534100010152,73.94884567277236,4215100
2020-09-29,74.02426147460938,74.09128361607081,73.99912976945714,74.04939317976161,7929700
2020-09-30,73.90697479248047,73.97399693291685,73.83157328659377,73.9572382020162,6113600
2020-10-01,73.98252868652344,74.00770320396559,73.82308153942799,73.83986241689897,4485900
2020-10-02,73.9321517944336,74.02446259991426,73.83145375388705,74.02446259991426,5557100
2020-10-05,73.65522003173828,73.83145440919797,73.65522003173828,73.83145440919797,6298400
2020-10-06,73.75592803955078,73.88180699990323,73.63004907919832,73.73075352797426,5705900
2020-10-07,73.65522003173828,73.76431811325804,73.613264648628,73.69718181731812,3494600
2020-10-08,73.78111267089844,73.80628718592787,73.72237000167283,73.755938155869,5661600
2020-10-09,73.7978744506836,73.7978744506836,73.64682101022801,73.70556365915692,4105000
2020-10-12,73.906982421875,73.93215693376162,73.81467160997742,73.83984612186404,3383500
2020-10-13,73.96571350097656,74.0160625168653,73.92375171942331,73.94893262983663,4121100
2020-10-14,74.0076675415039,74.04123568274157,73.94892489495506,73.99088026965093,6966400
2020-10-15,73.96571350097656,74.04963066161412,73.93214535622775,74.00767528252982,3877900
2020-10-16,73.906982421875,74.0244677456592,73.88180790998838,73.98251236000482,3424500
2020-10-19,73.83985137939453,73.87341953179012,73.78110871331985,73.85663865682753,5206600
2020-10-20,73.71394348144531,73.78947339531328,73.6887689776453,73.78947339531328,4652700
2020-10-21,73.63004302978516,73.71396019563558,73.61326215760282,73.68039845127089,4115700
2020-10-22,73.504150390625,73.63002931719205,73.48736952156787,73.62164208389757,5036700
2020-10-23,73.59648895263672,73.63845074481858,73.4873972564227,73.49579089535318,3237300
2020-10-26,73.7055892944336,73.77272560297953,73.68041477934656,73.68880201606173,4177000
2020-10-27,73.88182830810547,73.89860918650628,73.7643429518846,73.82308562999503,3293100
2020-10-28,73.78111267089844,73.92377252437909,73.755938155869,73.92377252437909,4766400
2020-10-29,73.62163543701172,73.7978633573077,73.54610552690339,73.78107608729803,4200700
2020-10-30,73.49578094482422,73.64683441276911,73.428644647411,73.5796981153559,9731400
2020-11-02,73.59749603271484,73.66474186634255,73.57227162988626,73.60589775346375,4021200
2020-11-03,73.58070373535156,73.58911187236697,73.48823346877022,73.57229559833615,3985400
2020-11-04,74.0851058959961,74.13554832019858,73.97582573503155,74.03466988532497,5667400
2020-11-05,74.16070556640625,74.2195496684893,74.06823534691488,74.21114153575569,4128700
2020-11-06,73.99259185791016,74.03462611764058,73.90852975197689,73.98419013678613,3844500
2020-11-09,73.6479263305664,73.7740226808739,73.50502012653043,73.7572064136186,5712700
2020-11-10,73.50502014160156,73.59749037094423,73.46298588698151,73.49661200797219,5169600
2020-11-11,73.55546569824219,73.56387383296686,73.45458732212893,73.50502971694938,3365700
2020-11-12,73.79924011230469,73.79924011230469,73.6395176422166,73.68155189651138,4178500
2020-11-13,73.82447052001953,73.87490650283745,73.79925252861058,73.83287865499847,3199500
2020-11-16,73.86650848388672,73.87491020575895,73.79925622773999,73.82447422041297,4059400
2020-11-17,73.99259185791016,74.01781626186495,73.90852975197689,73.94215587705571,5537500
2020-11-18,74.07664489746094,74.08504661682925,74.01780079425163,74.07664489746094,6089500
2020-11-19,74.22795104980469,74.26157075062902,74.11866457478627,74.15229068913612,6207000
2020-11-20,74.2952651977539,74.32048961686051,74.18598503575103,74.24482918660357,6611300
2020-11-23,74.23638153076172,74.28682392859292,74.20275540338359,74.27841579336639,3506600
2020-11-24,74.16070556640625,74.244767653164,74.14388930093902,74.2279578012229,4678800
2020-11-25,74.12705993652344,74.23633997919012,74.1186518060031,74.2027138706332,5282000
2020-11-27,74.28680419921875,74.29520591868591,74.21114382933013,74.21955196232359,2226300
2020-11-30,74.38768768310547,74.39609581740355,74.26999945704148,74.28681572563765,4729900
2020-12-01,74.16288757324219,74.32286218257236,74.09552646199309,74.31444686159809,7331400
2020-12-02,74.03656005859375,74.25548037825234,73.94394017042691,74.11233646314473,4631300
2020-12-03,74.17970275878906,74.2554855925684,74.09550460651765,74.20496156207976,3685300
2020-12-04,73.98604583740234,74.11233985076011,73.93552180815215,74.09550279028144,4880200
2020-12-07,74.08706665039062,74.15442772702889,74.06180785262774,74.07865133374023,4734800
2020-12-08,74.11233520507812,74.23022031666763,74.10391988731983,74.22179857500267,3737300
2020-12-09,73.98604583740234,74.02814170055257,73.93552180815215,74.00288289788102,5163900
2020-12-10,74.13763427734375,74.17973015707395,74.02817085744407,74.061851415574,4731400
2020-12-11,74.2554931640625,74.28917371318677,74.19655380907201,74.23023435819627,5317100
2020-12-14,74.2302474975586,74.25550630789583,74.10394702196335,74.18814519772383,5176800
2020-12-15,74.26390075683594,74.27232249921776,74.17970260473938,74.1881243471212,6539900
2020-12-16,74.18812561035156,74.25548670273868,74.08708397177088,74.1712821253011,4186700
2020-12-17,74.20500183105469,74.34814583389429,74.12922538006083,74.28920645292884,4963600
2020-12-18,74.17970275878906,74.29758145675049,74.14602221309906,74.2554855925684,3472700
2020-12-21,74.18812561035156,74.28074550640702,74.14602332163277,74.25548670273868,5364200
2020-12-22,74.30602264404297,74.31444438864614,74.17130042602791,74.22182446973802,4697300
2020-12-23,74.22241973876953,74.23086934892689,74.08725175690837,74.22241973876953,5643700
2020-12-24,74.3490982055664,74.36599097165025,74.28151425090971,74.3321989943219,1980900
2020-12-28,74.32376098632812,74.365996127046,74.23083465352326,74.28996900665717,4706500
2020-12-29,74.3490982055664,74.38289018289474,74.26462148482587,74.29840701699355,4884800
2020-12-30,74.39978790283203,74.4082375090169,74.32376078265155,74.36599592325368,3609800
2020-12-31,74.50115203857422,74.51804480310659,74.4166688804322,74.43356809012462,6134900
2021-01-04,74.39978790283203,74.42513027622553,74.32376078265155,74.37444552943853,7568400
2021-01-05,74.2730484008789,74.37442431069181,74.18857169861444,74.35752510314337,6452700
2021-01-06,73.94361114501953,74.01119510901927,73.78310084181054,74.01119510901927,5933700
2021-01-07,73.7915267944336,73.85066113268724,73.77463403142947,73.7999763985154,6196100
2021-01-08,73.72398376464844,73.8253597344094,73.63950701242916,73.8253597344094,7688800
2021-01-11,73.64793395996094,73.70706831283528,73.58035000091567,73.70706831283528,5404300
2021-01-12,73.63105010986328,73.63105010986328,73.44519742256165,73.57190930466562,6078800
2021-01-13,73.82534790039062,73.92672385390128,73.68173680012205,73.72397194687997,7357100
2021-01-14,73.7323989868164,73.9182516221205,73.67326464332511,73.83377490929865,7191900
2021-01-15,73.7915267944336,73.85911073676903,73.73239245617995,73.78307719035179,4083600
2021-01-19,73.89293670654297,73.9013863145125,73.74932559687339,73.80845996233514,7636500
2021-01-20,73.88447570800781,73.91826768951383,73.83379095832953,73.8506837265018,5889500
2021-01-21,73.78308868408203,73.83377987130989,73.7239543366166,73.77464552384446,7890800
2021-01-22,73.81689453125,73.85068651403151,73.75776017267279,73.8422433522074,4439800
2021-01-25,73.98585510253906,73.99429826443819,73.87602954623293,73.90982152931468,5126900
2021-01-26,73.97740936279297,74.01965095514387,73.91827500059898,73.95206698544727,4608700
2021-01-27,73.97740936279297,74.08722847967837,73.96895975529037,74.02809411748437,4248500
2021-01-28,73.91825103759766,73.97738538062133,73.84222393020721,73.96893577585794,4359300
2021-01-29,73.8591537475586,73.90139534740689,73.74088500217925,73.74088500217925,6088400
2021-02-01,73.8836898803711,73.92599874411431,73.80754167214482,73.81599828055245,5774700
2021-02-02,73.79058074951172,73.81596347361825,73.75673496556192,73.79058074951172,4554500
2021-02-03,73.6636734008789,73.75674770896606,73.6636734008789,73.73982804177946,4271700
2021-02-04,73.68058013916016,73.7059628609744,73.56212313374532,73.65519741734593,4652200
2021-02-05,73.57903289794922,73.72287260582763,73.57056984000879,73.68057022696904,4401300
2021-02-08,73.6636734008789,73.71444531328738,73.56214248691063,73.58752521540269,5571500
2021-02-09,73.62981414794922,73.73135149877584,73.62135754361437,73.6636599315581,4474000
2021-02-10,73.74830627441406,73.74830627441406,73.67215161784715,73.71446047765384,3735500
2021-02-11,73.67215728759766,73.77369468569255,73.62984842453491,73.74831195002537,4578200
2021-02-12,73.47750854492188,73.587508951308,73.45212582203982,73.55366316899095,4825400
2021-02-16,73.1305923461914,73.2659690048072,73.11367268464775,73.24904934326355,6702200
2021-02-17,73.28291320800781,73.29137626857941,73.18137584741989,73.25753048171677,5217000
2021-02-18,73.2406005859375,73.27444637105582,73.12214356573512,73.17291547112431,4607000
2021-02-19,72.9867935180664,73.14755298677014,72.9360215941474,73.13063331574767,4011100
2021-02-22,72.78368377685547,73.01214118620345,72.76676411395914,72.92752996087641,4809400
2021-02-23,72.76677703857422,72.80908588646386,72.6144742237649,72.65678307165453,6475900
2021-02-24,72.7244644165039,72.75831020197435,72.44524798336386,72.49601343385777,5164600
2021-02-25,72.08988952636719,72.47911293448794,71.85297542085036,72.4283410151449,9956100
2021-02-26,72.71599578857422,72.71599578857422,72.17447622143091,72.40292716630412,8580200
2021-03-01,72.62194061279297,72.66431306068706,72.47788463415756,72.545677964737,7152000
2021-03-02,72.61347961425781,72.63042471628006,72.53721049233624,72.57958294508474,5338800
2021-03-03,72.38467407226562,72.46941250720053,72.30841142036266,72.42704652229718,6022500
2021-03-04,72.15587615966797,72.43551880003608,72.07113772883372,72.41009145217073,9701800
2021-03-05,72.1135025024414,72.13892338475263,71.96097074344635,72.0287640730281,6871000
2021-03-08,71.78305053710938,72.02879661903707,71.78305053710938,71.99489993893008,5806700
2021-03-09,72.02030181884766,72.08809516116371,71.9694600446751,71.9694600446751,7671800
2021-03-10,72.15587615966797,72.20671792514295,72.06266194621193,72.08808282894942,5286700
2021-03-11,72.16435241699219,72.22366996547915,72.06266242024545,72.14740085163712,5510000
2021-03-12,71.73218536376953,71.8169238038457,71.67286780920335,71.80844802029951,5717100
2021-03-15,71.8169174194336,71.85928986826912,71.74065476968325,71.74065476968325,5012200
2021-03-16,71.80844116210938,71.90165537682914,71.74065429559968,71.85928939340158,6159100
2021-03-17,71.78305053710938,71.85931968363278,71.55425602780052,71.68983628309782,7370600
2021-03-18,71.4864273071289,71.57964151503245,71.36779221800211,71.43558554468241,4905200
2021-03-19,71.54572296142578,71.91857967896003,71.43556368812044,71.85926215254553,4969200
2021-03-22,71.74913024902344,71.78302691797724,71.64744670729058,71.71523358006964,4748300
2021-03-23,71.91014862060547,71.92709372506548,71.75761681994736,71.91862440540022,5148600
2021-03-24,72.02030181884766,72.0287776029194,71.80845247295672,71.82540404110021,5148200
2021-03-25,71.96942901611328,72.0795883010366,71.88469060731641,72.05416742491015,3876300
2021-03-26,71.84235382080078,71.96098894501212,71.79998782794209,71.82540871668319,3376200
2021-03-29,71.74913024902344,71.88471692483863,71.67286759272379,71.85929603940542,3775500
2021-03-30,71.82539367675781,71.83386299447848,71.61354436143655,71.66438612827268,4769200
2021-03-31,71.79151153564453,71.90167087445339,71.71524240483122,71.8254082087694,6949300
2021-04-01,72.02252197265625,72.05648915692039,71.91210594444925,72.00553190071031,4780200
2021-04-05,71.91207885742188,71.94605250870308,71.8101643833897,71.86961665317895,8200600
2021-04-06,72.16690826416016,72.18389185701685,71.98855138000134,72.00553497285803,5400600
2021-04-07,72.08195495605469,72.20934806245477,72.06496488865993,72.1074335773347,5480200
2021-04-08,72.24336242675781,72.25185746524217,72.14993644287722,72.16692651984593,3872300
2021-04-09,72.14994049072266,72.25186151880571,72.06500954056152,72.16693056864457,9748500
2021-04-12,72.13291931152344,72.13291931152344,72.06497199486847,72.13291931152344,3995700
2021-04-13,72.31976318359375,72.31976318359375,72.09893766882612,72.09893766882612,4097500
2021-04-14,72.26882934570312,72.30280301431675,72.20088848829062,72.2433507141966,4592300
2021-04-15,72.57460021972656,72.66802620691561,72.4217219206732,72.47268567356834,5395000
2021-04-16,72.37920379638672,72.45563964698293,72.24330920002325,72.37920379638672,6199700
2021-04-19,72.33676147460938,72.3537515452515,72.2433355255178,72.28580422230974,6165300
2021-04-20,72.4556655883789,72.49813428490036,72.31128238790726,72.31977742317422,6383700
2021-04-21,72.53208923339844,72.53208923339844,72.39619462344025,72.4301682759298,4508300
2021-04-22,72.56607055664062,72.58305414477486,72.4386709662907,72.54059193453311,4007800
2021-04-23,72.57460021972656,72.61706893383649,72.4896692713227,72.60008533608213,6435700
2021-04-26,72.52359771728516,72.60852861272184,72.5066141301226,72.58304999207203,3797400
2021-04-27,72.33676147460938,72.50662978196378,72.31977788378062,72.50662978196378,4450300
2021-04-28,72.3707504272461,72.38774050147804,72.21787215823225,72.36225539013012,5479200
2021-04-29,72.31128692626953,72.31128692626953,72.14991364513594,72.24333959949605,6247600
2021-04-30,72.41320037841797,72.41320037841797,72.28580077393306,72.37922671856779,6867600
2021-05-03,72.43104553222656,72.56714276913644,72.39701960055336,72.40552770591738,4601200
2021-05-04,72.5246353149414,72.63521475617833,72.48210126612008,72.50761909949901,5520300
2021-05-05,72.5671615600586,72.59267939297548,72.44807401325671,72.48209995374076,5950300
2021-05-06,72.60121154785156,72.6437456099911,72.50764180297396,72.51614991335921,4143600
2021-05-07,72.60968780517578,72.81383693635681,72.5586521448265,72.71176561565824,4886300
2021-05-10,72.43959045410156,72.63523154842593,72.42257423472525,72.6182218188358,6211800
2021-05-11,72.29497528076172,72.33750933749376,72.25244771381557,72.32049311888659,6630800
2021-05-12,72.03975677490234,72.1758540112875,72.01423894869156,72.1758540112875,7011700
2021-05-13,72.18440246582031,72.21842841638194,72.03128893318626,72.03128893318626,6991000
2021-05-14,72.35450744628906,72.35450744628906,72.2354198943077,72.28646205214604,6262100
2021-05-17,72.28646850585938,72.33750417846932,72.26094417976898,72.33750417846932,4753000
2021-05-18,72.20990753173828,72.24393347628042,72.17588158719614,72.22692374890202,4631000
2021-05-19,72.13336181640625,72.30348506770997,72.04829370096834,72.22693155155912,6511300
2021-05-20,72.37150573730469,72.38000735335137,72.20988417545236,72.20988417545236,5283900
2021-05-21,72.38853454589844,72.43106859647978,72.32899076895552,72.40555076204495,5050800
2021-05-24,72.47359466552734,72.50762060733506,72.42255899770818,72.4310671056063,6954500
2021-05-25,72.66072845458984,72.66072845458984,72.50761497324496,72.51612308048199,5235500
2021-05-26,72.63520050048828,72.69474426328102,72.57565673769552,72.61819077816895,4834400
2021-05-27,72.53314208984375,72.59268586855626,72.47359831113124,72.57567614168917,5215200
2021-05-28,72.5246353149414,72.63521475617833,72.51612720722021,72.53313693287792,5258500
2021-06-01,72.51953887939453,72.53657538418211,72.40026384587594,72.47693786742282,5398000
2021-06-02,72.5962142944336,72.61325729955014,72.49397576374011,72.51101876885666,5479900
2021-06-03,72.45989227294922,72.52804478355205,72.44284927029776,72.52804478355205,4829000
2021-06-04,72.74956512451172,72.74956512451172,72.5365730714478,72.55361607569382,19321400
2021-06-07,72.69843292236328,72.72399092303911,72.66435342146212,72.69843292236328,10706500
2021-06-08,72.8347396850586,72.85178268439991,72.7921451867048,72.8347396850586,5099600
2021-06-09,72.97957611083984,73.04772860534021,72.92845361496522,73.00513410877741,4810300
2021-06-10,73.13294982910156,73.14999283372256,72.85180525287267,72.87736325980241,7400300
2021-06-11,73.11592864990234,73.14148666218915,73.04776961713543,73.11592864990234,4194500
2021-06-14,72.92847442626953,73.06479245416975,72.91143792278267,73.06479245416975,4438400
2021-06-15,72.92847442626953,72.9540324315005,72.86031541231944,72.89439491929448,6173600
2021-06-16,72.72400665283203,73.03923722935026,72.6388111321519,72.9966362190094,7302400
2021-06-17,72.97103881835938,73.15847276266776,72.8262058613931,72.84324235633112,6467500
2021-06-18,73.20110321044922,73.26074072202658,72.95403166248549,73.0307121773714,5842800
2021-06-21,72.94550323486328,73.05625673597903,72.92846023469158,73.03069873572156,7907000
2021-06-22,73.04772186279297,73.05624336131876,72.85177289669201,72.86028789521892,4082900
2021-06-23,72.99662017822266,73.06477917978967,72.95401917724324,73.00514167841857,5739900
2021-06-24,73.03070068359375,73.08181668547206,73.0051426826546,73.03922218390689,4852100
2021-06-25,72.8944091796875,73.05628524448662,72.8006921421725,73.04776374107544,6018500
2021-06-28,73.0903549194336,73.13294943075056,72.98811639226976,73.00515939679792,5664100
2021-06-29,73.12440490722656,73.12440490722656,72.9795719272167,72.9795719272167,10672700
2021-06-30,73.17555236816406,73.25223289055573,73.1585158631892,73.18407387065245,4846600
2021-07-01,73.16871643066406,73.1943137738202,73.0663205480336,73.1516537052286,5768000
2021-07-02,73.29670715332031,73.29670715332031,73.16017931447556,73.17724854933398,4315700
2021-07-06,73.56121063232422,73.61240530918317,73.38202275331321,73.38202275331321,5711600
2021-07-07,73.7148208618164,73.75748744393138,73.57829951706005,73.63802882601716,5933900
2021-07-08,73.78308868408203,73.86841534280981,73.7062901342223,73.75749133746437,6991200
2021-07-09,73.55269622802734,73.61242553744428,73.55269622802734,73.61242553744428,10304900
2021-07-12,73.52710723876953,73.629503142267,73.48444716148434,73.60390579389444,9073900
2021-07-13,73.29670715332031,73.57829093843337,73.27110981103833,73.51856163644021,8583600
2021-07-14,73.5441665649414,73.56122929155423,73.43323605693594,73.45030529355509,5036200
2021-07-15,73.7233657836914,73.73190040330847,73.53564321216,73.67216457599635,3423000
2021-07-16,73.65508270263672,73.69774927962497,73.54415871647514,73.55268682386827,5725100
2021-07-19,74.07321166992188,74.14147561108481,73.96228764803789,73.98788499847207,6493300
2021-07-20,73.99639129638672,74.30357240403819,73.95372472198865,74.27797506340144,6762200
2021-07-21,73.75748443603516,73.84281108677898,73.68922051143763,73.800144506404,6293000
2021-07-22,73.91957092285156,73.97930020335703,73.76598041440847,73.76598041440847,4894900
2021-07-23,73.834228515625,73.85982584322285,73.72330459270034,73.7318392052336,8887500
2021-07-26,73.79158782958984,73.9195745011519,73.76598398527379,73.9195745011519,5427900
2021-07-27,73.97933197021484,73.99640120626215,73.89400531999667,73.96226924417365,4344100
2021-07-28,74.04756164550781,74.04756164550781,73.80864453139974,73.885436528076,6636700
2021-07-29,73.91957092285156,73.97077209900148,73.87691087106384,73.89397358977827,5201000
2021-07-30,74.030517578125,74.04758030057292,73.95371905209751,73.97931639077176,7557200
2021-08-02,74.2065658569336,74.30057446414563,74.03563815280934,74.07837170889671,4660800
2021-08-03,74.22367095947266,74.30059007254334,74.1894854114664,74.21512294241445,5297700
2021-08-04,74.22367095947266,74.39459869950387,74.04420172260983,74.36041315149762,3916900
2021-08-05,74.05274200439453,74.1723881498053,74.02710447612449,74.15529211747466,4613800
2021-08-06,73.70231628417969,73.83905840852482,73.68522677874822,73.77068734635226,4329800
2021-08-09,73.56562042236328,73.81346076646194,73.56562042236328,73.77072719946233,4541300
2021-08-10,73.4544906616211,73.59978082764745,73.4544906616211,73.59978082764745,4312300
2021-08-11,73.50578308105469,73.61688120538376,73.37758892515154,73.47159753813214,6494000
2021-08-12,73.51434326171875,73.53998731559781,73.41179312711161,73.48016423033455,4946500
2021-08-13,73.80492401123047,73.80492401123047,73.5912691840836,73.60835870135509,4329600
2021-08-16,73.873291015625,74.01002670688209,73.84765348102852,73.89892855022148,3918900
2021-08-17,73.79635620117188,73.89891283797992,73.7792666884836,73.81345223408628,7168400
2021-08-18,73.77924346923828,73.86470404623643,73.7023243857831,73.77924346923828,4561900
2021-08-19,73.941650390625,73.941650390625,73.84764827713786,73.91601285783514,5345600
2021-08-20,73.92451477050781,73.9843378164496,73.89887725370748,73.95870029964925,3581200
2021-08-23,73.941650390625,73.9501984082973,73.86473779225543,73.90747136038989,4005500
2021-08-24,73.79635620117188,73.90746085443713,73.79635620117188,73.88181680506553,5164800
2021-08-25,73.67670440673828,73.83908410585335,73.61688133657363,73.83053609005108,3904900
2021-08-26,73.68524932861328,73.710886854718,73.59124071941243,73.70233883927463,4810900
2021-08-27,73.89892578125,73.89892578125,73.64253740443694,73.70236048966302,4780900
2021-08-30,73.98438262939453,73.98438262939453,73.83055091519239,73.84764695022982,4119000
2021-08-31,73.89037322998047,74.01856741052204,73.83055014842465,73.97583384359923,4974900
2021-09-01,73.90319061279297,73.96311376365554,73.82615775669282,73.96311376365554,4792400
2021-09-02,74.00589752197266,74.00589752197266,73.90318053076348,73.96310367345122,4885100
2021-09-03,73.85185241699219,73.86897518702459,73.79193578272546,73.83473617738312,4059700
2021-09-07,73.63787078857422,73.69778742876771,73.57795414838073,73.68067118746558,4839700
2021-09-08,73.7576904296875,73.8261684430811,73.6892124162939,73.72345142299069,4864600
2021-09-09,74.02304077148438,74.04871839378768,73.77481287184789,73.83472950069651,5504600
2021-09-10,73.84326171875,73.93741732528167,73.7063122649717,73.9031783292319,3711400
2021-09-13,73.95455169677734,73.97166793227849,73.89463507689065,73.90318992943033,4047300
2021-09-14,74.13432312011719,74.19423975743203,73.98881221955597,74.01448984548752,4758300
2021-09-15,74.06580352783203,74.1257201315186,73.9802093126255,74.11715875087195,6204400
2021-09-16,73.92887115478516,74.00590400712673,73.86895453726787,73.91174838953934,4604000
2021-09-17,73.83473205566406,73.85184829431763,73.76625404020382,73.82617067112578,6217800
2021-09-20,74.0401382446289,74.06581586042441,73.9374212510258,73.94598263309801,6195100
2021-09-21,74.02304077148438,74.05727324760693,73.98880176493905,74.04871839378768,6962300
2021-09-22,74.10006713867188,74.12574475872285,73.9545562714349,74.02303427851895,6006200
2021-09-23,73.70635223388672,73.92890256368271,73.67211321927009,73.91177979116223,5222300
2021-09-24,73.55227661132812,73.63787087879169,73.50947621238434,73.62075463746858,4170600
2021-09-27,73.46666717529297,73.5437000409781,73.41530540108023,73.44098955339793,4858500
2021-09-28,73.14999389648438,73.2955048390772,73.0900772418623,73.24414957237987,6253700
2021-09-29,73.15853881835938,73.32972735577086,73.08149940522733,73.25269447306292,5123500
2021-09-30,73.14142608642578,73.18422649186589,73.08150943706465,73.13287122967776,5877700
2021-10-01,73.39002227783203,73.42431345947851,73.23571523060991,73.26143198175124,6029900
2021-10-04,73.33856964111328,73.39857755824471,73.24427055128213,73.30427846841356,7280000
2021-10-05,73.15852355957031,73.31283053322888,73.13280682068907,73.29568822076504,4395400
2021-10-06,73.19283294677734,73.21855623243363,73.13282502765799,73.1756906300458,7177800
2021-10-07,72.98711395263672,73.08141307338073,72.96997163085354,73.06427075159753,5363500
2021-10-08,72.80707550048828,72.93566577931333,72.76420989408884,72.93566577931333,4547100
2021-10-11,72.69564056396484,72.76421638379753,72.67849170372628,72.72135731394883,3286600
2021-10-12,72.96138763427734,72.98710438376786,72.77278941751523,72.77278941751523,5529600
2021-10-13,73.15852355957031,73.17567241240518,73.03850775121045,73.03850775121045,5018100
2021-10-14,73.28714752197266,73.29572195233614,73.14998933802711,73.20142283945994,4336400
2021-10-15,73.10710906982422,73.15854256094549,73.07281789561914,73.15854256094549,5801200
2021-10-18,73.06425476074219,73.1156882552096,72.91851562579593,73.00424683707249,5863600
2021-10-19,72.8584976196289,72.98708787837566,72.84992973198543,72.98708787837566,3865900
2021-10-20,72.77279663085938,72.9185292526667,72.77279663085938,72.83280456574323,5332400
2021-10-21,72.66990661621094,72.77278014143383,72.64418986999843,72.75563782408312,6073300
2021-10-22,72.82422637939453,72.84994967048196,72.68706819546512,72.75565055761685,6076100
2021-10-25,72.8584976196289,72.91850553499442,72.78992181661991,72.79848970426337,4652500
2021-10-26,73.00425720214844,73.00425720214844,72.81565897516006,72.92710040911952,5752800
2021-10-27,73.2699966430664,73.37286363391632,73.03853283290755,73.13283193476882,7618400
2021-10-28,73.17567443847656,73.30426467681424,73.12424095928998,73.22710791766315,6225800
2021-10-29,73.19283294677734,73.24427297771727,72.97851801558353,73.00424130123982,8975200
2021-11-01,73.13616180419922,73.14474971041099,72.96444298388245,72.99878150742333,5201400
2021-11-02,73.27352142333984,73.3164543954682,73.16190486671869,73.17049277127472,4199400
2021-11-03,73.14473724365234,73.33363184419753,73.04170203863171,73.31645603470143,5058700
2021-11-04,73.4796142578125,73.4796142578125,73.18768436966457,73.196272276842,5564100
2021-11-05,73.70286560058594,73.75438650569211,73.47104445490226,73.52255880935297,4595900
2021-11-08,73.53968811035156,73.60837823993948,73.49675514169628,73.59979033607817,6517200
2021-11-09,73.74575805664062,73.86596251805008,73.7285887981472,73.77151521970667,6027800
2021-11-10,73.2477798461914,73.64273838133568,73.15333252793373,73.6255691192221,6206400
2021-11-11,73.1275634765625,73.28211301308394,73.11039421723886,73.2563558487724,3847100
2021-11-12,73.13616180419922,73.29071136274555,73.07605956202305,73.23060912056937,4890900
2021-11-15,72.83564758300781,73.08464444763321,72.82705967715098,73.06746863591955,6239500
2021-11-16,72.78414916992188,72.93869876979633,72.75839199505194,72.8356700703166,5580700
2021-11-17,72.93869018554688,72.95586600054196,72.73262626018447,72.74980207517955,6589200
2021-11-18,73.0245590209961,73.05031619384404,72.89576660610203,72.91293587111588,5320700
2021-11-19,73.17910766601562,73.26496709128749,73.14476258577604,73.1962769308083,5498200
2021-11-22,72.81849670410156,73.03314856944856,72.7669823526279,72.9902221267722,7497100
2021-11-23,72.52657318115234,72.73263713733155,72.52657318115234,72.7154678704229,5779500
2021-11-24,72.69828796386719,72.71546378046483,72.49222401927825,72.53515701011769,4757400
2021-11-26,73.21341705322266,73.25635002409636,73.0159411087675,73.05886752898958,4402500
2021-11-29,73.20484161376953,73.23059877811401,72.95584477401921,72.9730140333648,6133000
2021-11-30,73.3422622680664,73.58267135664207,73.18771263245972,73.40236454021033,11234800
2021-12-01,73.3895034790039,73.40670647509444,73.14871402190147,73.23471588031288,7737300
2021-12-02,73.39813232421875,73.48412765365025,73.26054110933296,73.45832971092311,8831600
2021-12-03,73.68195343017578,73.8109497584309,73.31216745505822,73.3207689598821,7440900
2021-12-06,73.48413848876953,73.70773162707835,73.44974560074421,73.69053518306568,6865000
2021-12-07,73.32071685791016,73.48410596730432,73.31211535919853,73.37231272813767,5351200
2021-12-08,73.09716796875,73.26915868073702,73.05416701024069,73.25196223394836,9064200
2021-12-09,73.13156127929688,73.251956079778,73.07136387905632,73.16596073100928,8096700
2021-12-10,73.15734100341797,73.32933165811039,73.14014456235789,73.2347413907456,6869100
2021-12-13,73.40674591064453,73.46694330725937,73.29495262008102,73.31214906438919,4955300
2021-12-14,73.28633880615234,73.35513769387592,73.16594403314761,73.31213674879292,5165800
2021-12-15,73.19175720214844,73.27775254918133,73.07136240409751,73.13155980312297,6036000
2021-12-16,73.28633880615234,73.37233413529529,73.22614141964998,73.22614141964998,6067700
2021-12-17,73.41532897949219,73.50992580199527,73.37232803798261,73.38952447797294,4884200
2021-12-20,73.294921875,73.4669124900333,73.26911737782574,73.42391155576428,7129100
2021-12-21,73.21754455566406,73.26054550347052,73.05414882722765,73.26054550347052,6237800
2021-12-22,73.294921875,73.294921875,73.17452057125101,73.28632037594191,5110000
2021-12-23,73.18363189697266,73.26990151105227,73.10598463693626,73.26990151105227,4631200
2021-12-27,73.21812438964844,73.26988482992213,73.1663573674266,73.19223758756344,5311700
2021-12-28,73.20954895019531,73.34757908576717,73.16641083048056,73.33895672738659,5674800
2021-12-29,72.96797943115234,73.08875824840334,72.91621237950771,73.04562013569145,7757900
2021-12-30,73.13190460205078,73.14916248341423,72.95073633945384,73.06289282245663,6352100
2021-12-31,73.11461639404297,73.25265304745618,73.09736510334128,73.14049662107047,7162600
2022-01-03,72.62287139892578,72.84717766685709,72.61424246271116,72.84717766685709,7244300
2022-01-04,72.61425018310547,72.62287912023753,72.46759116161319,72.55386078708214,7384500
2022-01-05,72.36408233642578,72.64877809769847,72.34683103966026,72.64877809769847,7076500
2022-01-06,72.28643035888672,72.31231059097648,72.19153178659013,72.2519211887833,6011000
2022-01-07,72.08799743652344,72.22603410384008,71.98447651798652,72.21740516664515,6345100
2022-01-10,72.02761840820312,72.05349864156273,71.87233042609398,71.93271983125022,5912300
2022-01-11,72.17428588867188,72.19153718403778,71.95860849586367,72.01036896391311,6755600
2022-01-12,72.1484146118164,72.28645133228042,72.13979225325224,72.23469085308297,6672700
2022-01-13,72.2691650390625,72.28642291331222,72.09662578826834,72.16564412136621,5746300
2022-01-14,71.87232971191406,72.12251626849005,71.86370735551422,72.11388733013875,6843000
2022-01-18,71.42372131347656,71.67390786187885,71.42372131347656,71.63076975348315,7453100
2022-01-19,71.59626007080078,71.70841651904647,71.55312854466499,71.5790087767367,8644100
2022-01-20,71.67394256591797,71.72570305549388,71.63080443663509,71.69982281070592,4951300
2022-01-21,71.94133758544922,72.01898485540825,71.84643902324957,71.90682841901749,5204500
2022-01-24,71.82918548583984,72.03623389600804,71.820556549014,71.99309579382911,10332200
2022-01-25,71.73426818847656,71.94994547913227,71.72563925390473,71.8636758792597,5872700
2022-01-26,71.33745574951172,71.82919993630831,71.33745574951172,71.79469076401274,7382500
2022-01-27,71.57037353515625,71.68252339157313,71.50998413832399,71.51861307557162,6295600
2022-01-28,71.65664672851562,71.67390460386991,71.4064601914858,71.41508912916296,5992500
2022-01-31,71.6048812866211,71.67389961933655,71.49273143242132,71.51861166170201,8033400
2022-02-01,71.57637023925781,71.64550268586899,71.45539175410475,71.62821627779971,5013300
2022-02-02,71.68006134033203,71.84424925058971,71.64550171033,71.68006134033203,7248800
2022-02-03,71.37760925292969,71.44674169290582,71.29984020258081,71.38625245613478,6156500
2022-02-04,70.93690490722656,71.04924678103524,70.8677790535362,71.03196037298791,7746000
2022-02-07,70.99739837646484,71.04924441321302,70.87641330266452,70.9369025431483,6252200
2022-02-08,70.76408386230469,70.86778253718722,70.76408386230469,70.84185951667492,6727000
2022-02-09,70.81596374511719,70.98015174393562,70.80732712937466,70.88509622807615,5862000
2022-02-10,70.16783142089844,70.5912627525716,70.16783142089844,70.53941011619989,8869700
2022-02-11,70.62579345703125,70.67763947449271,70.1245933121362,70.38382999227376,11100900
2022-02-14,70.22831726074219,70.39250518108871,70.1505481992096,70.32337273117088,6301600
2022-02-15,70.08141326904297,70.23695797943655,70.06413345359171,70.14190251237197,6731200
2022-02-16,70.17648315429688,70.21969259105227,69.96044915618877,70.20240617921634,7142400
2022-02-17,70.3320083618164,70.41842061849162,70.2110298839046,70.2542393086585,6833600
2022-02-18,70.45301818847656,70.47030460320292,70.34932607146054,70.42709515922256,4744400
2022-02-22,70.4097900390625,70.4097900390625,70.25424532659022,70.3320143864098,7058800
2022-02-23,70.05551147460938,70.27154549378515,70.05551147460938,70.25426567309852,7938900
2022-02-24,70.21100616455078,70.40976022130809,70.12459393706817,70.3319846015925,8883500
2022-02-25,70.27151489257812,70.2801580955751,70.11597020279336,70.16781623511089,5923200
2022-02-28,70.78999328613281,70.81591630166606,70.54803635071303,70.5653227562899,6494400
2022-03-01,71.16130828857422,71.39499004567556,70.99686141302385,71.00551824942951,9319000
2022-03-02,70.28715515136719,70.8930082594782,70.28715515136719,70.84973067917323,6491500
2022-03-03,70.59874725341797,70.65067507603449,70.40833643284702,70.51219868131284,10349100
2022-03-04,70.8497543334961,70.98823075088751,70.77185598358591,70.87571824905487,8042600
2022-03-07,70.5035400390625,70.7372284413227,70.43429854185706,70.5641246983091,6425400
2022-03-08,70.17465209960938,70.21792308248659,70.07944669275393,70.14868818923654,8565900
2022-03-09,69.98422241210938,70.10539169665995,69.92363776983409,70.01884315101394,5761500
2022-03-10,69.61205291748047,69.76784293018115,69.49088364129442,69.74187902860275,8261200
2022-03-11,69.56014251708984,69.66399814938634,69.52552177191369,69.58610642516398,7883400
2022-03-14,68.91967010498047,69.18797923500581,68.90236303363953,69.17932239771929,15449700
2022-03-15,69.03218841552734,69.24856312266947,68.9456398533169,69.18797846879895,6265000
2022-03-16,69.13601684570312,69.13601684570312,68.68596053735479,69.04081148376281,8156400
2022-03-17,69.19661712646484,69.37837766090067,69.14468931847229,69.25720177019981,6774600
2022-03-18,69.39567565917969,69.43895322900443,69.27450638754651,69.30047028814933,8895700
2022-03-21,68.68598175048828,69.09276722200592,68.65136100788769,69.06680331586334,6831300
2022-03-22,68.51288604736328,68.59077776739022,68.41768065406484,68.50422921072753,6488400
2022-03-23,68.824462890625,68.824462890625,68.49557571795829,68.66002260590761,8919400
2022-03-24,68.7379150390625,68.7552287133579,68.46961251657181,68.48691958763521,18907400
2022-03-25,68.1320571899414,68.46094431138984,68.0368518068217,68.46094431138984,21372500
2022-03-28,68.33111572265625,68.40901403477515,68.16667546948197,68.20994644000967,7494000
2022-03-29,68.634033203125,68.6599971014236,68.3657241798373,68.44362247796259,7308100
2022-03-30,68.78982543945312,68.81578933859844,68.44362470997964,68.45227494087496,7071800
2022-03-31,68.8417739868164,68.95428645143419,68.75522542916953,68.82446031334803,8244200
2022-04-01,68.69253540039062,68.80533526424517,68.34547060801799,68.3975346296856,6326900
2022-04-04,68.74458312988281,68.75325494834696,68.51031163717575,68.72722625353701,9091700
2022-04-05,68.05044555664062,68.56236081246135,68.00705999068282,68.545010557903,6956300
2022-04-06,67.84222412109375,68.02443162217031,67.59060234730916,67.68604531735537,8649400
2022-04-07,67.70339965820312,67.84222821199059,67.59928486257232,67.76413549555768,9157600
2022-04-08,67.33898162841797,67.52118913234888,67.25221709602842,67.3823672044675,8989600
2022-04-11,67.02664947509766,67.19150678305299,66.96591361738443,67.1567996329723,7858300
2022-04-12,67.24353790283203,67.46045254122826,67.2088307663235,67.3476593123576,8168200
2022-04-13,67.32164764404297,67.5472408007404,67.30429737954859,67.32164764404297,7790300
2022-04-14,66.8617935180664,67.33033012405453,66.81841454437308,67.29562297327257,7046100
2022-04-18,66.64484405517578,66.87911554592364,66.61881536058351,66.8704371078233,7187800
2022-04-19,66.22838592529297,66.50603642675243,66.20235722511084,66.40191500631384,11568000
2022-04-20,66.64484405517578,66.73161519676162,66.42792944062859,66.4713150114215,7366100
2022-04-21,66.28911590576172,66.54073768479607,66.0895515224898,66.53205924559916,7869900
2022-04-22,66.20234680175781,66.3498471593731,66.02881112834947,66.09822539771281,8625100
2022-04-25,66.61882781982422,66.82706403521603,66.52338484199674,66.52338484199674,6091600
2022-04-26,66.79237365722656,66.94855249741146,66.72295936831974,66.91384535295805,8837100
2022-04-27,66.58411407470703,66.87044297978225,66.51470642293579,66.80102870830171,10802000
2022-04-28,66.55809020996094,66.55809020996094,66.32382530134308,66.41058983713822,7644000
2022-04-29,66.10692596435547,66.39324833682936,66.08089725955887,66.18501207874526,7120400
2022-05-02,65.76876831054688,65.92523006071966,65.69922533359232,65.90784763247267,10166700
2022-05-03,65.92523193359375,66.1947093189524,65.87307801538785,66.13386087038435,7769000
2022-05-04,66.35118865966797,66.35118865966797,65.75139197334389,65.8730888905713,12238000
2022-05-05,65.69055938720703,65.95134234826862,65.42108852423326,65.95134234826862,10540000
2022-05-06,65.41236114501953,65.64706038653718,65.34281817272435,65.42105567455215,8803000
2022-05-09,65.70793151855469,65.73401511615931,65.31676377029228,65.35153526844663,7420300
2022-05-10,65.8991470336914,66.09038688671345,65.83829859245554,65.96869000424172,24792700
2022-05-11,66.12515258789062,66.14253501301638,65.60359361835039,65.64705299715584,9843600
2022-05-12,66.25558471679688,66.40335863314256,66.2034307773775,66.26427925069551,6079800
2022-05-13,66.01214599609375,66.15122528409505,65.96867998810364,66.11645380409931,5024800
2022-05-16,66.11647033691406,66.27293872002993,66.09039337839198,66.09908790856045,6104400
2022-05-17,65.72533416748047,65.91657413086153,65.70794509881681,65.78618264383022,5881200
2022-05-18,66.00344848632812,66.03821996475304,65.66443486166196,65.66443486166196,4963300
2022-05-19,66.14253997802734,66.38594037193369,66.09908059595959,66.3598567843139,5461400
2022-05-20,66.34247589111328,66.38594190616817,66.16862509485924,66.16862509485924,6960100
2022-05-23,66.1077880859375,66.38595338724073,66.06432206336541,66.31641040391895,7332900
2022-05-24,66.6467056274414,66.74232553708045,66.34246347494518,66.34246347494518,6587100
2022-05-25,66.91620635986328,66.93358878952793,66.75104343412183,66.86404580690164,5737200
2022-05-26,66.84668731689453,67.02053820373723,66.76844977542497,66.93361276031588,5328400
2022-05-27,67.03787994384766,67.12480532590095,66.93356550619478,67.02918541604787,6355300
2022-05-31,66.65542602539062,66.70757994835141,66.46418613188891,66.6467314942358,9067000
2022-06-01,66.3575668334961,66.74949099166652,66.24433927839074,66.67981351849546,7294600
2022-06-02,66.41850280761719,66.47946890776113,66.23560450718536,66.45334152838609,5276600
2022-06-03,66.32272338867188,66.3575621227842,66.18336845222255,66.18336845222255,5549600
2022-06-06,65.93077850341797,66.2704477823079,65.90465111962762,66.21819301472719,6698000
2022-06-07,66.1572265625,66.2878701255845,66.0352943422365,66.06142172589188,6989800
2022-06-08,65.88725280761719,66.131117315023,65.88725280761719,66.01789640653014,3778300
2022-06-09,65.80015563964844,65.93079258650478,65.76531690555038,65.8436990736642,4828500
2022-06-10,65.24275207519531,65.68693100381067,65.11210847773987,65.54758270605176,14690800
2022-06-13,64.18888854980469,64.66791278390511,63.90148065415279,64.63307405371522,11255300
2022-06-14,63.84050750732422,64.45887994927985,63.75340736903692,64.37178645580016,9530100
2022-06-15,64.57211303710938,64.61566311448848,64.014706599663,64.3195372068901,9098600
2022-06-16,64.71146392822266,64.7288799712015,63.936320441899305,64.00599125862313,8477600
2022-06-17,64.74630737304688,64.87695097513745,64.48502681367536,64.78985745534693,4913600
2022-06-21,64.45015716552734,64.69402156190355,64.39790240767714,64.54596198479034,7069900
2022-06-22,64.98143768310547,65.10336988441483,64.92047158245079,65.00756506269938,8407600
2022-06-23,65.29501342773438,65.60855543525946,65.21662460344807,65.23404729542727,8542600
2022-06-24,65.17311096191406,65.43439165777575,65.1295608568639,65.19923836701892,6979000
2022-06-27,64.85951232910156,65.08596071749966,64.7898348796241,64.92047843619251,6238900
2022-06-28,64.89437103271484,64.89437103271484,64.7201773553926,64.82469356178595,5578800
2022-06-29,65.26886749267578,65.26886749267578,64.89435945923567,64.89435945923567,3896400
2022-06-30,65.54757690429688,65.7130525779384,65.46918809483822,65.46918809483822,4387100
2022-07-01,66.07032775878906,66.36704118937244,65.91324574447842,65.98306145261479,5801800
2022-07-05,66.18375396728516,66.29720612438012,66.06157984271398,66.19248259275179,6253900
2022-07-06,65.78231811523438,66.36701612758996,65.76486752378624,66.34955887815195,5312000
2022-07-07,65.59906005859375,65.85213692354151,65.53797299864017,65.8434082984081,7536700
2022-07-08,65.38091278076172,65.48563634322149,65.3110970724552,65.45945711710465,4187100
2022-07-11,65.62525177001953,65.79106238917136,65.58162195202637,65.61652980121578,4128600
2022-07-12,65.73870086669922,65.99177776798055,65.73870086669922,65.86960363053316,6013700
2022-07-13,65.94815826416016,66.00051671997043,65.31983016246545,65.33728741973079,6382700
2022-07-14,65.73870086669922,65.82596715659147,65.40707964392105,65.537982407755,5598000
2022-07-15,65.97429656982422,66.06156282804318,65.764856218501,65.764856218501,5276400
2022-07-18,65.77362060546875,65.86088691113788,65.64271781796887,65.84342965520865,3438000
2022-07-19,65.72122955322266,65.82595307348302,65.60778406643288,65.7823166088771,3493400
2022-07-20,65.6601333618164,65.93938938566615,65.62522552658659,65.93066742035028,3966900
2022-07-21,66.20120239257812,66.23611023180048,65.82595144342471,65.82595144342471,6832900
2022-07-22,66.74226379394531,66.89061711688234,66.56772459814628,66.64626890075323,6617000
2022-07-25,66.49788665771484,66.55897369129646,66.40189179665985,66.44552824549841,4256200
2022-07-26,66.51538848876953,66.82082386142494,66.48920926511218,66.76846541411024,6964100
2022-07-27,66.69864654541016,66.92554423632005,66.62010222017572,66.62883084697765,5919600
2022-07-28,67.1611557006836,67.25715060981662,67.03025294659396,67.1611557006836,5140200
2022-07-29,67.10883331298828,67.34445307053161,66.97793048857788,67.02156698271276,6601700
2022-08-01,67.39997863769531,67.45244145647412,67.17262863754743,67.24258351009506,5370800
2022-08-02,66.71793365478516,67.48741721994448,66.66546416604308,67.40871632246318,10808300
2022-08-03,67.05017852783203,67.05892455048779,66.42934434448533,66.6566942347108,5747700
2022-08-04,67.21636199951172,67.22510135641933,67.01524337913494,67.08519826198467,9869900
2022-08-05,66.45561218261719,66.54305244334147,66.33319448335035,66.49933564861146,8946400
2022-08-08,66.75291442871094,66.84910072268721,66.68296621867201,66.71794365932381,8534700
2022-08-09,66.60425567626953,66.68295657416955,66.53430080508367,66.59551632081907,6888800
2022-08-10,66.78787994384766,67.09393082708684,66.72667110145251,66.89281224706653,4305000
2022-08-11,66.41187286376953,67.04145326472307,66.38564145894024,66.95401302487123,5179500
2022-08-12,66.71793365478516,66.71793365478516,66.46435225153337,66.63923275730387,4376800
2022-08-15,66.78787994384766,66.92778968147282,66.77039456227624,66.86658083907768,3922300
2022-08-16,66.70046997070312,66.70921600109064,66.48186590988081,66.69172394031561,4104000
2022-08-17,66.30695343017578,66.46434854509744,66.20202112980691,66.39439367818485,4131100
2022-08-18,66.42938995361328,66.59553114183896,66.40315853889663,66.49059881170719,4026800
2022-08-19,66.00965881347656,66.07086766369713,65.89598714057104,66.04463625235465,5115800
2022-08-22,65.71235656738281,65.89598310680395,65.6598870766454,65.86975169706722,4158600
2022-08-23,65.6861343383789,65.97468655707702,65.58994804172458,65.6861343383789,6294800
2022-08-24,65.51996612548828,65.5899209798768,65.44126524648567,65.55494355268253,3808600
2022-08-25,65.87849426269531,65.93096375598927,65.51124116595882,65.56371065925278,3688400
2022-08-26,65.74734497070312,65.90474012664086,65.62492725733657,65.7823224132743,4276600
2022-08-29,65.45001983642578,65.5462061059822,65.39755702439973,65.53746008022352,3263800
2022-08-30,65.50248718261719,65.6511362593498,65.31885400399132,65.51997256230106,6878700
2022-08-31,65.2314224243164,65.5287272885198,65.15272819839599,65.45002639133574,5155600
2022-09-01,64.87741088867188,64.93874798898301,64.62329813445643,64.85988218273009,6160700
2022-09-02,65.04393005371094,65.2629921819347,65.00011495396794,65.06145208246078,3600600
2022-09-06,64.45681762695312,64.79855390166097,64.4392956038691,64.78979623274068,6869800
2022-09-07,64.92121124267578,64.92121124267578,64.64957650140254,64.66710520517341,4208300
2022-09-08,64.7197036743164,64.94753011721474,64.70217496357725,64.80732717227903,3580300
2022-09-09,64.69342803955078,64.92124783504745,64.65837729749464,64.79857358047371,3831700
2022-09-12,64.61454010009766,64.90370360923121,64.5356809713757,64.84236650292196,4008200
2022-09-13,64.29034423828125,64.34291700032368,64.15890564793077,64.2114784099732,9481200
2022-09-14,64.36920928955078,64.45683279607893,64.2114843037021,64.22901301615474,4332200
2022-09-15,64.17643737792969,64.30787598815559,64.13262896468467,64.23777450466905,4967200
2022-09-16,64.10629272460938,64.23772454737612,63.983611881293385,64.03619129564031,5050000
2022-09-19,64.06251525878906,64.123852373826,63.88726826875331,63.95736305362112,6374900
2022-09-20,63.74707794189453,63.860987839432234,63.633168044356836,63.71202719990321,4750500
2022-09-21,63.922298431396484,63.957349158837665,63.47541669831747,63.80838858114466,6360300
2022-09-22,63.265132904052734,63.519245746692974,63.186273755601384,63.51048807591717,5216100
2022-09-23,63.08987045288086,63.308932503064476,62.87080840269725,63.308932503064476,6885400
2022-09-26,62.283729553222656,62.92338705600548,62.26620084382803,62.888336322460084,8658900
2022-09-27,62.01210403442383,62.397655517625125,61.924480520581426,62.318796360740635,9946100
2022-09-28,62.97598648071289,63.00227286790143,62.467760710914575,62.59043497462507,11649700
2022-09-29,62.651771545410156,62.77444580802205,62.45023143669294,62.599198771503886,6100300
2022-09-30,62.5027961730957,62.97597108253187,62.432694700902715,62.82700378281068,8919100
2022-10-03,63.02617263793945,63.38622506651637,62.859325119724886,62.964701089145386,6762600
2022-10-04,63.18425369262695,63.438923493807835,63.12278213371415,63.25450881706943,6124400
2022-10-05,62.85054397583008,62.91201552699123,62.595874206763405,62.85932754025212,7252400
2022-10-06,62.61344909667969,62.8768957629266,62.56075440351238,62.81542420414591,7108400
2022-10-07,62.28849792480469,62.45535209971405,62.23580995373629,62.35875301949227,5023200
2022-10-10,62.00752639770508,62.2885402675897,61.87579968059373,62.2885402675897,4950700
2022-10-11,62.02505874633789,62.30607248897005,61.93724320799586,62.104097420772995,9225500
2022-10-12,62.09532165527344,62.191920769549995,61.919690556532565,61.95481811626013,5442000
2022-10-13,61.87579345703125,62.0865521632715,61.2874217729989,61.35767690837847,6668900
2022-10-14,61.57720947265625,62.200708626071474,61.55085877611977,62.19192506055931,6544400
2022-10-17,61.708927154541016,62.06897962824067,61.708927154541016,61.95482008042957,19605200
2022-10-18,61.84943389892578,61.946033010799994,61.59476412215711,61.87577789309206,7008000
2022-10-19,61.340084075927734,61.55084269386987,61.27861253319896,61.463027161385284,6483600
2022-10-20,60.9273567199707,61.34009718071193,60.892229159493034,61.21715406898864,6260900
2022-10-21,61.0327262878418,61.10298139370204,60.67267389522979,60.716585011366355,6984400
2022-10-24,60.94491958618164,61.19958935690409,60.795632489519164,61.01517470222162,7259400
2022-10-25,61.524539947509766,61.65626668448839,61.3928199104313,61.419163917846994,7780900
2022-10-26,61.77037811279297,61.88454432243082,61.62109105392262,61.66500216530563,7001000
2022-10-27,62.09532165527344,62.227048329277565,61.805524312443744,61.946034551354,5493300
2022-10-28,61.972389221191406,62.095332351466894,61.80553495871833,61.823102091556606,4828800
2022-10-31,61.7791862487793,61.82309737762871,61.524516441227405,61.787969814528694,6785000
2022-11-01,61.843448638916016,62.15152025861278,61.70261206107883,62.12511507913272,7019000
2022-11-02,61.746604919433594,62.257127273470466,61.614572349878486,61.92264386853679,10223800
2022-11-03,61.50896072387695,61.596986936456545,61.2360982681603,61.2713074101007,6408200
2022-11-04,61.52657699584961,61.702616013966114,61.385740408989946,61.55298217702128,8780400
2022-11-07,61.28889465332031,61.55295979995446,61.28889465332031,61.53535859072481,6246100
2022-11-08,61.561763763427734,61.67618841206162,61.42092722776543,61.43853515245104,6358100
2022-11-09,61.64978790283203,61.73780738654973,61.429735835809694,61.4913501459577,7269400
2022-11-10,62.92608642578125,62.92608642578125,62.39796281456185,62.40676677746139,7014100
2022-11-11,62.92608642578125,62.96129556192335,62.7148383243847,62.78525659666891,4525300
2022-11-14,62.72365951538086,62.83808420267928,62.679646404250285,62.75006469587604,6914500
2022-11-15,63.163734436035156,63.17253168181012,62.97008758170933,63.075714970102,11948800
2022-11-16,63.52464294433594,63.57746001844532,63.28698961494534,63.34860393852495,8856700
2022-11-17,63.26057815551758,63.28698333222213,63.07573520312877,63.198963838054645,6260600
2022-11-18,63.15493392944336,63.410195095430915,63.137332721475836,63.31337166297166,8564600
2022-11-21,63.15493392944336,63.410195095430915,63.1285287597645,63.36618200232938,6834600
2022-11-22,63.480628967285156,63.542243283504384,63.31338723092291,63.32219119479903,9534200
2022-11-23,63.86790466308594,63.86790466308594,63.57744106165069,63.57744106165069,4855000
2022-11-25,63.86790466308594,63.86790466308594,63.727074843519695,63.727074843519695,2536400
2022-11-28,63.78871154785156,63.964750562988584,63.71829325561357,63.91194020153907,5852100
2022-11-29,63.55104064941406,63.7094784221931,63.51583822475811,63.55104064941406,5437600
2022-11-30,64.04393768310547,64.05273492821516,63.383781665347314,63.507010251425825,5479900
2022-12-01,64.57769775390625,64.57769775390625,64.1013108047964,64.1630651671418,7462500
2022-12-02,64.84235382080078,64.85117779435751,64.21598631266717,64.35713623597628,6828300
2022-12-05,64.33064270019531,64.55119482689432,64.25124716532771,64.54237758794243,7552900
2022-12-06,64.54241180419922,64.61298340681071,64.40125513753557,64.4718334708674,7584100
2022-12-07,65.10701751708984,65.13348270636367,64.78942178436496,64.82471094696989,7472500
2022-12-08,64.92176055908203,65.05409326231921,64.81589978106899,64.9129433147282,5378100
2022-12-09,64.54241180419922,64.80707045811306,64.54241180419922,64.77178129144716,12079600
2022-12-12,64.54241180419922,64.85118359912553,64.44536827854805,64.80707045811306,7533500
2022-12-13,64.98351287841797,65.41579336861084,64.93939973972238,65.41579336861084,12563900
2022-12-14,65.14230346679688,65.19524057892276,64.78060130932279,65.02761873017727,9833900
2022-12-15,65.17760467529297,65.2481830173562,65.02763074644947,65.17760467529297,7800400
2022-12-16,65.00996398925781,65.13347267399153,64.76294661979036,64.80705301821325,6541900
2022-12-19,64.62178802490234,64.76294464928515,64.53356850002224,64.74529670587813,6300000
2022-12-20,64.19831848144531,64.31300991000036,64.1277469070087,64.22479039391638,6130500
2022-12-21,64.34832763671875,64.48947757898782,64.2512841067185,64.436547191977,8169000
2022-12-22,64.33949279785156,64.46300150050202,64.27773844652634,64.35713401363613,6833800
2022-12-23,64.13787078857422,64.21746079162607,64.06712561844608,64.11134303643385,4693400
2022-12-27,63.642677307128906,63.8725957700248,63.63383247292437,63.78416092124287,6959600
2022-12-28,63.55423355102539,63.82836262416018,63.54538871899941,63.77530712526443,7868200
2022-12-29,63.793006896972656,63.81953465342923,63.624988777238514,63.64267844596414,7391000
2022-12-30,63.5277214050293,63.73995696854033,63.49235555774323,63.65152885706029,7051900
2023-01-03,63.86375427246094,64.09367274736921,63.73110873898954,64.06713824336926,8634800
2023-01-04,64.22628021240234,64.3412427671077,64.10247957397257,64.28818053161723,5257100
2023-01-05,64.15556335449219,64.19092919452417,63.8637445744954,63.96985558785346,5632400
2023-01-06,64.8630142211914,64.89838681841955,64.17326544182511,64.24401063628142,5627200
2023-01-09,65.03984832763672,65.12827640812577,64.79224025698525,64.82761283850688,7398200
2023-01-10,64.78341674804688,64.88952776985701,64.63308155609651,64.8276274249239,4827900
2023-01-11,65.1282958984375,65.16366849054475,64.95143293790125,64.96912260727092,8453200
2023-01-12,65.6323471069336,65.6323471069336,65.09292685450079,65.33168343094904,5927600
2023-01-13,65.41127014160156,65.63234378315266,65.34936979183254,65.49085341417654,6331600
2023-01-17,65.32283020019531,65.43778604418851,65.2078676095712,65.22555727580456,6815100
2023-01-18,65.92414855957031,66.02142148085277,65.68538529946588,65.96835923047917,5112800
2023-01-19,65.79150390625,65.85340424362919,65.66770323149163,65.75613132108607,4765200
2023-01-20,65.49967956542969,65.60579731189222,65.37587890120518,65.55273506534586,4714300
2023-01-23,65.34053802490234,65.49086651203035,65.30516542558397,65.33169318841438,6116700
2023-01-24,65.6323471069336,65.65887486580202,65.24325531917682,65.39358378385286,3907700
2023-01-25,65.7119369506836,65.75615438430496,65.50855294794485,65.623508830074,4414400
2023-01-26,65.588134765625,65.74730807781562,65.48202372191992,65.6677247950368,3866800
2023-01-27,65.51737213134766,65.55274471871084,65.39357144889213,65.4377888697539,4474100
2023-01-30,65.33168029785156,65.51738134765736,65.31399737499812,65.40242548252962,6258700
2023-01-31,65.6323471069336,65.6323471069336,65.31400050724758,65.54391899516136,5502300
2023-02-01,66.05427551269531,66.10746391041565,65.5224388741804,65.73517893972218,7473900
2023-02-02,66.09857177734375,66.355627515696,66.08084682692883,66.30244590178418,4273500
2023-02-03,65.51356506347656,65.68197579087088,65.4071950545947,65.6110624516163,5332900
2023-02-06,65.10580444335938,65.21217443214428,65.0880794932287,65.15899281908531,5282300
2023-02-07,65.0171890258789,65.32742648223999,64.99059821000073,65.05264570127294,4674500
2023-02-08,65.13239288330078,65.22989023935422,64.91965293554958,65.05261371222758,4308200
2023-02-09,64.86648559570312,65.31854963076205,64.83102892994678,65.30968377365609,4268100
2023-02-10,64.59170532226562,64.83102936439028,64.55624865627168,64.81330441272708,3606100
2023-02-13,64.76898956298828,64.76898956298828,64.59171297468353,64.60943792844667,3805800
2023-02-14,64.5473861694336,64.7778511290941,64.36124373524669,64.6892128408148,4328000
2023-02-15,64.40556335449219,64.5207924477889,64.2991933557561,64.45874497252642,4370800
2023-02-16,64.15736389160156,64.31691550141068,64.08645732487209,64.20168641314137,5912000
2023-02-17,64.2991943359375,64.30806019330089,63.98895695489583,63.99781604959151,5165700
2023-02-21,63.74077224731445,63.95350550270763,63.72304053114187,63.89145802144011,16093200
2023-02-22,63.88260269165039,64.04215435015756,63.85601187567742,63.90919350762335,4375600
2023-02-23,64.11305236816406,64.13077732035055,63.9091782233468,63.93576903296041,4789200
2023-02-24,63.75849533081055,63.84713362106896,63.64326622974142,63.78508614162127,4345900
2023-02-27,63.864864349365234,63.980093448652916,63.79395101318761,63.864864349365234,3340500
2023-02-28,63.88260269165039,63.90032764807591,63.60782190970391,63.65213768210239,5032400
2023-03-01,63.50411605834961,63.81506097548741,63.468578528092316,63.68179693154526,4427800
2023-03-02,63.37086486816406,63.38863024785071,63.228714718302015,63.26425225576753,4966600
2023-03-03,63.8594970703125,63.8594970703125,63.54855205936668,63.681816143512854,4008600
2023-03-06,63.708457946777344,63.99275145341476,63.69957186835659,63.99275145341476,4538700
2023-03-07,63.637386322021484,63.83283938931213,63.53078048756638,63.81507400960035,4253100
2023-03-08,63.5840950012207,63.87727465562659,63.46860306680026,63.770662023635325,4774500
2023-03-09,63.79730987548828,63.930573963409806,63.62851502367456,63.66405256565984,4597800
2023-03-10,64.56133270263672,64.70348283231014,64.33034890905427,64.41918935105453,4779500
2023-03-13,65.07661437988281,65.58301233669819,64.89004742506567,65.14768944212487,7270500
2023-03-14,64.66793060302734,65.02329906835627,64.55243873248357,64.85449752225485,5432500
2023-03-15,65.33425903320312,65.60966643789013,65.04107947319301,65.39644802065152,6677200
2023-03-16,65.02330017089844,65.63630383644305,64.92557367182368,65.59188701382986,6964800
2023-03-17,65.4941635131836,65.6718443679505,65.28982442992054,65.28982442992054,4352700
2023-03-20,65.20988464355469,65.6007839669686,65.17434710904584,65.54748105425116,6924500
2023-03-21,65.03221893310547,65.18325520029755,64.970029921236,65.03221893310547,3997700
2023-03-22,65.60967254638672,65.67186153962513,64.91670754227528,65.0321994502632,5220500
2023-03-23,65.76069641113281,65.84065755456514,65.45863754905616,65.56525014760216,5392100
2023-03-24,65.89395904541016,66.1160635373616,65.76958107216464,65.95614803203291,4638000
2023-03-27,65.20988464355469,65.50306421968386,65.20988464355469,65.38756553800722,5769800
2023-03-28,65.09436798095703,65.18321518173282,65.03217900726784,65.08548868335127,3473300
2023-03-29,65.16546630859375,65.22765530449794,64.98778539975098,64.99667147862077,4231300
2023-03-30,65.25431823730469,65.31650724414416,65.13882630405806,65.13882630405806,3455300
2023-03-31,65.5919189453125,65.62745648755734,65.27208784320204,65.37869369184345,4549200
2023-04-03,65.87068176269531,65.89739944886074,65.47880424577461,65.53224641304091,5346200
2023-04-04,66.13785552978516,66.19129088863599,65.65691691532645,65.69254275287159,4126700
2023-04-05,66.31597900390625,66.70785642835882,66.24472732765418,66.30707084564128,4345900
2023-04-06,66.29816436767578,66.44066091425307,66.2803480525203,66.36050788085335,4381700
2023-04-10,65.85286712646484,65.95083649809222,65.73708143548616,65.93302017874092,4224300
2023-04-11,65.87958526611328,65.93302063466683,65.73708189005717,65.92411247492959,4401600
2023-04-12,65.95082092285156,66.1378514622607,65.77269174608097,66.1378514622607,4134800
2023-04-13,65.91522979736328,66.16460398122511,65.86178761872368,66.09335227299691,5012700
2023-04-14,65.62127685546875,65.72815434494024,65.5589333520101,65.68362035892739,4349600
2023-04-17,65.2650375366211,65.44316671899554,65.24722801585041,65.41644224543923,5085500
2023-04-18,65.36302185058594,65.4520830646936,65.27396063647828,65.29177016132579,3728400
2023-04-19,65.27393341064453,65.30065108423935,65.14924640391389,65.27393341064453,4611000
2023-04-20,65.5589599609375,65.5589599609375,65.45208242808678,65.46099058789143,3605400
2023-04-21,65.44317626953125,65.7014517305323,65.39864226870513,65.66583268379281,3371600
2023-04-24,65.70145416259766,65.7281786410433,65.56786574504329,65.56786574504329,2993000
2023-04-25,66.12894439697266,66.16457023291522,65.95972337497881,65.95972337497881,3508100
2023-04-26,65.89740753173828,66.15568985457695,65.81725446341056,66.09334631423219,5819900
2023-04-27,65.61238861083984,65.75489197338104,65.57676277020455,65.73707565559623,3078100
2023-04-28,65.97755432128906,65.99536384574299,65.80833326176955,65.93302031775184,4469100
2023-05-01,65.29901885986328,65.76327602527203,65.22759363264892,65.70970369911899,4546500
2023-05-02,65.94182586669922,65.95075572210342,65.45971584713104,65.46864570253524,4825100
2023-05-03,66.21858978271484,66.22751963807883,65.94182556978599,66.08466919819048,4205600
2023-05-04,66.12931823730469,66.4060824777461,65.97754473844873,65.99539763946755,11535800
2023-05-05,65.88825988769531,65.94182539677097,65.78112205806015,65.89718293155201,3143200
2023-05-08,65.57579803466797,65.71864852162831,65.54901527123444,65.6204405147146,9895900
2023-05-09,65.5043716430664,65.62043254100422,65.49544178584495,65.55793716342458,3827700
2023-05-10,65.9061279296875,65.95969345107054,65.75435441144529,65.7811371721368,5291800
2023-05-11,66.12039184570312,66.2810952092315,66.0846792303096,66.22752969188367,4745900
2023-05-12,65.77220153808594,66.12039101946563,65.77220153808594,66.07575535939517,2970500
2023-05-15,65.60257720947266,65.64721287095698,65.55793473650328,65.6382830140661,3268600
2023-05-16,65.44187927246094,65.45973217623889,65.31688851155849,65.4150896995656,3818500
2023-05-17,65.32581329345703,65.5222292976614,65.28117762708337,65.51329943979235,4574400
2023-05-18,65.05794525146484,65.1829359511175,65.02223264992375,65.1829359511175,3530000
2023-05-19,64.87942504882812,65.12048356540146,64.82585951691706,64.92406753307853,4166800
2023-05-22,64.86156463623047,65.06690369245221,64.82585201526017,64.91513016194293,5294900
2023-05-23,64.90618896484375,64.9776141943065,64.70977980104838,64.78119821902634,4561100
2023-05-24,64.72762298583984,64.95975154100451,64.71869313062633,64.94189183057752,4245100
2023-05-25,64.48658752441406,64.71870932618238,64.4597979520696,64.69192656532337,4012300
2023-05-26,64.56692504882812,64.57585490478839,64.34372633021195,64.42408141088562,3783100
2023-05-30,64.99546813964844,64.99546813964844,64.74547985871305,64.77226942599783,3533000
2023-05-31,65.20975494384766,65.29010323336203,64.95977340559928,65.00440907372304,4898400
2023-06-01,65.38607788085938,65.51138945666231,65.31446931498091,65.38607788085938,3984000
2023-06-02,65.01908874511719,65.35921918771744,65.01908874511719,65.35027323875833,4595500
2023-06-05,65.02803802490234,65.20705260001594,64.82216511745023,64.88482090163681,4674600
2023-06-06,65.1175537109375,65.12650648953834,64.92063355553395,65.06385069727078,5001900
2023-06-07,64.75054931640625,65.1264908084621,64.70579909211529,65.07278097875837,4326500
2023-06-08,65.07279968261719,65.1086039697217,64.8221765018551,64.8311292808736,3567600
2023-06-09,64.93852996826172,65.02803725475846,64.84901585279675,64.92957719092158,12690400
2023-06-12,65.07279968261719,65.08175246163569,64.81323055180609,65.01014388742666,4632800
2023-06-13,64.78634643554688,65.26969387567426,64.72369066528778,65.21599088087126,4302500
2023-06-14,64.84008026123047,64.99224335547653,64.62525454456265,64.89378327591277,5986200
2023-06-15,65.24285125732422,65.26075681067321,65.0459311442915,65.12649247642658,5061200
2023-06-16,65.0996322631836,65.18913953104682,64.9295636739667,65.05487521476859,3905300
2023-06-20,65.18916320800781,65.29656923686726,65.13545336460881,65.14440614333685,4921700
2023-06-21,65.29654693603516,65.33235120974977,64.96536935486708,65.06382940034054,3678700
2023-06-22,64.98328399658203,65.19810286252826,64.92062820947402,65.09964962190305,3975500
2023-06-23,65.17124938964844,65.33236524148435,65.06384337440343,65.32341929285954,4163100
2023-06-26,65.2518081665039,65.32341672649957,65.18915238374974,65.26076094374541,6287800
2023-06-27,65.12646484375,65.36813507968088,65.04590354579649,65.26967506494039,4816100
2023-06-28,65.33235931396484,65.34131209074579,65.10858769721571,65.2160005316837,5517200
2023-06-29,64.84008026123047,64.90273605468292,64.73266740289655,64.87588454734177,5803000
2023-06-30,65.06385803222656,65.08175676247689,64.83113356515268,64.89378936448374,5612300
2023-07-03,64.87899780273438,65.19307178994025,64.86104680558007,65.04949119790359,3146500
2023-07-05,64.60977172851562,64.87000635286677,64.55593244289048,64.85205536012654,4415700
2023-07-06,64.1969985961914,64.2777575380881,64.02649836823316,64.23289374135624,5613400
2023-07-07,64.16109466552734,64.34953901711509,64.1251995252776,64.19698980577711,5726600
2023-07-10,64.38543701171875,64.4572272954009,64.20596814881166,64.21493679954823,4450800
2023-07-11,64.52002716064453,64.5738664378057,64.40336626506638,64.46618103718666,5709100
2023-07-12,65.03153991699219,65.07640371236019,64.81617589884915,64.86103969421715,6397500
2023-07-13,65.4263916015625,65.46227990589018,65.23794034919241,65.28281099905195,5868400
2023-07-14,65.12129211425781,65.37255134499924,65.11231661421688,65.30076103727296,7410000
2023-07-17,65.19305419921875,65.2289493375425,65.0674246382344,65.13023941872657,5942700
2023-07-18,65.27381134033203,65.44431153113189,65.2648426907196,65.39944089788011,7748100
2023-07-19,65.4263916015625,65.48920640358588,65.3007551512158,65.39049645093486,11522100
2023-07-20,65.12129211425781,65.2200020758063,64.9956624988871,65.21102657576539,5262100
2023-07-21,65.1661148071289,65.28276883660352,65.1391883268235,65.23789821572339,5170600
2023-07-24,65.0584716796875,65.29178673646831,65.04949618042286,65.24691608644508,3553400
2023-07-25,64.98666381835938,65.04947860363895,64.89692938885972,64.9238490330798,4200800
2023-07-26,65.20204162597656,65.21998577527305,64.98667075662568,65.13921998769175,4478200
2023-07-27,64.64569091796875,65.12128970805624,64.58287611260437,65.07641905581012,5342600
2023-07-28,64.87000274658203,64.88794689202693,64.7084780523884,64.76231733502048,5273200
2023-07-31,64.98666381835938,65.04947860363895,64.87898524147904,64.87898524147904,4607900
2023-08-01,64.58447265625,64.77342055760987,64.51249054203893,64.71943740424769,11078000
2023-08-02,64.37751007080078,64.40450163801147,64.17956275846932,64.37751007080078,6546700
2023-08-03,63.98163986206055,64.06261459459323,63.90965774563653,63.999631958870324,5395200
2023-08-04,64.51250457763672,64.53950302478394,64.19759134018983,64.21559030495465,6925000
2023-08-07,64.41350555419922,64.48548765578595,64.35952241030469,64.44949660499258,4987400
2023-08-08,64.64745330810547,64.76442595626042,64.59347015639828,64.66545226840256,4338200
2023-08-09,64.66543579101562,64.74641049794326,64.62044526632897,64.64743683530486,4937800
2023-08-10,64.30555725097656,64.8004188924552,64.29655776961354,64.71944415396692,5195800
2023-08-11,64.0986099243164,64.30555680667823,64.08061782630764,64.11660888691809,4577400
2023-08-14,64.01763916015625,64.17059602880045,63.91866545348216,64.02663864201571,7992400
2023-08-15,63.873661041259766,64.06260893172627,63.85566894604041,63.909652096290316,5028100
2023-08-16,63.6937255859375,63.99064670188912,63.66673400532249,63.873674033099746,5149700
2023-08-17,63.630741119384766,63.72071534038733,63.504775837062574,63.702723242024035,7357800
2023-08-18,63.76570510864258,63.85567932855225,63.63973982785045,63.666731407364054,5094400
2023-08-21,63.45977783203125,63.55875152287366,63.38779571785636,63.531759946206144,4280100
2023-08-22,63.540771484375,63.60375413008181,63.41480619296139,63.4777888386682,4301900
2023-08-23,64.11659240722656,64.12558502162315,63.85566243331157,63.8646619122993,5205800
2023-08-24,63.963653564453125,64.10761782580381,63.94566146408119,64.01764359475654,4186400
2023-08-25,63.963653564453125,64.08062624294901,63.75671351950376,63.89167829837158,4853100
2023-08-28,64.08061218261719,64.1076037595496,63.98163849080348,64.1076037595496,3969000
2023-08-29,64.47651672363281,64.49450882278434,63.981648189548956,63.99964028870048,6214600
2023-08-30,64.44950866699219,64.57547393604837,64.44051605105412,64.53948974311145,4721500
2023-08-31,64.5574722290039,64.65644590632718,64.49448960385195,64.53048065602324,4747100
2023-09-01,64.24710845947266,64.57190832685218,64.1749291815228,64.55386694906213,3940700
2023-09-05,63.895263671875,64.1117946920998,63.88623953837483,64.10277744199666,4634300
2023-09-06,63.82308578491211,63.97646852422561,63.7509133655026,63.96744439052548,7800400
2023-09-07,64.03961181640625,64.04862906503685,63.88622910553944,63.9584083949596,4742800
2023-09-08,64.05765533447266,64.21103116706125,64.03961395321359,64.13885187523269,4270600
2023-09-11,63.95840835571289,64.01253938104685,63.90427733037894,63.96743248773385,4215800
2023-09-12,64.00350189208984,64.0215432670305,63.92229849637261,63.994477762922656,4246300
2023-09-13,64.10277557373047,64.16593073959693,63.93135145920857,63.93135145920857,6142500
2023-09-14,63.9944953918457,64.18396085618741,63.9764540119351,64.14787121297057,5227300
2023-09-15,63.868194580078125,63.985480775427696,63.85014631408796,63.96743939283416,4946100
2023-09-18,63.93132400512695,63.949365380456925,63.75989996421983,63.75989996421983,5882500
2023-09-19,63.79598617553711,63.93132057512957,63.76892067229732,63.88620681413425,4200900
2023-09-20,63.714786529541016,63.98544843200945,63.714786529541016,63.91326917132727,5518400
2023-09-21,63.317832946777344,63.417077749285134,63.308808814714105,63.399029485158664,9127100
2023-09-22,63.5794792175293,63.615568863242345,63.362948226647134,63.40805512124137,8149800
2023-09-25,63.11030960083008,63.31782330631387,63.1012923535357,63.25466815827878,22744300
2023-09-26,63.047142028808594,63.23660743557805,63.02007652546917,63.227590190060596,7329100
2023-09-27,62.82159423828125,63.25466299186094,62.69528395252766,63.24563886190874,7701800
2023-09-28,62.98402786254883,63.00207613211067,62.59607266774504,62.71336576970307,9004600
2023-09-29,62.956947326660156,63.27272313470145,62.87575078319083,63.20956797309319,7650600
2023-10-02,62.52449417114258,62.759720649331776,62.488304951237474,62.71448239885342,6719800
2023-10-03,62.01785659790039,62.47925360421106,61.999758537424874,62.406882069472,8099500
2023-10-04,62.424957275390625,62.45209745678079,62.11735934978756,62.271158312589094,7915900
2023-10-05,62.47020721435547,62.5606768033978,62.39782878216673,62.54257874415701,6845000
2023-10-06,62.2259407043457,62.37069758959725,61.963574026618424,62.00881227885658,8385100
2023-10-09,62.859230041503906,62.85923004150391,62.479246739531675,62.55162516870609,3561600
2023-10-10,62.795921325683594,62.93162229710002,62.55164577235566,62.6330732575947,11555900
2023-10-11,63.08541488647461,63.09445701439626,62.89541976191623,62.99493838815625,18074400
2023-10-12,62.542572021484375,62.97683566555083,62.48829165437099,62.9587376082554,6144000
2023-10-13,62.83209228515625,62.931610914454154,62.74162268644577,62.904470725079804,5570100
2023-10-16,62.50639724731445,62.66020316030665,62.47925705748878,62.66020316030665,4914800
2023-10-17,62.099266052246094,62.216875814743865,61.99069841598062,62.13545526433459,5851900
2023-10-18,61.82784652709961,62.01784160422024,61.72833482809328,61.97260336635608,5885900
2023-10-19,61.556480407714844,61.891225653369005,61.520291172855686,61.76455988016655,9433800
2023-10-20,61.782623291015625,61.864043846981716,61.69215370581321,61.719293891135244,5197700
2023-10-23,62.01785659790039,62.108326193114976,61.51121444040093,61.59264190776542,9587100
2023-10-24,62.2259407043457,62.23498973527097,61.95453189808135,62.054043628706545,9462100
2023-10-25,61.7554931640625,61.990712743422556,61.70120588218954,61.972621584390254,7392400
2023-10-26,62.171661376953125,62.180710408031715,61.82786721984985,61.83691625092844,11426600
2023-10-27,62.171661376953125,62.171661376953125,61.9907152673229,62.126423123948484,5325500
2023-10-30,62.01785659790039,62.099277162877215,61.873099723646924,61.972618349099264,5905300
2023-10-31,61.999752044677734,62.198789274738814,61.981660888484434,62.099270659708274,9248200
2023-11-01,62.60135269165039,62.61042860522079,62.1113572022536,62.13858494296479,9330800
2023-11-02,62.964317321777344,63.064131609090886,62.810061395163366,63.000614055609006,8409100
2023-11-03,63.33637619018555,63.67210898253718,63.32730027277436,63.54507383036685,7995700
2023-11-06,63.06413269042969,63.218388619688646,63.00969105019576,63.18209188523461,7822000
2023-11-07,63.38172149658203,63.50875660779504,63.200244744247534,63.22746556480828,7986100
2023-11-08,63.58134841918945,63.653941887387184,63.39987167158929,63.40894066294339,6543700
2023-11-09,63.109527587890625,63.55415062663525,63.08229983528054,63.51785387938514,6979700
2023-11-10,63.22744369506836,63.39985139617807,63.17300207277769,63.39077548483231,4381800
2023-11-13,63.2093391418457,63.22748405322719,62.937117010848844,62.99155866788967,6058600
2023-11-14,63.980621337890625,64.03506299100769,63.88080702524542,63.962469504921025,8237100
2023-11-15,63.626712799072266,63.73559606432502,63.545043427239435,63.71745116108065,6793500
2023-11-16,64.00784301757812,64.0713605880266,63.88988379328696,63.88988379328696,5623900
2023-11-17,64.09857177734375,64.15301342300083,63.95339174795993,64.07135095451522,5657300
2023-11-20,64.18931579589844,64.21653662111653,63.98061818729597,64.04413575377005,6959100
2023-11-21,64.28004455566406,64.31634129148122,64.125788620612,64.25282373452481,5737800
2023-11-22,64.33448028564453,64.45243946134573,64.18929337134173,64.40707374279594,4949100
2023-11-24,64.0259780883789,64.15301320975308,64.01690909606282,64.10764747948795,3534800
2023-11-27,64.4161605834961,64.4161605834961,64.15301442057017,64.19838707458655,5257000
2023-11-28,64.68838500976562,64.70652991829375,64.33450044885721,64.37986618162518,7051400
2023-11-29,65.02413177490234,65.06042159592822,64.8426480552928,64.9243174598411,7615800
2023-11-30,64.8154296875,64.89709217225096,64.69747045744985,64.88802317809838,9880000
2023-12-01,65.34408569335938,65.37138332421463,64.7890107245392,64.80721377339536,7643500
2023-12-04,65.08023071289062,65.21672588025206,64.98014166208701,65.1257314161553,11164600
2023-12-05,65.49881744384766,65.5534127335689,65.28952392919524,65.36232227711196,8393500
2023-12-06,65.68988037109375,65.79907090477687,65.56248678684368,65.6534812123895,9365200
2023-12-07,65.67169952392578,65.84459385061862,65.60800271026505,65.61710423862573,9876000
2023-12-08,65.35321044921875,65.47150253911774,65.2531144722152,65.39871114510454,7349900
2023-12-11,65.36229705810547,65.40779080117595,65.16210514979166,65.32589789819114,12895800
2023-12-12,65.55340576171875,65.57160187554642,65.32591615549781,65.39871449567215,8052300
2023-12-13,66.39055633544922,66.4360570271478,65.6716884496828,65.70808761455551,7172600
2023-12-14,66.89102935791016,67.0002198989704,66.6999389686246,66.75453423915472,9105500
2023-12-15,66.79092407226562,66.90921612270354,66.70902423547848,66.79092407226562,7996700
2023-12-18,66.6544189453125,66.7090142000047,66.60891827145026,66.69991961917475,6144200
2023-12-19,66.78184509277344,66.85464342950958,66.73634439670548,66.75454745210526,6924100
2023-12-20,67.00022888183594,67.0366280478795,66.79094235512422,66.89103832613627,7496100
2023-12-21,66.99113464355469,67.17312353228255,66.89103867202503,67.13672436605076,6912600
2023-12-22,66.94642639160156,67.11068998321358,66.87341880368804,67.10156229412769,5890700
2023-12-26,67.01029205322266,67.05592352657031,66.90990838176609,66.93728448082055,6394600
2023-12-27,67.43921661376953,67.45746502940497,67.20194543618845,67.2566976454815,7467700
2023-12-28,67.27495574951172,67.43009165705267,67.20194815923821,67.35708406677917,8166600
2023-12-29,67.11979675292969,67.26580492086326,67.05591687401163,67.11979675292969,6939800
2024-01-02,66.8369140625,66.94642544281825,66.79128954249074,66.85516944041305,8334200
2024-01-03,66.89167022705078,66.9372947450092,66.5083838943591,66.62702295830101,6477200
2024-01-04,66.59051513671875,66.66352271589776,66.50837986954588,66.58138744872488,5056900
2024-01-05,66.3897476196289,66.77302696584177,66.3349954165659,66.39887530760139,6223400
2024-01-08,66.6817626953125,66.7821463633902,66.42624316289113,66.46274694786348,7937500
2024-01-09,66.67263793945312,66.7456455126073,66.57225426696249,66.59963732868434,5649400
2024-01-10,66.55402374267578,66.8369194617007,66.55402374267578,66.79129493800582,6578400
2024-01-11,66.90078735351562,66.94641883140515,66.56313948172276,66.6543954751158,7537300
2024-01-12,67.03765106201172,67.20191457684724,66.93726741614648,67.06502715408705,4461200
2024-01-16,66.56314849853516,66.86429262128735,66.48101321968495,66.80954041031185,5724700
2024-01-17,66.40797424316406,66.47185411323905,66.2802145030141,66.39885352057024,12370300
2024-01-18,66.31674194335938,66.4627571055647,66.2437343622567,66.43538100324774,6086200
2024-01-19,66.31674194335938,66.32586963159375,66.09772616243751,66.23461363640848,7883100
2024-01-22,66.42625427246094,66.56314174840496,66.39887816974938,66.51751026896153,10321400
2024-01-23,66.2710952758789,66.32584746221194,66.20721540436243,66.32584746221194,6840400
2024-01-24,66.13422393798828,66.55400704756954,66.11596856317989,66.55400704756954,7483800
2024-01-25,66.4444808959961,66.45360858136856,66.30760042732898,66.38972870852925,8361100
2024-01-26,66.34410095214844,66.4536122955869,66.29847644750402,66.4536122955869,9120500
2024-01-29,66.60875701904297,66.6726369039644,66.44449346318994,66.5266287223091,7677600
2024-01-30,66.72740173339844,66.78215393587281,66.49925827324068,66.76390552250999,6688100
2024-01-31,67.01029205322266,67.15630023564157,66.87340459556503,66.98291595416819,9916600
2024-02-01,67.41482543945312,67.57041051024738,67.17686728365034,67.27754161946902,12060800
2024-02-02,66.81077575683594,66.93890545310848,66.69180017673851,66.83823112281651,7820000
2024-02-05,66.27995300292969,66.45384630871892,66.21588815067237,66.42639094097224,7577100
2024-02-06,66.59112548828125,66.65519033607295,66.35316734682151,66.38062271265441,8310500
2024-02-07,66.46298217773438,66.68263204194702,66.45382806348371,66.49043753794304,9257500
2024-02-08,66.2890853881836,66.40806093693058,66.25247591567462,66.35315021943858,7987500
2024-02-09,66.23420715332031,66.26166252553101,66.16098817239426,66.19759766285728,5940700
2024-02-12,66.25248718261719,66.34400738818216,66.17926822514757,66.30739790944736,6063000
2024-02-13,65.67589569091797,65.89554555432025,65.6575874624842,65.87724430842975,12938800
2024-02-14,65.92300415039062,65.97791487330079,65.72165552299523,65.7399637523277,6915700
2024-02-15,66.1060562133789,66.2067235516634,65.99622777723569,66.17926818826362,6733900
2024-02-16,65.89556121826172,65.90471533465461,65.76743151894091,65.81319511836045,5029200
2024-02-20,65.97794342041016,66.08777189629429,65.94134091099541,66.00540577629116,7605000
2024-02-21,65.79488372802734,66.05114311437087,65.7674283627112,66.05114311437087,6625600
2024-02-22,65.82235717773438,65.91387741478117,65.74913819507834,65.831511296203,11884200
2024-02-23,66.060302734375,66.12436758629867,65.831498694284,65.831498694284,6147200
2024-02-26,65.94132232666016,66.07859915464311,65.83149388172913,66.07859915464311,5255800
2024-02-27,65.84065246582031,65.99623753645567,65.81319709836056,65.91386445153128,5534300
2024-02-28,65.98706817626953,66.01452353738689,65.85893850269287,65.89554797836384,5255300
2024-02-29,66.0969009399414,66.22503062192474,66.05113734671423,66.07859270963294,6002900
2024-03-01,66.37408447265625,66.4199764360864,65.90601305376465,66.02532935783084,6366800
2024-03-04,66.21807098388672,66.29149533337505,66.17217901492367,66.19971139544896,26404700
2024-03-05,66.57598876953125,66.64941310008841,66.43831990026895,66.49338464712204,6208600
2024-03-06,66.6953125,66.8238016052385,66.64024774122095,66.64942753506115,28955300
2024-03-07,66.80545806884766,66.86052283508553,66.68614874128826,66.85134304000188,7495500
2024-03-08,66.86967468261719,66.97063137994739,66.82378272851105,66.91556663672331,7187700
2024-03-11,66.84217834472656,66.91560271002683,66.77793377562206,66.90642291383108,5626200
2024-03-12,66.6402359008789,66.74119260879034,66.58517115188351,66.73201281658118,4699400
2024-03-13,66.53009033203125,66.64940660809702,66.51173775224437,66.57598228469176,6123200
2024-03-14,66.13545227050781,66.35572527044657,66.12627948044106,66.35572527044657,5214000
2024-03-15,66.0987319946289,66.18133611000424,66.05284704353502,66.10791178569926,4783900
2024-03-18,66.01614379882812,66.11710050785243,65.98861142402693,66.08956813305123,5284200
2024-03-19,66.19051361083984,66.25475814185155,66.09872970756993,66.12626907982813,4560100
2024-03-20,66.30982208251953,66.43831114299357,66.10790870116644,66.23639776164046,5287200
2024-03-21,66.36490631103516,66.48422261803458,66.30066176193189,66.44751044681404,5492900
2024-03-22,66.58516693115234,66.64941146828455,66.53009518351803,66.64023167665727,4169400
2024-03-25,66.45667266845703,66.53926978026587,66.4107807160329,66.53926978026587,7950500
2024-03-26,66.51173400878906,66.53008658754301,66.37406516068478,66.4842016395939,7603100
2024-03-27,66.74118041992188,66.76871278939136,66.55761961991102,66.60351157044587,7825200
2024-03-28,66.65858459472656,66.76872108842251,66.6035198489433,66.66776438640025,5326400
2024-04-01,66.20384216308594,66.45238666659624,66.1486131725348,66.41556499855712,6157500
2024-04-02,66.13021850585938,66.13942568136277,65.89088812690841,65.98293881289086,9043000
2024-04-03,66.17622375488281,66.18543092710195,65.87245027878315,65.95530078272608,5419200
2024-04-04,66.3143310546875,66.33273838383015,66.15784417641346,66.33273838383015,12412900
2024-04-05,65.98294067382812,66.2130709067833,65.98294067382812,66.06578418664365,11531700
2024-04-08,65.9277114868164,66.00134782366953,65.88168263114302,65.91850431107827,13873100
2024-04-09,66.16703033447266,66.21305918212009,66.10259416157592,66.11180133570863,8886200
2024-04-10,65.39380645751953,65.72519454781407,65.36619195383119,65.70678019667703,8196500
2024-04-11,65.39380645751953,65.56870767823531,65.27414126719763,65.53188599897845,16574100
2024-04-12,65.54109191894531,65.67917147255481,65.53189176558442,65.59632795419981,12479100
2024-04-15,65.10844421386719,65.22810939866022,65.01638650846974,65.2189022235171,8079200
2024-04-16,64.94275665283203,64.99798566316474,64.82308443308771,64.91513512464809,14378900
2024-04-17,65.25568389892578,65.30171272340854,65.04396816153526,65.14521893397469,6568500
2024-04-18,65.080810546875,65.2557117268801,65.02558155235364,65.24650455345467,6349500
2024-04-19,65.1636734008789,65.24651690834796,65.10844439589954,65.21890240585827,8338300
2024-04-22,65.1912841796875,65.24651318151223,65.09923350230746,65.13605517786277,5938300
2024-04-23,65.3109359741211,65.45822264615963,65.09001298907837,65.15444915234146,6044400
2024-04-24,65.14523315429688,65.20966930883074,65.01636084522916,65.20966930883074,4616600
2024-04-25,64.96114349365234,64.97955081695184,64.77704216859586,64.85067848480922,5367500
2024-04-26,65.10844421386719,65.20049489624775,65.08082268843782,65.08082268843782,4256600
2024-04-29,65.30175018310547,65.33857185921156,65.19128515478722,65.21889965611263,4799500
2024-04-30,65.05320739746094,65.20969425791267,64.99797839330546,65.10844342463322,6605800
2024-05-01,65.28770446777344,65.49083521117305,65.093808861168,65.18613909607363,8119200
2024-05-02,65.54625701904297,65.57395539567659,65.23233269139786,65.2692662083587,6014800
2024-05-03,65.87864685058594,66.06331442200025,65.72168469814446,65.97097711411931,7256900
2024-05-06,65.94329071044922,65.98945937277087,65.86942366847411,65.92482747212986,5584300
2024-05-07,66.07255554199219,66.22952476972411,66.0263939232996,66.1464225851191,4635400
2024-05-08,65.91558074951172,65.98944777850848,65.91558074951172,65.9432791242986,6774500
2024-05-09,66.09099578857422,66.12792929335251,65.88786503446654,65.92479853924482,4525200
2024-05-10,65.9063491821289,65.99868649555363,65.87865080584069,65.98021621512949,5562000
2024-05-13,65.96175384521484,66.10948086880788,65.95251870488151,66.10948086880788,5600500
2024-05-14,66.15565490722656,66.20181652395188,66.05408948834274,66.13718462505751,4272500
2024-05-15,66.58036804199219,66.62653669489856,66.42340589306636,66.49726587563019,4208200
2024-05-16,66.4695816040039,66.62655083058019,66.45111836553258,66.59884540634985,4359500
2024-05-17,66.30337524414062,66.46957254512773,66.29414714833707,66.41417579291468,4373500
2024-05-20,66.23875427246094,66.29415807815629,66.22952617513597,66.26645265313405,3699600
2024-05-21,66.3772201538086,66.41415365775705,66.34028664986013,66.41415365775705,4612300
2024-05-22,66.29415893554688,66.3680189368474,66.22029188989715,66.23875512913499,4306200
2024-05-23,66.10022735595703,66.34029162746157,66.0263673868639,66.31259325850839,3589900
2024-05-24,66.17410278320312,66.19257306108443,66.04483901542204,66.08177252683764,4025200
2024-05-28,65.86019897460938,66.23875525668204,65.84172869098678,66.23875525668204,4743400
2024-05-29,65.62012481689453,65.74938860558832,65.52779454559156,65.74015346515358,4877500
2024-05-30,65.9063491821289,65.9432826986292,65.79555567697602,65.85095242955246,3723200
2024-05-31,66.14640045166016,66.18333396086517,66.05407020082092,66.06330533920882,4193000
2024-06-03,66.51593017578125,66.52519363161447,66.24734648418985,66.28439324157623,4798900
2024-06-04,66.76599884033203,66.81230906179505,66.59929900133977,66.64560215685505,5298400
2024-06-05,66.95124816894531,66.96051162857327,66.68266436732964,66.84937131088594,5506400
2024-06-06,66.96049499511719,66.9882783011501,66.84009124771104,66.84009124771104,4119700
2024-06-07,66.42333984375,66.52521669539586,66.41407638470523,66.52521669539586,3826500
2024-06-10,66.32144165039062,66.35848840869949,66.25661158983678,66.3307051064545,3925100
2024-06-11,66.59001159667969,66.61779489318694,66.3677381586765,66.38625800103293,4073200
2024-06-12,66.89566802978516,67.21981839178966,66.88640457202847,67.07163133147448,4495700
2024-06-13,67.19203186035156,67.27538177831845,67.04384480714694,67.10867487643706,4339600
2024-06-14,67.29391479492188,67.35874487009056,67.23834111195711,67.29391479492188,3527000
2024-06-17,67.04383850097656,67.0623654138583,66.95122513440873,67.02531865404178,4019000
2024-06-18,67.27538299560547,67.3679963725603,67.11793954818746,67.12720300566727,8491900
2024-06-20,67.14570617675781,67.17348947634856,67.00678261285809,67.05309282280665,4227800
2024-06-21,67.16425323486328,67.31244031398454,67.0809033023192,67.27539354420422,4115300
2024-06-24,67.20130157470703,67.21982849300447,67.10868818106688,67.18278172235861,31937200
2024-06-25,67.23832702636719,67.24759048257877,67.12719381561517,67.21054372367918,5958500
2024-06-26,66.9234619140625,66.97902853748877,66.89567860234936,66.96050868499637,5910600
2024-06-27,67.04383850097656,67.10866856416874,67.0160551976009,67.05310195741744,5514800
2024-06-28,66.72895812988281,67.19203207369615,66.72895812988281,67.19203207369615,4824500
2024-07-01,66.37686920166016,66.66486324915942,66.3304235788102,66.4976434139848,4960000
2024-07-02,66.57195281982422,66.64626722041913,66.48833937358499,66.59982160600822,6080100
2024-07-03,66.95282745361328,66.98069623538916,66.71128619874548,66.75773889349603,4438600
2024-07-05,67.25942993164062,67.30587556059747,67.0922100744792,67.12937083025835,4201700
2024-07-08,67.25942993164062,67.30587556059747,67.15723962517035,67.25013797077348,4742300
2024-07-09,67.23155212402344,67.27799774675402,67.08290912083315,67.23155212402344,8533200
2024-07-10,67.28727722167969,67.32443796558233,67.1850869478692,67.27798526378223,5591500
2024-07-11,67.62171936035156,67.76107038328092,67.603135443861,67.65888010564522,4978100
2024-07-12,67.7982406616211,67.7982406616211,67.63102082813073,67.6774664505129,4656800
2024-07-15,67.58455657958984,67.73319955628776,67.56597975134622,67.64029415200794,4557200
2024-07-16,67.84468841552734,67.8539803753711,67.64030782509701,67.64959978494076,4636600
2024-07-17,67.90972137451172,67.94688212806699,67.71463273411332,67.76108544797967,8365100
2024-07-18,67.73319244384766,67.91898905752291,67.6960317035753,67.79822196740264,7673700
2024-07-19,67.55668640136719,67.80751255976756,67.53810248581925,67.80751255976756,5593100
2024-07-22,67.52881622314453,67.67745210602735,67.4452027802773,67.6588752785496,5055700
2024-07-23,67.5381088256836,67.65888302502107,67.52882395472514,67.56598470162223,6981700
2024-07-24,67.34300231933594,67.66814990864607,67.34300231933594,67.62170430313655,5080200
2024-07-25,67.49165344238281,67.64028932077711,67.4173319593423,67.4173319593423,4567700
2024-07-26,67.76109313964844,67.77966997469024,67.6681877013699,67.71464042050917,3692700
2024-07-29,67.84468841552734,67.94687871074251,67.77965887199848,67.86327233521483,5185000
2024-07-30,67.92829132080078,67.97473693742322,67.78894029555833,67.94686814991225,4282400
2024-07-31,68.29989624023438,68.29989624023438,67.99333243769925,68.16983715123432,6041400
2024-08-01,68.55522155761719,68.65772415711979,68.43408535336384,68.48999327696548,8733700
2024-08-02,69.33795928955078,69.36591324782592,68.955902901528,69.07703909050308,6476300
2024-08-05,69.27272033691406,69.70137137286498,69.13295055274325,69.69205101747089,8354200
2024-08-06,68.84408569335938,69.21682175655418,68.84408569335938,69.19818815260153,6484400
2024-08-07,68.67634582519531,68.84407667619621,68.57384324350875,68.77884840688188,5907200
2024-08-08,68.57384490966797,68.61111922294586,68.46202907918264,68.48998303680398,4357500
2024-08-09,68.81612396240234,68.89999294409195,68.77884964935677,68.86271863104638,6093100
2024-08-12,68.93727111816406,68.97453832394861,68.71362522736472,68.7788535015107,4822900
2024-08-13,69.19816589355469,69.20747913786067,69.08634297776172,69.13293763667882,4049000
2024-08-14,69.3286361694336,69.40318479476056,69.1981796297855,69.24476718860369,6333600
2024-08-15,69.03976440429688,69.03976440429688,68.87204065554995,68.9186282159746,5108300
2024-08-16,69.1888656616211,69.1888656616211,69.00250119044718,69.1609117018799,4647700
2024-08-19,69.27272033691406,69.34726896137059,69.15158415418331,69.17953811101748,4964700
2024-08-20,69.47773742675781,69.49637814074606,69.33796761859267,69.41250914649763,4444000
2024-08-21,69.62682342529297,69.73863925371664,69.42181826071862,69.56159515559642,4541800
2024-08-22,69.34727478027344,69.49637204169717,69.26341290273413,69.47773132934485,3999700
2024-08-23,69.65480041503906,69.68275438138848,69.4032076085438,69.4963898661587,4292000
2024-08-26,69.58023834228516,69.74796921737475,69.58023834228516,69.74796921737475,4427200
2024-08-27,69.58023834228516,69.60819230324189,69.41250746719557,69.43114818073285,3715900
2024-08-28,69.53363800048828,69.63614057806113,69.5149972903762,69.58022555707275,5179900
2024-08-29,69.43114471435547,69.4777322771744,69.34727572632328,69.43114471435547,3840800
2024-08-30,69.29136657714844,69.55227967421898,69.25409226194569,69.46841779702432,5037400
2024-09-03,69.58671569824219,69.68953076221712,69.47455899646678,69.54933488499786,6220100
2024-09-04,69.89518737792969,69.92322656399938,69.60543961384428,69.62413002754943,7338600
2024-09-05,70.06340789794922,70.09144707532366,69.84843611739736,70.03536872057478,9994300
2024-09-06,70.1475601196289,70.43730790769224,69.97931785826401,70.10082338496245,22536000
2024-09-09,70.24098205566406,70.29706039699471,70.04470072998677,70.12881824198276,5040900
2024-09-10,70.47467803955078,70.49336845007409,70.2316599166115,70.26904786868083,5653900
2024-09-11,70.43728637695312,70.57748940707175,70.31578088739556,70.36251047675356,6471000
2024-09-12,70.36248779296875,70.4653028398416,70.27837028062918,70.40922449828187,5685400
2024-09-13,70.51204681396484,70.5868155667454,70.4372709301635,70.53073721940478,4786700
2024-09-16,70.698974609375,70.72701378114834,70.51204204353918,70.56812038708587,4734900
2024-09-17,70.60551452636719,70.71767835433002,70.56812658371291,70.69898081749243,5398400
2024-09-18,70.39054107666016,70.72702545552178,70.3811994385406,70.49335614414684,5695700
2024-09-19,70.39054107666016,70.42792902220272,70.2596868327719,70.30642354745548,5135600
2024-09-20,70.3812026977539,70.4653202308539,70.2316509086582,70.30642680320605,4265000
2024-09-23,70.33447265625,70.43728773825588,70.14754003316065,70.26904552506647,6632500
2024-09-24,70.4185791015625,70.4466254085269,70.16621938705364,70.21295610097297,5017900
2024-09-25,70.15686798095703,70.31576852369706,70.15686798095703,70.31576852369706,4793100
2024-09-26,70.15686798095703,70.25968304289778,70.02601374412718,70.23164386800867,4919700
2024-09-27,70.36248779296875,70.40922449828187,70.24098234258268,70.31575821867567,3927900
2024-09-30,70.20361328125,70.34381630386785,70.12883738505089,70.33446753408748,5661900
2024-10-01,70.41078186035156,70.55139861752842,70.35453801830697,70.42952742367797,6267100
2024-10-02,70.27952575683594,70.30764767157436,70.09203440514014,70.16703094581845,6902500
2024-10-03,69.97018432617188,70.1670449206123,69.97018432617188,70.14829935774115,7733800
2024-10-04,69.51084899902344,69.65146576504404,69.47335071794689,69.5295945635288,5218300
2024-10-07,69.30459594726562,69.38896169606174,69.26709767489041,69.31397230337546,7044200
2024-10-08,69.40771484375,69.40771484375,69.20147792042445,69.25772175330808,8642400
2024-10-09,69.2202377319336,69.31398700879323,69.18274660366855,69.31398700879323,4997800
2024-10-10,69.19212341308594,69.22962169753727,69.01401550202517,69.1733778468935,4579000
2024-10-11,69.20149230957031,69.29523443455632,69.11712654270261,69.21086866768862,8508000
2024-10-14,69.15458679199219,69.15458679199219,68.97647897966755,68.99522453546817,3380100
2024-10-15,69.42646789550781,69.45458981498413,69.22960730710864,69.36084769937476,4456200
2024-10-16,69.52023315429688,69.59522257279454,69.47335850967755,69.5014804356225,7437800
2024-10-17,69.18275451660156,69.3608624284619,69.14525623198189,69.3608624284619,4250400
2024-10-18,69.2202377319336,69.35148528912396,69.2202377319336,69.27648872846251,3930300
2024-10-21,68.75151062011719,69.0421204652019,68.73276505853013,69.0421204652019,5259900
2024-10-22,68.77965545654297,68.89214315597962,68.69528252989913,68.85464487214529,4633000
2024-10-23,68.61091613769531,68.77965483739767,68.50779764609575,68.77027847850691,6429400
2024-10-24,68.72340393066406,68.84527514021282,68.59216351427794,68.69528200601937,6219500
2024-10-25,68.58277893066406,68.88275797972712,68.55464986025983,68.88275797972712,4641400
2024-10-28,68.4984130859375,68.69527368667589,68.3859182489161,68.65777540766875,4582800
2024-10-29,68.55464172363281,68.56401807932136,68.23591715086046,68.339035607243,5543800
2024-10-30,68.48904418945312,68.83589794400673,68.45154590636088,68.68590481163776,4610300
2024-10-31,68.47966003417969,68.5827785021569,68.27342309822528,68.38591077088067,6115700
2024-11-01,68.21448516845703,68.72228616071354,68.18627519796362,68.6846704752362,6409800
2024-11-04,68.4872055053711,68.65647253244326,68.36495271253806,68.4777997887394,6860100
2024-11-05,68.65646362304688,68.67526787941041,68.2709082102364,68.2709082102364,6236900
2024-11-06,68.09224700927734,68.26150685072618,67.92297999336931,67.95118996694413,6382500
2024-11-07,68.60004425048828,68.67527563335408,68.17688027717242,68.17688027717242,6590200
2024-11-08,68.731689453125,68.87274648980265,68.60944384771578,68.60944384771578,5398500
2024-11-11,68.60004425048828,68.64706565839428,68.50600860913582,68.64706565839428,4372000
2024-11-12,68.18626403808594,68.4777765847512,68.13924264532054,68.40254522610944,7197800
2024-11-13,68.1580810546875,68.57183934210165,68.09225538343115,68.57183934210165,5458100
2024-11-14,68.1392593383789,68.3837577266343,68.09224510855299,68.27091066102588,6643300
2024-11-15,68.1580810546875,68.3273480914124,67.89477119520203,68.02642253771472,18467300
2024-11-18,68.22386932373047,68.28028924688778,68.01698670621214,68.08281234138104,4964800
2024-11-19,68.34613037109375,68.44016598915228,68.32732611726516,68.42136173532369,4900500
2024-11-20,68.2708969116211,68.35553398739668,68.17686129644854,68.18626701030306,6557800
2024-11-21,68.2332763671875,68.40254333221625,68.17685643699693,68.2708920454669,5115500
2024-11-22,68.2614974975586,68.33672886642269,68.19567184341706,68.28971464172629,10409500
2024-11-25,68.89154052734375,68.90093906614611,68.65644791705677,68.65644791705677,10207100
2024-11-26,68.76929473876953,68.816316135369,68.59062921549877,68.816316135369,5537900
2024-11-27,68.95738220214844,69.04201211778673,68.84453514017196,68.84453514017196,5366600
2024-11-29,69.21127319335938,69.23948316282171,69.11723757033218,69.11723757033218,3870800
2024-12-02,69.2518310546875,69.30842965513158,69.0160239422461,69.12921394687228,6212800
2024-12-03,69.09149169921875,69.37446314441009,69.0443273929326,69.35559454339051,6249200
2024-12-04,69.32728576660156,69.37445006399498,68.94055867750755,69.04431437476393,6769700
2024-12-05,69.33672332763672,69.38388043098746,69.18580332588611,69.21409902714892,6146200
2024-12-06,69.52536010742188,69.60082010175664,69.39330871546659,69.54422870413613,4880500
2024-12-09,69.31787109375,69.46879113112958,69.29900968720928,69.46879113112958,5432900
2024-12-10,69.2424087524414,69.2990001605473,69.1575144440201,69.21410585212598,5751900
2024-12-11,69.09149169921875,69.41218595392367,69.06319599395218,69.41218595392367,4642900
2024-12-12,68.81793975830078,69.05374684650614,68.78964405911793,68.86510405444635,6880600
2024-12-13,68.54440307617188,68.77078306349054,68.51610737682236,68.77078306349054,5171400
2024-12-16,68.61986541748047,68.7519168164661,68.52554401767094,68.61986541748047,7871100
2024-12-17,68.6292953491211,68.70474814641037,68.58213105408687,68.61042675260298,6084800
2024-12-18,68.09165954589844,68.68589083892832,68.08222524707722,68.629299438524,7962700
2024-12-19,67.90302276611328,68.02564708586988,67.79926704767135,67.95018707313703,7669100
2024-12-20,68.11053466796875,68.2991847010887,68.09167326278822,68.19542898193846,6696400
2024-12-23,67.8935775756836,68.11051605917208,67.85584757936799,68.03505606654088,7605400
2024-12-24,67.99104309082031,67.99104309082031,67.77340008798232,67.80178767794978,4185300
2024-12-26,68.03836059570312,68.05728324914934,67.7828578465764,67.7828578465764,8714400
2024-12-27,67.89641571044922,68.06674847070319,67.88695077387086,68.02889594402106,9018700
2024-12-30,68.16138458251953,68.2087020516147,68.03836927035712,68.03836927035712,8054500
2024-12-31,68.04782104492188,68.29385162165451,68.01942623717818,68.2181465735995,8724200
2025-01-02,68.07621765136719,68.31279054315578,67.99104765611482,68.31279054315578,8053300
2025-01-03,67.99104309082031,68.18976344022374,67.97212043738575,68.10460067032137,6857000
2025-01-06,67.9248046875,68.01943239632189,67.84909963258993,67.9248046875,5375700
2025-01-07,67.688232421875,67.91534036904146,67.60306964904937,67.86803012401549,7875900
2025-01-08,67.76393127441406,67.81124873474009,67.61252117707541,67.64091598504952,5844300
2025-01-10,67.41381072998047,67.88695652413739,67.35703554496384,67.88695652413739,9602400
2025-01-13,67.34757995605469,67.42328502634001,67.28133982446325,67.41382008764613,11856300
2025-01-14,67.3948974609375,67.42328505739935,67.29080479415545,67.32865732931555,5166000
2025-01-15,67.93427276611328,68.01943554210219,67.75447505729436,67.75447505729436,5867900
2025-01-16,68.0667495727539,68.1613772811757,67.79232416458873,67.84909934571553,8494100
2025-01-17,68.08567810058594,68.22762328528044,68.04783278965726,68.22762328528044,5600200
2025-01-21,68.2844009399414,68.33171118512657,68.19923094719773,68.33171118512657,8491600
2025-01-22,68.14244842529297,68.32223888904117,68.10459590144316,68.27492864895194,6616600
2025-01-23,68.03836059570312,68.1329883021966,67.94373288920966,68.1329883021966,7529700
2025-01-24,68.17084503173828,68.21815527808629,68.00997719881808,68.13299250288088,5555700
2025-01-27,68.53044128417969,68.54937116064998,68.37903837057995,68.45473621756356,8621200
2025-01-28,68.49258422851562,68.50204916612583,68.33171638730235,68.50204916612583,4424300
2025-01-29,68.45472717285156,68.5966723490939,68.29385934227165,68.53989716644959,5780200
2025-01-30,68.54935455322266,68.63451731780906,68.49257215720094,68.56827720547604,5622300
2025-01-31,68.45472717285156,68.64398981438521,68.3222469335938,68.58721463174089,6738300
2025-02-03,68.51643371582031,68.76327339414904,68.41200182280281,68.57340117584131,7163800
2025-02-04,68.61137390136719,68.6303654702228,68.32656555698433,68.39302156165647,7296200
2025-02-05,68.96263885498047,69.07656652766326,68.82972685843083,68.84871118229768,8981700
2025-02-06,68.88668823242188,68.97213579916203,68.81074369251591,68.88668823242188,5722100
2025-02-07,68.6778335571289,68.77277692013189,68.61137754892381,68.7253052386304,6415300
2025-02-10,68.69682312011719,68.83923091729977,68.65884722465773,68.78226345252988,5439200
2025-02-11,68.58289337158203,68.6493493758475,68.52593315168626,68.6493493758475,6870800
2025-02-12,68.23165130615234,68.34557178314533,68.11772358599575,68.28861154464884,5279600
2025-02-13,68.63986206054688,68.70631806599926,68.42150247511113,68.50695004964211,6452900
2025-02-14,68.85822296142578,69.00063077457015,68.79176694771337,68.79176694771337,6131500
2025-02-18,68.60189819335938,68.7822746722629,68.5924024071552,68.68733853970906,7151700
2025-02-19,68.69682312011719,68.72530323092141,68.5544153229346,68.63036711385351,4720700
2025-02-20,68.78225708007812,68.8297287557947,68.75377697191249,68.7917528638536,6199000
2025-02-21,69.08606719970703,69.17151478001409,68.8582190574913,68.8677148426725,4460600
2025-02-24,69.18099212646484,69.22845655339648,69.01010425455912,69.0195927940495,5580100
2025-02-25,69.61772918701172,69.61772918701172,69.3519051217854,69.40886535200175,4835300
2025-02-26,69.72216033935547,69.76013624013711,69.50380072065164,69.59873685102451,5825400
2025-02-27,69.6366958618164,69.70315186127513,69.51327964658182,69.5987199702456,14908500
2025-02-28,69.9310073852539,69.95948749321292,69.69366349471447,69.79808814284397,8363500
2025-03-03,70.0919418334961,70.11098277264912,69.72058176954178,69.74914681065192,7549300
2025-03-04,69.8919677734375,70.22523863945239,69.81578949984552,70.09193029304643,7693100
2025-03-05,69.64439392089844,70.00622983321384,69.63486982024902,69.79675047224822,7758400
2025-03-06,69.58726501464844,69.70152516531857,69.41586752388288,69.61583005231597,7196400
2025-03-07,69.51109313964844,69.86341225443734,69.46347989597716,69.82532311245251,5036100
2025-03-10,69.8348388671875,69.95863039291011,69.7681846859372,69.79675699055382,8167000
2025-03-11,69.56820678710938,69.92052581867482,69.54916585299524,69.70151512018617,8359200
2025-03-12,69.42538452148438,69.56820969520899,69.40633632181469,69.42538452148438,6193000
2025-03-13,69.63487243652344,69.65392063853794,69.2920774478674,69.43490990393417,4711400
2025-03-14,69.46348571777344,69.57775315330477,69.45396888005037,69.53013990564297,5094900
2025-03-17,69.55870056152344,69.73961488985827,69.52061142272653,69.63487157435686,4772900
2025-03-18,69.63487243652344,69.7205748160677,69.48252314420992,69.49204724521717,4196100
2025-03-19,69.84435272216797,69.87291775783302,69.5110818648092,69.57773603628095,4201600
2025-03-20,69.8729248046875,70.14906561856561,69.84435976614158,70.13002468112185,3760700
2025-03-21,69.81580352783203,70.00624198531648,69.79676258798818,69.9300709611796,7078500
2025-03-24,69.51109313964844,69.72057978818448,69.49205220103653,69.69201474788612,5637000
2025-03-25,69.59678649902344,69.67296478106499,69.50156727885191,69.5110913802973,6133700
2025-03-26,69.4444351196289,69.5682193756681,69.40634597974902,69.5301302357882,4856900
2025-03-27,69.4158706665039,69.43491160422418,69.33969238610148,69.39682246402296,5567900
2025-03-28,69.81580352783203,69.84436856997856,69.57775182359573,69.66345421479677,4850500
2025-03-31,69.93958282470703,70.04432614830272,69.768185319256,69.98719606807269,7106000
2025-04-01,70.15930938720703,70.29305475983554,69.93958068155952,69.94913600491189,4667900
2025-04-02,70.10197448730469,70.33125848278503,69.91091177964617,70.32170316082957,5313100
2025-04-03,70.46501922607422,70.69429598305562,70.331273843787,70.46501922607422,7426200
2025-04-04,70.52234649658203,71.01911408789861,70.41725978308816,70.88536868682962,12678000
2025-04-07,69.67208099365234,70.39813241514179,69.59565299379551,70.35991841521337,14283000
2025-04-08,69.27084350585938,69.78672156144455,69.22307418478525,69.66252424208186,12629200
2025-04-09,69.43327331542969,69.45237667780711,68.28688206976196,68.29643010666177,20862000
2025-04-10,68.87916564941406,69.36638509971102,68.8409516446284,69.18487039912318,8058500
2025-04-11,68.80274200439453,68.92693934997051,68.21999843803088,68.48748919992282,7260400
2025-04-14,69.19441986083984,69.28995122042323,68.97469117408008,68.99380181914208,5409300
2025-04-15,69.36638641357422,69.49057646504777,69.11799902205082,69.12755434557226,5667500
2025-04-16,69.55744934082031,69.59566334643321,69.270855231588,69.41415593049231,33963000
2025-04-17,69.40460205078125,69.57656143532846,69.35683272062728,69.53834742892059,7613800
2025-04-21,69.02246856689453,69.39504601482695,69.02246856689453,69.25174531441223,6092900
2025-04-22,69.14665222167969,69.28995290883438,69.13710418749156,69.25173890635475,5408200
2025-04-23,69.28997039794922,69.86316600266957,69.26131171099983,69.56701651942252,5283000
2025-04-24,69.68164825439453,69.69119628958109,69.50013354577929,69.54790287601799,3751500
2025-04-25,69.91092681884766,69.92048214285865,69.74852275354414,69.82494347990206,4021800
2025-04-28,70.0828857421875,70.11154442545326,69.82494301564243,69.83449833958989,4685400
2025-04-29,70.26439666748047,70.27394470233672,70.00645395483694,70.01600927826944,3790700
2025-04-30,70.21661376953125,70.29304176506896,70.09242374321357,70.21661376953125,8020700
2025-05-01,70.02111053466797,70.31822124175551,69.91568533409729,70.28946293173716,6295400
2025-05-02,69.67608642578125,69.81984873279453,69.58983342880609,69.68567252946339,6960800
2025-05-05,69.58025360107422,69.6665139178845,69.46524959473429,69.6090046026592,7575000
2025-05-06,69.73360443115234,69.74318322397421,69.48441688872755,69.54191889388112,6994000
2025-05-07,69.8677749633789,69.93486306794838,69.76234975447615,69.77193585857322,4357400
2025-05-08,69.49398803710938,69.88693050784902,69.49398803710938,69.82942851507103,4283200
2025-05-09,69.55148315429688,69.71441032576418,69.54189705243019,69.58982024971036,3730700
2025-05-12,69.31190490722656,69.43649502483066,69.29274000915505,69.29274000915505,6982800
2025-05-13,69.28314971923828,69.41732593380146,69.1968894029875,69.29273582372288,5610300
2025-05-14,69.04354858398438,69.28315001272722,69.01479758246408,69.23522680215652,6426700
2025-05-15,69.41731262207031,69.43647751530908,69.16812513764299,69.24479933470585,5659000
2025-05-16,69.46524810791016,69.65692632241095,69.43648979488538,69.59942432047175,5310000
2025-05-19,69.44607543945312,69.46524764800938,69.06271170093446,69.16813691182847,5787700
2025-05-20,69.32147979736328,69.37898179433077,69.196882387861,69.29272879887954,5810300
2025-05-21,68.89019775390625,69.19688727950417,68.81353085654807,69.14897138266218,10880400
2025-05-22,69.08187866210938,69.09145745360478,68.77518915700125,68.88061435988729,7067200
2025-05-23,69.18729400634766,69.28313309202738,69.09144760861439,69.26396088765932,4272600
2025-05-27,69.51316833496094,69.58025644542015,69.31190400358331,69.35982721622088,6148800
2025-05-28,69.35982513427734,69.44607813996917,69.28315092118099,69.39816224082553,5214700
2025-05-29,69.6089859008789,69.67607399057115,69.4652309315765,69.4652309315765,4685800
2025-05-30,69.74317169189453,69.75275779518692,69.52274250055022,69.60899549401859,5995600
2025-06-02,69.58932495117188,69.74317344487001,69.46431525527677,69.57008930430351,6888000
2025-06-03,69.51240539550781,69.71433569441051,69.48355925798609,69.65664341936707,7436800
2025-06-04,69.94510650634766,70.0124166005693,69.72394791229803,69.75279404750015,8343000
2025-06-05,69.81048583984375,70.03165176862889,69.79125752859069,69.9643416748682,6620600
2025-06-06,69.43547821044922,69.70471861185231,69.41624989731359,69.58933406053711,14677200
2025-06-09,69.54125213623047,69.60856223644855,69.42586024889204,69.42586024889204,10147300
2025-06-10,69.67586517333984,69.7720214014441,69.59893725635645,69.72394695551695,9257000
2025-06-11,69.89702606201172,69.9258721947386,69.73355241614368,69.80086250458955,8034900
2025-06-12,70.15665435791016,70.1662721816926,70.02203416995604,70.09896208771553,5950100
2025-06-13,69.90665435791016,70.05089239453953,69.76242365753208,70.01242842902161,5656200
2025-06-16,69.77202606201172,69.99319200404972,69.7624155739343,69.85857180846152,6415500
2025-06-17,69.99317169189453,70.02201782025645,69.81046976393797,69.89701548527204,5123400
2025-06-18,70.03164672851562,70.2143413491463,69.96433663959917,70.07011068450352,5176900
2025-06-20,70.0797119140625,70.15663981587642,69.87778167398733,69.91624562489429,5396600
2025-06-23,70.2528076171875,70.40666344620256,70.17588703892969,70.24319713006135,5391900
2025-06-24,70.46434783935547,70.50281179231077,70.18548968261621,70.18548968261621,8789700
2025-06-25,70.48359680175781,70.49320728962586,70.2912770006427,70.37782274520707,5346300
2025-06-26,70.68553161621094,70.69514210469427,70.48360131429968,70.55091141493676,5373300
2025-06-27,70.52206420898438,70.72400186509533,70.50283589405787,70.56052817508878,6928700
2025-06-30,70.80091857910156,70.83938254309702,70.62783440924751,70.68553402336619,6986700
2025-07-01,70.74786376953125,70.85397651270434,70.64175838609899,70.79609951087932,6286300
2025-07-02,70.67069244384766,70.67069244384766,70.55493108773487,70.58386958682797,6342300
2025-07-03,70.49705505371094,70.5838705521776,70.45846793447893,70.5452834329456,6428400
2025-07-07,70.2655258178711,70.43916415843172,70.21729744311189,70.38128716482477,8191000
2025-07-08,70.22695922851562,70.22695922851562,70.13048774143064,70.1690748643164,5934200
2025-07-09,70.50668334960938,70.5163319675784,70.31375514866363,70.31375514866363,6720200
2025-07-10,70.5163345336914,70.52598315201153,70.39093193448714,70.49704465679051,6650900
2025-07-11,70.22695922851562,70.32342335585945,70.19801336654544,70.31377473520273,4962400
2025-07-14,70.21729278564453,70.2848183936203,70.13046994125322,70.197995549229,5624700
2025-07-15,70.00506591796875,70.30410683866634,69.98577604168531,70.30410683866634,5908400
2025-07-16,70.14012908935547,70.20765470746863,69.95684211458816,70.1304804696992,7874900
2025-07-17,70.15941619873047,70.24623168388096,70.11118046715397,70.1497675804673,6857300
2025-07-18,70.27517700195312,70.32341273821284,70.23658988489336,70.30411549981294,5206800
2025-07-21,70.47775268554688,70.59351403481891,70.45846280720482,70.51633980197089,5338500
2025-07-22,70.593505859375,70.65138284743831,70.49704175935645,70.51633163546454,5507300
2025-07-23,70.44882202148438,70.53564488302736,70.41988352088363,70.49705776231278,5269400
2025-07-24,70.36199951171875,70.45846362402712,70.24623816110469,70.26552803967036,6139200
2025-07-25,70.53562927246094,70.53562927246094,70.35234232956596,70.37163220578374,4845900
2025-07-28,70.41986846923828,70.46810419975671,70.38128135677137,70.43915834560215,5806600
2025-07-29,70.78643035888672,70.79607897630589,70.49703807395973,70.49703807395973,7397900
2025-07-30,70.60316467285156,70.75750578322129,70.54528031669031,70.60316467285156,5554600
2025-07-31,70.61280059814453,70.76714905659448,70.59351072070808,70.75750043800646,6463200
2025-08-01,71.22449493408203,71.24385618253233,71.02124613027031,71.1373914685139,10782300
2025-08-04,71.27287292480469,71.28255354661945,71.13737375600151,71.26319230298992,6834400
2025-08-05,71.30191040039062,71.33094488290332,71.17609184811853,71.19544570840993,8145300
2025-08-06,71.24385070800781,71.28256581778072,70.98252556307871,71.2051355982349,8082200
2025-08-07,71.2148208618164,71.33095881455012,71.16642512540894,71.33095881455012,4193100
2025-08-08,71.05994415283203,71.14705498160241,71.04059029318914,71.13737435970549,5566300
2025-08-11,71.10835266113281,71.1857828819257,71.07931817437355,71.12770652425489,8668100
2025-08-12,71.11803436279297,71.11803436279297,70.9728545426437,71.03092351704245,5493400
2025-08-13,71.37935638427734,71.4083908732065,71.30192615769772,71.32128740641905,6208900
2025-08-14,71.17609405517578,71.3793428232183,71.12769832671981,71.3793428232183,6818100
2025-08-15,71.07931518554688,71.22448761323882,71.03091945354825,71.16641864216204,4309100
2025-08-18,71.00189208984375,71.27289049425379,70.9534963529908,71.10835680359808,6941600
2025-08-19,71.13738250732422,71.1470631303299,71.07931353759376,71.07931353759376,5098500
2025-08-20,71.18577575683594,71.23416410187403,71.09866492112492,71.12769940497807,5512500
2025-08-21,71.01156616210938,71.10835024273271,70.93413594394988,71.07931575696091,5695500
2025-08-22,71.36965942382812,71.43740901053961,71.11802232127182,71.13737618141033,5828700
2025-08-25,71.27287292480469,71.35030313102104,71.22447719988175,71.26319230298992,5361700
2025-08-26,71.3599853515625,71.38901983350638,71.2244787955726,71.28255514361143,4648300
2025-08-27,71.42774200439453,71.43741524323217,71.22448584237546,71.29224281914966,6053900
2025-08-28,71.51483154296875,71.54386602213552,71.389013005196,71.41804748436277,5857300
2025-08-29,71.42774200439453,71.49549159701695,71.3890268965886,71.4470958662216,7736300
2025-09-02,71.27528381347656,71.30441421489336,71.18788520068053,71.21701560209733,6222400
2025-09-03,71.50833129882812,71.58601730489802,71.31412369219869,71.32382888654845,6005100
2025-09-04,71.78022766113281,71.78994026439993,71.58602004706408,71.66370605610982,8842600
2025-09-05,72.12010192871094,72.21721315403794,72.10068412877334,72.13952713719488,6321800
2025-09-08,72.3531494140625,72.36285460834095,72.25604561146116,72.27546340856333,6414400
2025-09-09,72.21720886230469,72.3628608745467,72.14923545374312,72.31431267331466,6613200
2025-09-10,72.34345245361328,72.45998148705839,72.28519164116416,72.33373984868948,5680700
2025-09-11,72.49880981445312,72.59591361838342,72.41141120493411,72.41141120493411,6437200
2025-09-12,72.41142272949219,72.42113533399461,72.27547590064424,72.38229232453142,5493000
2025-09-15,72.54737854003906,72.56680375144886,72.48911772290457,72.49883032860946,7193600
2025-09-16,72.55706787109375,72.60561606695019,72.48909447005867,72.54735526850443,7012200
2025-09-17,72.43083190917969,72.75128114270112,72.3725711061924,72.63475953672652,8872000
2025-09-18,72.246337890625,72.32402390137374,72.13952147798192,72.23662528714497,7641400
2025-09-19,72.27545928955078,72.29487708554632,72.18806068620879,72.25604149355524,5295700
2025-09-22,72.13951873779297,72.25604774948977,72.12009353157076,72.23662254326757,7813900
2025-09-23,72.2851791381836,72.29488433288186,72.15893752165037,72.21720573256785,6492000
2025-09-24,72.13951873779297,72.22690994015646,72.11038833700513,72.21720474559083,5158400
2025-09-25,72.06183624267578,72.07154884626033,71.92588942667547,72.04241844405253,7402700
2025-09-26,72.06183624267578,72.17836526005284,72.00357543826017,72.07154884626033,5531400
2025-09-29,72.246337890625,72.28518089599937,72.13952147798192,72.15893927639623,5534500
2025-09-30,72.21720886230469,72.38228608187622,72.1880710513104,72.27546966720149,8840700
2025-10-01,72.39936828613281,72.43833546894953,72.29221039144439,72.39936828613281,8762900
2025-10-02,72.47731018066406,72.49679005798089,72.33118508797953,72.37015227484414,7155600
2025-10-03,72.3896255493164,72.52600697478735,72.37014567377639,72.49678344536218,8372400
2025-10-06,72.22401428222656,72.36039569577811,72.21427062919298,72.25323780909766,8688800
2025-10-07,72.36040496826172,72.42859568377567,72.27273437641404,72.30195790702993,7229500
2025-10-08,72.36040496826172,72.48705017723803,72.34092509192799,72.47730652295587,6298400
2025-10-09,72.31171417236328,72.34093770807571,72.26300332468799,72.32145039611285,9071000
2025-10-10,72.59420776367188,72.65266226286602,72.4383464410272,72.50653716322762,7202600
2025-10-13,72.71110534667969,72.71110534667969,72.52601306846174,72.61369109633425,4358400
2025-10-14,72.81825256347656,72.84747609106768,72.64290396570007,72.7013510208823,6550100
2025-10-15,72.76954650878906,72.93515889639902,72.73058675759526,72.83773722172364,6264800
2025-10-16,73.04231262207031,73.06179249655492,72.7403188258349,72.7403188258349,8485100
2025-10-17,72.94490051269531,72.98386769900121,72.87670979471771,72.97413147659786,20337500
2025-10-20,73.04231262207031,73.05204884319768,72.97412191302939,73.0130816619986,6287200
2025-10-21,73.12999725341797,73.20793163078685,73.11051737519139,73.15922078687348,6179900
2025-10-22,73.12999725341797,73.1397409086469,73.03258299782252,73.09103006473353,7164500
2025-10-23,72.98387145996094,73.08128571463014,72.96439158191959,73.05206218145251,6041700
2025-10-24,73.08128356933594,73.11051453388673,72.97413309490706,73.10077087903647,6912300
2025-10-27,73.12025451660156,73.12025451660156,72.95464953678614,73.02284025978257,7706600
2025-10-28,73.15921020507812,73.17869751271733,73.07153961739235,73.10076314662093,7399700
2025-10-29,72.79878234863281,73.13973593615238,72.77929503949981,73.12999228158587,8938700
2025-10-30,72.67213439941406,72.78903595311762,72.57472015410968,72.58446380830927,7109500
2025-10-31,72.65264129638672,72.75005552395625,72.61367411891308,72.73057565133401,7106700
2025-11-03,72.56859588623047,72.60769097409556,72.49040571050028,72.5588202501078,7085100
2025-11-04,72.60770416259766,72.68589435253035,72.558833429733,72.57838470552963,11476200
2025-11-05,72.40245819091797,72.57838238432664,72.36336309720195,72.5588311091553,10862500
2025-11-06,72.6858901977539,72.71520965314602,72.59792437495109,72.61747564963017,6461200
2025-11-07,72.64678955078125,72.74452354682482,72.57837500788817,72.57837500788817,7073200
2025-11-10,72.62723541259766,72.68588177321107,72.59791596060377,72.63701104880417,7235100
2025-11-11,72.83248901367188,72.84226465121797,72.73475500809089,72.7738501016486,5229400
2025-11-12,72.80316925048828,72.85203998138591,72.75430597621728,72.79340106961006,7129700
2025-11-13,72.58815002441406,72.72498657971383,72.58815002441406,72.67611584877629,7105100
2025-11-14,72.48064422607422,72.73475113573093,72.48064422607422,72.7152073183059,6473000
2025-11-17,72.51972961425781,72.59791979478811,72.50996143416104,72.5295052509806,6908300
2025-11-18,72.57837677001953,72.69565458546882,72.50018658863593,72.64679131457365,8009200
2025-11-19,72.54906463623047,72.68589373914453,72.519737722783,72.65656682569707,7527500
2025-11-20,72.65656280517578,72.7152091721986,72.6076995320543,72.6272433499776,8461100
2025-11-21,72.83248901367188,72.86181592631016,72.71521118962535,72.86181592631016,6818400
2025-11-24,72.95953369140625,72.9888531408915,72.86179970758043,72.930214241921,5734400
2025-11-25,73.12567901611328,73.19409354746614,73.00839376666926,73.00839376666926,7446200
2025-11-26,73.2038803100586,73.2038803100586,72.988861048372,73.08659504278614,7327100
2025-11-28,73.08660888671875,73.18434289964549,73.01819433200731,73.16479907971103,4812100
2025-12-01,72.80126953125,72.85029694739013,72.76204909444456,72.820876009386,6891500
2025-12-02,72.86991119384766,72.9091316348342,72.77186383164843,72.80127729225478,6756900
2025-12-03,72.9777603149414,73.01698075312176,72.88951245890219,72.95815383611809,9774000
2025-12-04,72.84049987792969,72.91894076221234,72.8110864164573,72.90913378154339,7337500
2025-12-05,72.75225067138672,72.87971897612906,72.70323073001485,72.86010501515287,7270500
2025-12-08,72.64439392089844,72.76205524125454,72.5365470612396,72.75224826109135,8585700
2025-12-09,72.59537506103516,72.76205632361854,72.56596160064211,72.76205632361854,6665200
2025-12-10,72.81107330322266,72.82087280159226,72.55614421548385,72.56595119438656,8771100
2025-12-11,72.81107330322266,72.97775454190325,72.79145934541724,72.95814806463093,8924600
2025-12-12,72.5855712890625,72.64439821244878,72.5659648081119,72.60518525054759,8117600
2025-12-15,72.67382049560547,72.7914743445489,72.6346000524461,72.72284043915369,10495500
2025-12-16,72.81107330322266,72.82087280159226,72.61497112783393,72.6738055207171,6999300
2025-12-17,72.79147338867188,72.82088685052149,72.72283948417794,72.73264646497266,10071300
2025-12-18,72.94593048095703,72.99511406192843,72.88689967608292,72.94593048095703,6940500
2025-12-19,72.83770751953125,72.92624245815969,72.81802808505483,72.86721916574074,7540400
2025-12-22,72.81803894042969,72.83771837783982,72.76885535791688,72.82787865913475,9855300
2025-12-23,72.80819702148438,72.8180292333725,72.65079156521138,72.66063128260475,10188700
2025-12-24,72.98527526855469,72.99510748055886,72.84754924544274,72.87706089246596,5341700
2025-12-26,72.98527526855469,73.07381020962437,72.93608418651242,73.04429856260114,6730500
2025-12-29,73.09349060058594,73.09349060058594,73.00494815285292,73.05413923553853,9105700
2025-12-30,73.06398010253906,73.08365954014664,72.975445149824,73.02463623833658,7743200
2025-12-31,72.86721801757812,73.04429539754996,72.85737830049496,72.9655926718947,8846700
2026-01-02,72.83770751953125,72.95576160987432,72.81802808505483,72.92624245815969,7453500
2026-01-05,72.9754409790039,73.00495262822223,72.87706631310753,72.90657796232585,11059100
2026-01-06,72.9754409790039,72.98528069724532,72.8278752274064,72.92624989330277,9079000
2026-01-07,73.05413055419922,73.1131538420036,72.99509976089028,73.09348191457032,11576600
2026-01-08,72.92625427246094,72.97544536111596,72.89674262147047,72.91642205913502,9906800
2026-01-09,73.08365631103516,73.15251932860636,72.92625083915469,72.97544192549384,10536800
2026-01-12,73.0147933959961,73.09349613204685,72.95577009671103,73.00495367761324,9851000
2026-01-13,73.07381439208984,73.11316575887491,73.01479109466513,73.1033260408022,11835200
2026-01-14,73.22137451171875,73.25088615816219,73.11316013775604,73.11316013775604,8765900
2026-01-15,73.11316680908203,73.26073256026926,73.11316680908203,73.24105312384116,9959500
2026-01-16,72.99510955810547,73.12300337285329,72.97543762803187,73.11316365506372,16105100
2026-01-20,72.7294921875,72.8278668420696,72.69998054167962,72.7098202587881,12982700
2026-01-21,72.93608093261719,72.95576036675827,72.74916383580188,72.80819463272015,11453200
2026-01-22,72.9655990600586,73.00495042633145,72.8475524667457,72.88689632751287,13512400
2026-01-23,73.04429626464844,73.0541359818484,72.91640996306927,72.9951051841537,8079700
2026-01-26,73.1328353881836,73.17218675373037,73.1033237403999,73.1328353881836,7137300
2026-01-27,73.07381439208984,73.17218905629963,73.04430274337749,73.1033260408022,9827900
2026-01-28,73.04429626464844,73.0541359818484,72.94592160916407,73.03445654744847,9328300
2026-01-29,73.05413055419922,73.1131538420036,72.93607647308589,72.94591618955481,16397300
2026-01-30,73.02462005615234,73.09348306150619,72.96558926191713,73.0442919838943,8977500
2026-02-02,72.95060729980469,73.0789171105781,72.93086269484853,73.06904480810002,8636400
2026-02-03,72.9703369140625,72.98020921553126,72.88150126156299,72.90124586450048,11287100
2026-02-04,72.94072723388672,72.99994598173144,72.89137325710972,72.9308549324594,11709600
2026-02-05,73.25657653808594,73.27631361150559,73.04930338055993,73.09864982928902,12216700
2026-02-06,73.26644897460938,73.28618604806529,73.16774101624993,73.26644897460938,8257200
2026-02-09,73.28618621826172,73.30592329176346,73.17761348810217,73.20722286353478,9429800
2026-02-10,73.50333404541016,73.55268049593349,73.46385236677537,73.48358944091265,8288400
2026-02-11,73.35527801513672,73.51320472619254,73.32566863940377,73.34540571310572,7968800
2026-02-12,73.69087219238281,73.71060926707078,73.46385441648879,73.49346379370095,9884300
2026-02-13,73.90800476074219,73.92774936435475,73.838913708818,73.86852308387695,8307900
2026-02-17,73.89813995361328,73.93762163045945,73.85865827676712,73.91787702685643,9689000
2026-02-18,73.81917572021484,73.8882667712823,73.79943111684712,73.81917572021484,6972500
2026-02-19,73.84879302978516,73.87840240765841,73.75009259342076,73.75009259342076,8147900
2026-02-20,73.83890533447266,73.8685147061735,73.72046784766928,73.8685147061735,9131300
2026-02-23,73.99683380126953,74.0461802451698,73.8685164803386,73.8685164803386,6286900
2026-02-24,73.95735931396484,73.99684099113679,73.9178776367929,73.97709638737085,9854400
2026-02-25,73.9376220703125,73.9968408207541,73.89814039323146,73.90800516473178,7002000
2026-02-26,74.04619598388672,74.05606828690884,73.95736784777006,73.95736784777006,14876200
2026-02-27,74.1942367553711,74.25346303224485,74.1547550809084,74.17449968331947,8500900
2026-03-02,73.89525604248047,73.99425675134248,73.80615767048563,73.97445963087804,8732600
2026-03-03,73.81605529785156,73.9150635637978,73.56854973952639,73.58835441402373,8939900
2026-03-04,73.76655578613281,73.85565415801877,73.75665344927774,73.82595470072344,11305400
2026-03-05,73.5982437133789,73.62795072291111,73.49924300808053,73.53884480085381,10025800
2026-03-06,73.4992446899414,73.67744898486416,73.330942731756,73.3804468621728,10878000
2026-03-09,73.70714569091797,73.75664981948718,73.37054178710981,73.41014357931128,8201800
2026-03-10,73.47944641113281,73.7071472796122,73.46954407455162,73.64774836666449,8622900
2026-03-11,73.15274047851562,73.36064423618308,73.11313868373087,73.35074189916938,9003400
2026-03-12,72.88543701171875,73.09334076712253,72.82603054355343,73.04383663586307,12383500
2026-03-13,72.81613159179688,73.06363712738657,72.77652979971018,73.00423066262177,7060100
2026-03-16,73.09333038330078,73.14282695425867,73.00422447034637,73.09333038330078,7716600
2026-03-17,73.2418441772461,73.27154363411377,73.19234004695345,73.19234004695345,5948100
2026-03-18,72.94483184814453,73.21213450349833,72.9349295117923,73.16263792827628,9210900
2026-03-19,73.0240478515625,73.12304857211312,72.76663993551423,72.78643705831604,8861500
2026-03-20,72.4399185180664,72.79632709443547,72.43002373497303,72.77652997497921,12983200
2026-03-23,72.71712493896484,72.87553211080582,72.50922119087583,72.56862765695104,14898800
2026-03-24,72.5290298461914,72.67753468962854,72.39042733985544,72.44982625592226,11800800
2026-03-25,72.80622863769531,72.88543222119667,72.71712271793893,72.83592809319096,9313300
2026-03-26,72.38052368164062,72.69733048366467,72.37062134472019,72.59832977427028,8602900
2026-03-27,72.38052368164062,72.47952439103501,72.21222172034315,72.2518235147549,13021800
2026-03-30,72.74683380126953,72.86563162990598,72.68742733368143,72.74683380126953,10353800
2026-03-31,72.90522766113281,73.04383015243286,72.83592641548279,72.93492711594436,10948300
2026-04-01,72.93502807617188,73.0741027107307,72.90522745148057,72.94496414406869,9624800
2026-04-02,73.09397888183594,73.16351620295431,72.85555871314475,72.87543085003546,7975600
2026-04-06,72.98471069335938,73.07411257950713,72.93503792616605,72.96483855488196,9844300
2026-04-07,73.09397888183594,73.11384343972708,72.76615683413523,73.00456942382685,7270000
2026-04-08,73.2330551147461,73.46153164095502,73.18338235043994,73.45160315129358,5760200
2026-04-09,73.26285552978516,73.40193017464037,73.09398025803237,73.19331820735755,5646600
2026-04-10,73.15357971191406,73.28271828495943,73.1436436435261,73.25291765879508,6334300
2026-04-13,73.3125228881836,73.33238744498402,73.1138394251836,73.1535761177836,6438100
2026-04-14,73.49134063720703,73.50126912697523,73.29265715684566,73.35225841145416,5600100
2026-04-15,73.39199829101562,73.44167105801056,73.33239703382183,73.41187042941365,6724300
2026-04-16,73.28271484375,73.47146223926042,73.23304966214144,73.46152617133903,7582500
2026-04-17,73.57080841064453,73.66021787393942,73.52114322348072,73.57080841064453,5806900
2026-04-20,73.5211410522461,73.57080623794317,73.44166766033099,73.56087774820364,7609600
2026-04-21,73.29265594482422,73.49133942190001,73.28271987622051,73.45160272648485,5852600
2026-04-22,73.37212371826172,73.49133379538043,73.36218765041872,73.47146165969441,5936800
2026-04-23,73.24298858642578,73.44166447860646,73.13371457202658,73.37212715844326,6181500
2026-04-24,73.37212371826172,73.40192434279162,73.17344783539632,73.26284970898601,5118200
2026-04-27,73.25291442871094,73.36218843916149,73.2131777359108,73.31252325741072,6095200
2026-04-28,73.2330551147461,73.2330551147461,73.11384502781117,73.16351779211732,7242000
2026-04-29,72.90522766113281,73.06417443194235,72.83569034365343,73.06417443194235,7207000
2026-04-30,73.01451110839844,73.09398450407511,72.96483834135049,73.04431173702714,7829100
2026-05-01,73.11616516113281,73.28559828673644,73.01649906395632,73.05636702363408,6933100
2026-05-04,72.86699676513672,73.03642989224934,72.73743159805693,73.01649971425086,7912200
2026-05-05,72.99656677246094,73.06633380613552,72.93676863046454,72.94673752214273,8336200
2026-05-06,73.30553436279297,73.32546454015018,73.22579844529288,73.2556975133465,7658300
2026-05-07,73.11616516113281,73.40520216576971,73.07629720145506,73.40520216576971,9777000
2026-05-08,73.30553436279297,73.36533249890022,73.27562769070371,73.31549564945377,7382800
2026-05-11,73.12613677978516,73.25570195054401,73.11616788848491,73.22580288067937,9494200
2026-05-12,72.90686798095703,72.98660390458345,72.88693019803233,72.96666612165873,7431700
2026-05-13,72.936767578125,72.94673646965936,72.78726462125469,72.88693072448947,10761000
2026-05-14,72.91683197021484,73.13609433939213,72.9068630794227,72.97663010689631,6262500
2026-05-15,72.49822235107422,72.59788844709442,72.458354391859,72.57795826950466,12189900
2026-05-18,72.44839477539062,72.61782790293483,72.34872107303673,72.53809198266607,8771700
2026-05-19,72.20919036865234,72.30886407563601,72.0995553741993,72.22912815166357,13221200
2026-05-20,72.60785675048828,72.65769360011303,72.21915365632925,72.23909143779342,11123000
2026-05-21,72.6875991821289,72.69756807375434,72.3387640156019,72.40853104890729,10364600
2026-05-22,72.75736236572266,72.80719921717656,72.57796034613888,72.79723032607859,6817600
2026-05-26,72.96666717529297,73.03643420846446,72.88693125051518,73.01650402928816,7374200
2026-05-27,73.03643035888672,73.09622849730009,72.99656239859918,73.04639924996759,7349100
2026-05-28,73.17596435546875,73.23577009786702,72.99656233634575,73.04639918767165,7239100
2026-05-29,73.21583557128906,73.30554038685727,73.13609964723648,73.22580446280469,9177400
2026-06-01,72.936767578125,72.94673646965936,72.69756740955427,72.75736555068788,7268300
2026-06-02,72.95669555664062,73.05636926090531,72.91683519977798,73.02646258720429,7682700
2026-06-03,72.8171615600586,72.87696730347763,72.73743324222661,72.7972313816096,9330700
2026-06-04,72.91683197021484,72.98659899768846,72.88692529783842,72.94673103855558,6815000
2026-06-05,72.58792877197266,72.70752504823798,72.5779598809386,72.69756376123979,8487200
2026-06-08,72.5679931640625,72.76733297053678,72.55803187676587,72.73743390057466,14019000
2026-06-09,72.72746276855469,72.75736183759562,72.59788999732943,72.67762591746254,8703500
2026-06-10,72.66766357421875,72.79722873952485,72.5978889420896,72.72746171143145,5252500
2026-06-11,73.08626556396484,73.11616463249804,72.68759357410549,72.73743042435132,9058700
2026-06-12,72.99656677246094,73.0464036268155,72.86700159678996,72.96666770146274,7379300
2026-06-15,73.05636596679688,73.18593113084845,73.0463970760127,73.13609428096325,7738300
2026-06-16,73.16600036621094,73.23576739306898,73.07629555794452,73.09622573531726,5902800
2026-06-17,72.89689636230469,73.22580133193159,72.8769661841618,73.17596448052052,8531600
2026-06-18,73.09622955322266,73.25570139667653,73.07629937480894,73.07629937480894,6312500
2026-06-22,72.89689636230469,72.97663228294805,72.8669972930724,72.92679543153696,7359400
2026-06-23,72.97663116455078,73.05636708397215,72.93676320484009,72.93676320484009,7081800
2026-06-24,73.30553436279297,73.3553636082038,73.21582955459647,73.2357673359893,7819400
2026-06-25,73.3553695678711,73.48494234534462,73.34540067636476,73.40520642136649,7638100
2026-06-26,73.42513275146484,73.47496960234783,73.31549776275094,73.32546665373471,5965100
2026-06-29,73.46500396728516,73.48494175013631,73.39523693537845,73.44507378847017,7224800
