Price,Close,High,Low,Open,Volume
Ticker,SPY,SPY,SPY,SPY,SPY
Date,,,,,
2015-01-02,169.68788146972656,170.88561066355808,168.65536499501724,170.47260407367435,121465900
2015-01-05,166.62332153320312,168.81225065477216,166.31770079651972,168.6470505972124,169632600
2015-01-06,165.05392456054688,167.44935723130908,164.26094653071848,166.9289650053605,209151400
2015-01-07,167.1107177734375,167.44938618869952,165.92952502298357,166.3755665766757,125346700
2015-01-08,170.07608032226562,170.2908517797395,168.4984049909054,168.51491617689666,147217800
2015-01-09,168.71316528320312,170.5056120873232,168.10191108942752,170.48908829723226,158567300
2015-01-12,167.39154052734375,169.0022760675028,166.78855452639888,168.84533157044453,144396100
2015-01-13,166.9207305908203,169.729170120032,165.6238839596993,168.60579178755538,214553300
2015-01-14,165.9129180908203,166.11116568420712,164.02135447757647,164.91343713793196,192991100
2015-01-15,164.39308166503906,166.86285203095846,164.27744036968454,166.5489757172567,176613900
2015-01-16,166.54896545410156,166.7059099032591,164.004844509121,164.18656833404498,211879600
2015-01-20,166.90414428710938,167.4493157598487,165.34298059986864,167.18498561405204,130991100
2015-01-21,167.74673461914062,168.22582370893434,165.97906716560615,166.44163246500446,122942700
2015-01-22,170.2413330078125,170.37348554658226,167.12725957849614,168.49844457542144,174356000
2015-01-23,169.307861328125,170.24125991747914,169.17569624213647,169.98518533689273,117516800
2015-01-26,169.704345703125,169.795207625169,168.3827326417059,169.09310423115286,92009700
2015-01-27,167.46591186523438,168.6058014503683,166.63989870883796,167.6558913620966,134044600
2015-01-28,165.31820678710938,168.74615497955716,165.12822736589717,168.64703747352567,168514300
2015-01-29,166.8463592529297,167.1024212491774,164.11224581839372,165.51647790768044,173585400
2015-01-30,164.74830627441406,166.9950628601836,164.48398864289024,165.6734494946458,197729700
2015-02-02,166.78854370117188,166.87940563546837,163.4349329327051,165.24390342208943,163107000
2015-02-03,169.2005615234375,169.20882972298224,167.30899661020916,167.68070007480412,124212900
2015-02-04,168.5562744140625,169.64661803570104,168.10196457171313,168.44063305455202,134306700
2015-02-05,170.2578125,170.40650140888124,169.1427024012078,169.21704055366874,97953200
2015-02-06,169.78700256347656,171.18296677943948,169.26661025471967,170.62127129310568,125672000
2015-02-09,169.02708435058594,169.86135314121785,168.62233334707244,169.14272569388106,87219000
2015-02-10,170.82774353027344,171.08380553916865,169.0683318377307,170.05955750358785,96164200
2015-02-11,170.92689514160156,171.3564255088663,170.0182882386482,170.6625774875651,91087800
2015-02-12,172.57066345214844,172.62849042176754,170.95994035221958,171.7198709274691,97545900
2015-02-13,173.28099060058594,173.3305493595107,172.43845388699384,172.69452848136683,93670400
2015-02-17,173.5535888671875,173.72705713986363,172.7193202893553,172.9671141018099,76968200
2015-02-18,173.57012939453125,173.64446754543653,172.91757201491595,173.18190224563585,80652900
2015-02-19,173.44619750976562,173.80964522816615,172.83495598696246,172.9753766774431,91462500
2015-02-20,174.48696899414062,174.56130712996128,172.41366855501633,173.0331782281016,140896400
2015-02-23,174.4622039794922,174.4622039794922,173.85920543986055,174.2391769497112,74411100
2015-02-24,174.95785522460938,175.15610293156425,174.09053883712855,174.3879040955802,72472300
2015-02-25,174.8091278076172,175.3129962204007,174.47045946703403,174.83390718824936,73061700
2015-02-26,174.6026153564453,174.87520113297848,173.99961684898244,174.7182566612815,72697900
2015-02-27,174.00790405273438,174.76783451094943,173.95834528867053,174.50350429733115,108076000
2015-03-02,175.10650634765625,175.16432070555928,174.05746627296082,174.10702503800874,87491400
2015-03-03,174.3878936767578,175.1560924668457,173.52884553919984,174.67700332329895,110325800
2015-03-04,173.6527099609375,173.86748140808916,172.68627626062957,173.7931306588669,114497200
2015-03-05,173.8426971435547,174.12353853152536,173.33882872209776,173.97484964121526,76873000
2015-03-06,171.397705078125,173.41317890386983,171.06730490510006,172.98364859577046,188128000
2015-03-09,172.1080322265625,172.4632116903932,171.43896385686813,171.59590830979997,89818900
2015-03-10,169.316162109375,170.82776759842554,169.27485893348538,170.745173850606,157121300
2015-03-11,168.91964721679688,169.74566016162228,168.83704088073142,169.57219189746775,110145700
2015-03-12,171.06729125976562,171.13336120593354,169.4978590531875,169.54741781479228,93993500
2015-03-13,170.01828002929688,171.75289999879354,168.98576364127752,170.794734369721,162410900
2015-03-16,172.289794921875,172.3806568570192,170.0430385291803,170.74515462838175,136099200
2015-03-17,171.77767944335938,172.1576383881858,170.96817757941653,171.55465239072544,94510400
2015-03-18,173.8426971435547,174.51176564005567,170.67079772450302,171.30683124757832,228808500
2015-03-19,173.04969787597656,173.850931375652,172.66147081514595,173.42966934545456,117917300
2015-03-20,174.5771942138672,175.0833117613719,173.81387167111257,173.99640669875154,177715100
2015-03-23,174.23704528808594,175.15801303387462,174.23704528808594,174.58551785943564,71784500
2015-03-24,173.25796508789062,174.56887998481383,173.19158756674477,174.1125550997898,77805300
2015-03-25,170.71913146972656,173.69776520861421,170.67765658234543,173.46545013430293,159521700
2015-03-26,170.31256103515625,171.22522364528578,169.358398223387,170.0553560026632,153067200
2015-03-27,170.70249938964844,170.87672931710654,170.0055416991604,170.19638183333447,118939000
2015-03-30,172.7850341796875,173.08372670196508,171.71472669332005,171.73131157884472,96180400
2015-03-31,171.2750244140625,172.66063503633413,171.2169519772045,171.96367717248643,126768700
2015-04-01,170.66929626464844,171.26668130825644,169.6819511881236,171.24179131979093,137303600
2015-04-02,171.28329467773438,171.73132717172223,170.42039946381973,170.60293450290862,86900900
2015-04-06,172.43663024902344,172.9510404296362,170.26281932039745,170.39556175846903,114368200
2015-04-07,171.980224609375,173.20817713321736,171.94704217801407,172.46145215552548,81236300
2015-04-08,172.56105041503906,173.00079052443866,171.81432527158861,172.20428539278765,89351900
2015-04-09,173.32440185546875,173.55671694575037,171.90562131555046,172.39514149434225,85548900
2015-04-10,174.2702178955078,174.31170543599447,173.37415285413942,173.57327279212356,72722900
2015-04-13,173.48202514648438,174.75977064265913,173.43224515628404,174.1291903395314,74436600
2015-04-14,173.8139190673828,173.99645414479616,172.66063616566487,173.28291138587718,75099900
2015-04-15,174.59376525878906,175.09988276617088,174.19551280288417,174.27848786713062,99529300
2015-04-16,174.54405212402344,175.05016982521738,174.06282441959135,174.26195705390805,68934900
2015-04-17,172.5361328125,173.5981479249098,171.7562126949012,173.35754046703426,191113200
2015-04-20,174.1125946044922,174.4444696253035,173.37416192199962,173.4571243470922,92189500
2015-04-21,173.90513610839844,174.95055361711223,173.60644358302048,174.7929085814658,72559800
2015-04-22,174.75975036621094,174.94228541591448,173.324359960795,174.24532765331014,78264600
2015-04-23,175.19944763183594,175.84661259165944,174.2452850760431,174.36144256472383,102585900
2015-04-24,175.6060333251953,175.87154345258304,175.15800081050318,175.6143384293135,61327400
2015-04-27,174.8759307861328,176.29471116892657,174.6850906072183,176.17026119156623,79358100
2015-04-28,175.43173217773438,175.48151214136,173.6810650490172,174.85094483507777,86863500
2015-04-29,174.70994567871094,175.30731806756097,173.9051356170558,174.54399554046685,125684900
2015-04-30,172.95928955078125,174.52742224365647,172.26233184044423,174.13746218128156,161304900
2015-05-01,174.8344268798828,174.87591442186115,173.63965656814005,173.73921654071185,103399700
2015-05-04,175.33218383789062,175.9129712189305,175.14964885239016,175.25750122730196,70927200
2015-05-05,173.32440185546875,175.44844543267956,173.1833543120994,175.09166769103237,113326200
2015-05-06,172.61085510253906,174.17898825634953,171.54883966822416,173.87200317837147,135060200
2015-05-07,173.2994842529297,173.72263947585762,172.1793965303919,172.5112715607244,88244900
2015-05-08,175.58114624023438,175.78027883907203,174.8842011346324,174.96717621586973,155877300
2015-05-11,174.74314880371094,175.80516398110535,174.66847882878935,175.53966651686653,75708100
2015-05-12,174.22044372558594,174.75975644947212,173.0920509518764,173.9134587041349,119727600
2015-05-13,174.253662109375,175.24929994623557,174.02134703611495,174.62702471566996,94667900
2015-05-14,176.0707244873047,176.16199203617555,174.9921114534371,175.2659141000497,95934000
2015-05-15,176.2615203857422,176.40256790681514,175.7802927290234,176.2615203857422,76510100
2015-05-18,176.80905151367188,177.05795135234536,176.02913159192002,176.09550910230482,74549700
2015-05-19,176.75100708007812,177.1990522131285,176.46891209125,176.92524966742405,72114600
2015-05-20,176.62657165527344,177.37329672479893,176.31128154758866,176.85058157999936,76857500
2015-05-21,177.1409912109375,177.34841625919387,176.319583462163,176.48553362894427,64764600
2015-05-22,176.71783447265625,177.17415941398292,176.65145694332057,176.75930935079924,57433500
2015-05-26,174.81781005859375,176.65145286603982,174.4029600049852,176.22829770881899,124308600
2015-05-27,176.47723388671875,176.70954893500715,174.86761343770593,175.2741711023209,93214000
2015-05-28,176.27809143066406,176.3859438363147,175.58943881822523,176.17022636479442,74974600
2015-05-29,175.18287658691406,176.25318413307215,174.91737914129027,176.21170925672558,124919600
2015-06-01,175.53965759277344,176.17851755936138,174.75143236349666,175.84664258087983,93338800
2015-06-02,175.3654022216797,176.05405477905722,174.46103221002957,175.08330724450371,91531000
2015-06-03,175.83009338378906,176.4523686347199,175.34057322484352,175.8964709297817,87820900
2015-06-04,174.3448944091797,175.78027210602187,174.0296043048185,175.1248145661451,151882800
2015-06-05,174.04623413085938,174.71828934303034,173.3907638092005,174.1955741067988,121704700
2015-06-08,172.9758758544922,174.08768362665737,172.90120588284333,173.93833102314068,89063300
2015-06-09,172.95098876953125,173.49030144767775,172.32042123131572,172.95098876953125,105034700
2015-06-10,175.02525329589844,175.40692095542522,173.65625304064022,173.71432547087372,134551300
2015-06-11,175.58944702148438,175.971102001252,175.23266937321156,175.46498440269264,73876400
2015-06-12,174.24530029296875,175.4649603607381,173.97149776140645,174.76801536778927,135382400
2015-06-15,173.4986114501953,173.7807064831923,172.40340109589576,173.1086513386087,124384200
2015-06-16,174.44447326660156,174.52744835364663,173.17503292818068,173.34926288666625,85308200
2015-06-17,174.72650146484375,175.3321915160813,173.70597411773852,174.72650146484375,126708600
2015-06-18,176.5436248779297,177.00825500991627,174.75977433686225,175.3239644513541,165867900
2015-06-19,175.75982666015625,176.37679567828798,175.38464812718053,176.30176251605235,130478700
2015-06-22,176.66033935546875,177.24395207329624,176.4519053332587,176.67701763935042,70696000
2015-06-23,176.785400390625,177.11890247001577,176.39355612027157,176.86877909092357,68476800
2015-06-24,175.50144958496094,176.89378734958865,175.47643851962894,176.51860864780568,92307300
2015-06-25,174.96786499023438,176.12675770364896,174.89283179166455,176.00170237269924,97107400
2015-06-26,174.93443298339844,175.568067543893,174.38416436092308,175.3262770635035,104174800
2015-06-29,171.26605224609375,174.9428311592116,171.19101905728778,173.45878205663925,202621300
2015-06-30,171.62457275390625,172.85016577780942,171.1493370940324,172.8001309279785,182925100
2015-07-01,173.00022888183594,173.44210796677788,172.21651496611176,173.19198460957617,135979900
2015-07-02,172.841796875,173.6421889804988,172.4249289021321,173.4754443357118,104373700
2015-07-06,172.34986877441406,173.12523697625988,171.35772111861647,171.5578222941568,117975400
2015-07-07,173.43377685546875,173.55883217437201,170.17386584349634,172.55001867707884,173820200
2015-07-08,170.5240478515625,172.38327583973646,170.29060275537043,172.09980861176086,164020100
2015-07-09,170.8324432373047,172.87510592034906,170.7240662449723,172.61663716190128,144113100
2015-07-10,172.9835662841797,173.40043434338125,170.87421492236402,172.82515438619453,129456900
2015-07-13,174.89279174804688,175.0011687694546,174.20078939102447,174.24247873239707,106069400
2015-07-14,175.6515350341797,175.96002607641583,174.79278777313695,174.85115541311302,81709600
2015-07-15,175.59312438964844,176.1517259350618,175.11788880399487,175.69316863008046,97914100
2015-07-16,177.00216674804688,177.00216674804688,176.40187577162789,176.6436536296121,106683300
2015-07-17,177.15223693847656,177.21060456995625,176.58530251623148,176.99382504937782,89030000
2015-07-20,177.2439422607422,177.73584347269255,176.92713121534828,177.37734308080402,70446800
2015-07-21,176.54364013671875,177.36904355357132,176.24349459620916,177.11057464556754,77965000
2015-07-22,176.22674560546875,176.56024758434305,175.82655595261932,175.85989978960689,88667900
2015-07-23,175.23463439941406,176.4602273932913,174.87613400945932,176.36018313968574,90509100
2015-07-24,173.41709899902344,175.39304937337204,173.08360966659248,175.33469446500777,117755000
2015-07-27,172.408203125,173.0418504111506,171.96632421323574,172.5332711154864,132361100
2015-07-28,174.5260009765625,174.6677346045176,172.41664939979887,173.24204009917298,123544800
2015-07-29,175.72653198242188,175.95163153209302,174.50927188232112,174.65100546901073,105791300
2015-07-30,175.7682342529297,175.9349789129583,174.6009961891253,175.21796542521344,91304400
2015-07-31,175.50144958496094,176.29349633801456,175.21798236332967,176.2684852726826,103266900
2015-08-03,174.9094696044922,175.52643882350162,173.9590110746571,175.4680839189179,113965700
2015-08-04,174.56761169433594,175.29295779354038,174.08404338759993,174.83440054389425,81820800
2015-08-05,175.14291381835938,176.1767382349005,174.85943393213935,175.4597248225571,85786800
2015-08-06,173.70889282226562,175.43471964877418,173.12526747125386,175.32632990270608,116030800
2015-08-07,173.3753662109375,173.70052268121708,172.47492997282495,173.55045633576466,117858000
2015-08-10,175.55978393554688,175.64314989691428,174.4842574429596,174.4842574429596,80270700
2015-08-11,173.9756622314453,174.64265347090495,173.2169595375375,174.22578553646764,126081400
2015-08-12,174.18411254882812,174.36753547494192,171.2160146125157,172.67505252000194,172123700
2015-08-13,173.9673309326172,174.7093553533563,173.42539498015836,174.025685828599,89383300
2015-08-14,174.6009979248047,174.67603111429312,173.63386107650172,173.7755946750251,72786500
2015-08-17,175.5764617919922,175.5764617919922,173.55048941147336,174.00904675741438,79072600
2015-08-18,175.06784057617188,175.65145309465998,174.83439556877664,175.30128558356714,71692700
2015-08-19,173.68386840820312,175.09287138975742,172.87514356925766,174.32583589007928,172946000
2015-08-20,170.05712890625,173.65886172552786,169.99876128116887,172.1748126984539,194327900
2015-08-21,164.9379425048828,170.03206837076434,164.67948646170058,168.18950679297836,346588500
2015-08-24,157.99301147460938,164.6462228548121,152.07347930689147,156.31720627575748,507244300
2015-08-25,156.13375854492188,162.95371354145988,155.8419458295441,162.9370352578318,369833100
2015-08-26,162.12828063964844,162.40340227776665,157.05081959287378,160.14398522546526,339257000
2015-08-27,166.1385955810547,166.26365090686062,162.75362906333933,164.26268936314614,274143900
2015-08-28,166.1468963623047,166.61378645112822,165.01301498010434,165.49658334975751,160414400
2015-08-31,164.8045196533203,166.02177926478575,164.2542510869676,165.1713653642221,163298800
2015-09-01,159.8855743408203,162.38678262332616,159.01848167867516,161.01111043486603,256000400
2015-09-02,162.9203338623047,162.96202320130396,160.42745896303018,162.26167538279665,160269300
2015-09-03,163.03707885742188,165.12141887676555,162.54517766608922,163.62902429870644,152087800
2015-09-04,160.56919860839844,161.62804679436817,159.75214096468508,160.78597809066974,207081000
2015-09-08,164.60452270507812,164.75460182807,162.72028357771953,163.36226397812123,116025700
2015-09-09,162.40338134765625,166.30527127786237,162.03654830350857,166.18021600392544,149347700
2015-09-10,163.2871856689453,164.42939981290357,161.9532031029294,162.21165920366735,158611100
2015-09-11,164.02926635742188,164.09596678076616,162.18670373772525,162.89538460417893,119691200
2015-09-14,163.42056274414062,164.25429861131062,162.93699441456607,164.20427649476838,79452000
2015-09-15,165.4632568359375,165.90513591068714,163.3789167770044,163.92084010360617,113806200
2015-09-16,166.89730834960938,167.08907683753802,165.42160441815471,165.76343931736147,99581600
2015-09-17,166.5220947265625,169.1567036506817,166.14691605513212,166.7638853009481,276046600
2015-09-18,163.80084228515625,166.50780585133356,163.39019601063427,164.0187487536993,223657500
2015-09-21,164.6472930908203,165.66972706910326,163.59970523919577,164.6305281045718,105726200
2015-09-22,162.5102081298828,162.97114933314833,161.3788081571345,162.48506704497171,153890900
2015-09-23,162.25048828125,163.14721725645575,161.6722174676966,162.67789972312073,92790600
2015-09-24,161.66383361816406,162.12477506275826,159.70275124073865,161.03528059042944,159378800
2015-09-25,161.62184143066406,163.42368722592929,160.75024127088147,163.12198144568706,155054800
2015-09-28,157.56561279296875,160.83409505669493,157.25553083417196,160.72514181152218,178515900
2015-09-29,157.6578369140625,159.0155199795745,156.66053085567307,157.78355517661606,159045600
2015-09-30,160.59947204589844,160.7670836071366,158.7640953986758,159.54349491300738,163452000
2015-10-01,161.01846313476562,161.32016897733686,159.082522639908,160.97655705897594,131079000
2015-10-02,163.42373657226562,163.44887766254922,158.495878269638,159.04063173097632,211003300
2015-10-05,166.3318328857422,166.55811547378664,164.5383627458455,164.64731598970752,126320800
2015-10-06,165.761962890625,166.75926885770076,165.09989280505525,166.19776314261216,110274500
2015-10-07,167.11968994140625,167.47167811893536,165.50220675758175,166.69226567816438,124307300
2015-10-08,168.62814331054688,168.91308416476795,166.4323902644095,166.73409610650796,153055200
2015-10-09,168.7286376953125,169.2063309542526,168.1000851839105,168.77054375365935,107069200
2015-10-12,168.887939453125,169.0890681515825,168.37671603131454,168.80412730347533,56395600
2015-10-13,167.82357788085938,169.4242952258818,167.65596637814147,168.15880088629515,88038700
2015-10-14,167.01905822753906,168.34321110380344,166.72574123600018,167.76494043382095,99106200
2015-10-15,169.58355712890625,169.59193322957273,167.3123806301731,167.68113366653773,134142200
2015-10-16,170.3546142578125,170.37136646247572,169.2232138338629,169.98586114814174,114580100
2015-10-19,170.43832397460938,170.43832397460938,169.3991251627592,169.70920702914214,76523900
2015-10-20,170.22052001953125,170.83230797669893,169.7512025297619,170.0026262672648,78448500
2015-10-21,169.16452026367188,170.79036614497844,168.9968959484565,170.6395196068124,102038000
2015-10-22,172.02227783203125,172.2317953737292,169.16446828210243,170.11147887478077,174911700
2015-10-23,173.90805053710938,174.27680370005163,172.89399212696244,173.69015675352728,144442300
2015-10-26,173.4805908203125,173.79067280838166,173.1118377599379,173.73201452401705,69033000
2015-10-27,173.14535522460938,173.48057828002285,172.46650743729634,172.81011938125604,77905800
2015-10-28,175.11476135253906,175.13990243487535,172.81845724625225,173.4805270610009,135906700
2015-10-29,175.01426696777344,175.38302003999266,174.49466734125065,174.61199670168938,90525500
2015-10-30,174.25997924804688,175.5254737879926,174.10075660741566,175.20700293085025,131076900
2015-11-02,176.32164001464844,176.51439263594077,174.46112260790636,174.5868408471371,86270800
2015-11-03,176.8328399658203,177.38596945377594,175.74334597716359,175.96962854731606,95246100
2015-11-04,176.29649353027344,177.25189329467037,175.76012897461092,177.12618784722594,96224500
2015-11-05,176.1205596923828,176.8161599363831,175.2322067601241,176.3552184749438,78408700
2015-11-06,176.02830505371094,176.26297653576705,174.7041650460284,175.7768941585432,110471500
2015-11-09,174.3856964111328,175.56737878519792,173.43867273416632,175.4165194582403,131008700
2015-11-10,174.7880096435547,174.82153963021315,173.63985696539157,173.9080329189441,75874600
2015-11-11,174.1007537841797,175.10643573134107,174.03370661597697,175.05615355217398,67846000
2015-11-12,171.6703643798828,173.53088198042622,171.65361217659247,173.06156452946777,121315200
2015-11-13,169.7427520751953,171.5278458972901,169.6589527183827,171.25967005237672,153577100
2015-11-16,172.32403564453125,172.38270671213425,169.44107135405784,169.55841348926387,117645200
2015-11-17,172.1983184814453,173.51408230141928,171.70386003645876,172.63411865075938,121123700
2015-11-18,174.930419921875,175.07289034629054,172.6341153557277,172.67600864272038,121342500
2015-11-19,174.7795867919922,175.19862199754098,174.48625703293217,174.81310398174264,88220500
2015-11-20,175.41651916503906,176.09535416536397,175.03939003018522,175.53384851339226,94011500
2015-11-23,175.2154541015625,175.9780887489496,174.75451264131016,175.47525398244713,64931200
2015-11-24,175.4500732421875,175.85234352208911,173.82421434316055,174.20971963158328,98874400
2015-11-25,175.4248809814453,175.77686897218496,175.1650684470999,175.57572749693176,51980100
2015-11-27,175.62599182128906,175.82713327610182,175.03934522967256,175.51703860144005,37317800
2015-11-30,174.8969268798828,175.90260887737918,174.78797362760773,175.78527952413694,112822700
2015-12-01,176.56468200683594,176.68202415007264,175.24891800729733,175.5254827993396,97858400
2015-12-02,174.76284790039062,176.83288314795413,174.51142418192845,176.51441225203928,108441300
2015-12-03,172.315673828125,175.28243773375337,171.59493269576072,175.0142618268885,166224200
2015-12-04,175.67636108398438,175.96969091918655,172.31570246678578,172.31570246678578,192913900
2015-12-07,174.61196899414062,175.7684974241062,173.6481803832403,175.34946223361192,102027100
2015-12-08,173.43870544433594,174.561716961954,172.4581643919731,173.05320013551412,103372400
2015-12-09,172.0894317626953,174.88858478757058,171.11726669687656,172.8017969616706,162401500
2015-12-10,172.5335235595703,173.84091114354192,171.9217358389554,172.15639449310737,116128900
2015-12-11,169.18966674804688,171.08370136373824,168.87957198536282,170.42163133411054,211173300
2015-12-14,170.0444793701172,170.17019760312135,167.5721742429756,169.34889219017325,182385200
2015-12-15,171.8295440673828,172.73466148106345,170.0193092400215,171.55297934754117,154069600
2015-12-16,174.3437957763672,174.645501651764,171.6368317866301,172.95259575159645,197017000
2015-12-17,171.6870880126953,174.7208985098075,171.6703230255021,174.6538513489731,173092500
2015-12-18,168.6284942626953,171.08178369521318,168.46831115642496,170.94690416829022,251393500
2015-12-21,170.01950073242188,170.19654856782793,168.68746758464948,169.80031028938737,99094300
2015-12-22,171.56231689453125,171.85739236404658,169.9183562341986,170.9047326303982,111026200
2015-12-23,173.6868438720703,173.7289993524299,172.47283807637507,172.56557498754754,110987200
2015-12-24,173.4001922607422,173.94818777080295,173.1810017751457,173.4339217902471,48539600
2015-12-28,173.00393676757812,173.04607937608148,171.93324951228385,172.70886132378988,65899900
2015-12-29,174.85023498535156,175.17902711134462,174.06619717107773,174.09991383300613,92640700
2015-12-30,173.61093139648438,174.6900574939759,173.46761307717205,174.6057465465948,63317700
2015-12-31,171.87420654296875,173.57718706907835,171.87420654296875,172.93646770885883,114877900
2016-01-04,169.47157287597656,169.4799988274123,167.42293464087555,169.02475303297206,222353500
2016-01-05,169.75820922851562,170.2134550219774,168.6538049825555,169.79192589823398,110845800
2016-01-06,167.6168670654297,168.66225118483942,166.58833485087854,167.21218979593286,152112600
2016-01-07,163.595458984375,166.45342598970592,163.20764652208442,164.6745725350337,213436100
2016-01-08,161.7997589111328,165.11298495531275,161.51312215609832,164.55656335032836,209817200
2016-01-11,161.9599151611328,163.05589341995838,160.02931749748547,162.7186624135249,187941300
2016-01-12,163.2666778564453,164.01699924906333,161.14216728137274,163.40157027544498,172330500
2016-01-13,159.1946563720703,164.27829548813105,158.8152828146417,163.93263859321036,221168900
2016-01-14,161.80810546875,162.9293740810844,158.20825729993481,159.80163630397985,240795600
2016-01-15,158.33477783203125,159.13568064709096,156.4041799782958,157.45800285707142,324846400
2016-01-19,158.54551696777344,160.27378878445893,156.9774282612069,160.14733520491595,195244400
2016-01-20,156.5137481689453,158.07341096946286,152.61039748829143,155.99105620650136,286547800
2016-01-21,157.39053344726562,159.22839410217688,155.66226160803873,156.98586912340346,195772900
2016-01-22,160.61941528320312,160.82174097213112,159.23680066466977,159.99554772623839,168319600
2016-01-25,158.19143676757812,160.3075081734972,157.997536987637,160.11360839355606,130371700
2016-01-26,160.34962463378906,160.6278353098517,158.5117644188856,158.84898246402852,141036800
2016-01-27,158.60452270507812,161.49620578116728,157.70244437337146,159.82695436366987,185681700
2016-01-28,159.43072509765625,160.3496553813156,157.78676430027338,160.14732966105083,143798800
2016-01-29,163.3172607421875,163.45215316238034,160.07991984185455,160.19794749351098,210529300
2016-02-01,163.25819396972656,164.04224468266708,161.7322608851968,162.31397302549723,136061600
2016-02-02,160.31593322753906,161.84186634784507,159.79322845197512,161.8334403978046,182564900
2016-02-03,161.27703857421875,161.6817029141604,157.7361966556225,161.369775492127,205054900
2016-02-04,161.52996826171875,162.4994801181011,160.14735322560009,160.77964692255767,139531800
2016-02-05,158.4527587890625,161.58893578129417,157.8204652481133,161.0156624789085,180788300
2016-02-08,156.31983947753906,156.90997760538158,154.11103125730858,156.61491497348354,191526700
2016-02-09,156.3282928466797,157.60131910006854,154.44827645822463,154.58316887226096,184513100
2016-02-10,156.1934051513672,158.781587282469,156.06693869578498,157.1544910391713,148214100
2016-02-11,154.16162109375,155.20701788010714,152.66940449594475,153.72322723314252,219058900
2016-02-12,157.33995056152344,157.3568024628288,155.08898678876355,155.9320449597169,127632400
2016-02-16,159.9955596923828,160.02085040539032,158.18298998527018,159.14407567169118,120250700
2016-02-17,162.60902404785156,162.97997160988223,161.03249690922124,161.15896332211912,136009500
2016-02-18,161.94305419921875,162.93786961150857,161.63112676698148,162.87884935997835,102343000
2016-02-19,161.86715698242188,162.01890126735088,160.56041434022336,161.1674172080311,114793000
2016-02-22,164.21083068847656,164.35414899997147,163.37619866548928,163.44364484690635,103640300
2016-02-23,162.13699340820312,163.82311016395872,162.01895288581227,163.55332530829386,111455300
2016-02-24,162.8788604736328,163.15707125544148,159.60780302749964,160.71220733876964,150812200
2016-02-25,164.85157775878906,164.86001657290862,162.5668974763839,163.3256446324791,110728300
2016-02-26,164.4722137451172,165.81267313539044,164.312030636082,165.71994908705076,129833700
2016-02-29,163.1823272705078,165.43329090200194,162.9884275052904,164.48906992628648,125918100
2016-03-01,167.01828002929688,167.10259100476583,163.93268356943548,164.4047941583446,141799700
2016-03-02,167.76856994628906,167.81915137646766,166.29321820053025,166.70632132039938,102415000
2016-03-03,168.42616271972656,168.44302748531464,167.0182570982276,167.59153048775184,95172200
2016-03-04,168.97413635253906,169.74976115952904,167.7938601054609,168.62005347841563,129293600
2016-03-07,169.10899353027344,169.51367061419285,167.97929894842989,168.05517107764842,100219000
2016-03-08,167.26272583007812,168.54417777416353,167.10255559310772,168.03835062068885,123974900
2016-03-09,168.0889434814453,168.43458755741102,167.2880279218925,168.0720787159687,94801200
2016-03-10,168.22381591796875,169.5137067095646,166.40282010875242,168.57791165780847,156838700
2016-03-11,170.9385223388672,170.98067783310412,168.20702126340356,169.67393469606344,137964500
2016-03-14,170.71925354003906,171.17449922263276,170.1038247711853,170.43261689307099,73612000
2016-03-15,170.44110107421875,170.74460258765515,169.4968798608829,169.75822588499912,93169100
2016-03-16,171.42745971679688,171.83213693477836,169.9183911248905,169.96054660976955,129303200
2016-03-17,172.51499938964844,173.02082657892635,170.94691066119776,171.34314903469127,134278500
2016-03-18,173.19293212890625,173.531889532325,172.70143484267174,173.01497108735393,138372400
2016-03-21,173.43865966796875,173.66746300768244,172.70142026604074,172.93022360575443,72926700
2016-03-22,173.34544372558594,173.91320443773537,172.5065197008016,172.66751604840624,97471900
2016-03-23,172.20144653320312,173.15053748796785,172.0319549223713,172.96410706036843,81052500
2016-03-24,172.1251220703125,172.1590255551691,170.9557104505763,171.1760313805809,84360900
2016-03-28,172.22683715820312,172.7522248535421,171.77771291598262,172.54037330795157,62408200
2016-03-29,173.81996154785156,173.93012849534293,171.51501557063168,171.82008233027528,92922900
2016-03-30,174.58262634277344,175.3029138438038,174.21823495839973,174.81989904080604,86365300
2016-03-31,174.15899658203125,174.91318788914268,173.9979872697719,174.48948461704867,94584100
2016-04-01,175.34535217285156,175.53178263807487,172.8539749834099,173.16752418241117,114423500
2016-04-04,174.7775421142578,175.4724214579797,174.47247534171535,175.26903929948693,63497000
2016-04-05,173.03192138671875,174.78604597682616,172.7776968710869,173.43867285349214,99662200
2016-04-06,174.92156982421875,174.98089445923551,172.8538968215459,173.03185779620497,91839800
2016-04-07,172.82850646972656,174.1928310839261,172.0997365590909,173.83692200157756,113859000
2016-04-08,173.2946014404297,174.4386052040037,172.7607312933758,174.00641968290486,95040600
2016-04-11,172.88783264160156,174.6250180994244,172.79461743370686,173.93013874413782,83757500
2016-04-12,174.49789428710938,174.77753990260072,172.6166513686354,173.05730624126357,115350600
2016-04-13,176.2605743408203,176.34532017372055,175.2775795729316,175.4131677334125,96336400
2016-04-14,176.2689666748047,176.76894618165218,175.9215399447898,176.31982191054655,65212900
2016-04-15,176.0740966796875,176.40458465081758,175.7520781174189,176.26899652666287,75761600
2016-04-18,177.31129455566406,177.34518511746666,175.41309983487633,176.07407569837335,82531000
2016-04-19,177.8706512451172,178.12487582702926,177.05714809947773,177.73507600777685,88316100
2016-04-20,178.0400848388672,178.73495134365143,177.4384206222998,177.91296612418077,81100300
2016-04-21,177.08250427246094,178.16718335548487,176.81132803650763,178.05701639332952,85695000
2016-04-22,177.08250427246094,177.3536675780196,176.18425561905624,176.7265951605682,99251700
2016-04-25,176.77748107910156,176.81985399272102,175.87074986315722,176.4808836141633,66166500
2016-04-26,177.04014587402344,177.5485948928953,176.56560035262072,177.14183050563952,75864200
2016-04-27,177.404541015625,177.79434073179453,176.3029100722661,176.6588192206628,77329400
2016-04-28,175.79446411132812,177.75197092687552,175.37924322948243,176.65035289468423,97216200
2016-04-29,174.8453826904297,175.5233104687304,173.74375166699065,175.1758707044217,142424100
2016-05-02,176.23509216308594,176.41304024801133,174.91314038206343,175.34531294727643,62188000
2016-05-03,174.70127868652344,175.24361817887922,173.95555703563667,175.00634545912317,106422100
2016-05-04,173.72677612304688,174.43860730448847,173.22680946555437,173.70983730544705,92243800
2016-05-05,173.69285583496094,174.54873147151844,173.2691527203575,174.1928224068987,67619200
2016-05-06,174.32847595214844,174.37084886559472,172.76925100834785,172.9217779802772,89315000
2016-05-09,174.4724884033203,174.90466097577874,174.0233640837867,174.20132510208984,74374900
2016-05-10,176.64181518554688,176.65876692961356,175.1080120725116,175.1758061183862,77472200
2016-05-11,174.98936462402344,176.71806742778932,174.98936462402344,176.18421036228042,81727000
2016-05-12,175.04025268554688,175.82834731079288,174.03183706537783,175.65885569735008,89586300
2016-05-13,173.51495361328125,175.29451246957413,173.1929479297748,174.74370340616778,96474600
2016-05-16,175.22666931152344,175.70121475883096,173.62507196166376,173.68439660777403,77486800
2016-05-17,173.5912322998047,175.2436724420577,173.06583146017744,174.95555732605408,114924900
2016-05-18,173.6420440673828,174.81993841591333,172.5573649376739,173.24376203518085,120062100
2016-05-19,173.04039001464844,173.32850509687862,171.8370744385142,172.92175363194215,115430500
2016-05-20,174.13352966308594,174.65044803642593,173.59965954280523,173.65050185323304,104990400
2016-05-23,173.89627075195312,174.4301279842803,173.70984031196735,174.1504823243016,58682600
2016-05-24,176.1503448486328,176.4638939748023,174.68433555844706,174.70975671321835,93537800
2016-05-25,177.34524536132812,177.76047923422786,176.1503989981988,176.82832683808482,76621400
2016-05-26,177.3960418701172,177.70959101169245,177.08250565893664,177.48078767711476,55280700
2016-05-27,178.15875244140625,178.1672218517118,177.50624579675315,177.55708811938115,64211200
2016-05-31,177.8197479248047,178.54004850476804,177.26045662250806,178.42988153996555,109879400
2016-06-01,178.18414306640625,178.36209116510832,177.0147181247832,177.20961797158864,69936200
2016-06-02,178.7264404296875,178.74337924339594,177.31127366150585,177.78581905318447,63044700
2016-06-03,178.19261169433594,178.54005141175855,176.98929619217486,178.1671905374899,101757100
2016-06-06,179.09934997558594,179.45525911623767,178.3875187638868,178.54852805069498,64887000
2016-06-07,179.37899780273438,179.93828918383645,179.22647084265023,179.25189200266425,60974800
2016-06-08,179.96372985839844,180.09084860264957,179.38749959506742,179.51460540892037,66170900
2016-06-09,179.7179718017578,179.83660819436378,178.9637805351063,179.23494389089262,73786900
2016-06-10,178.01466369628906,178.68410904426875,177.4723112022157,178.34515166586806,113829200
2016-06-13,176.64181518554688,178.2688334953607,176.55708232599773,177.4129579106792,117751200
2016-06-14,176.29441833496094,176.8876131477305,175.34532732316208,176.26052776899468,125059300
2016-06-15,176.04872131347656,177.4130464579594,175.86229082687157,176.29446353832938,109124500
2016-06-16,176.57403564453125,176.74352723833687,174.21824731103703,176.0486479088348,149533100
2016-06-17,175.9164581298828,176.49568484208004,175.2605583547816,176.4701314869912,117055700
2016-06-20,177.04940795898438,178.54859475858052,176.96422142590865,177.8756679387866,82789600
2016-06-21,177.55194091796875,177.96080760410712,176.98974110100497,177.4326875929435,72461700
2016-06-22,177.26234436035156,178.4548777236498,177.1175246684293,177.73083125459377,95560500
2016-06-23,179.57078552246094,179.6218922481897,178.25899857073762,178.71897209993787,102731400
2016-06-24,173.12249755859375,179.6047957109169,172.67955111125858,173.45470414468605,333444400
2016-06-27,170.02195739746094,171.72558417299607,169.21272428096913,171.71705772062828,230775800
2016-06-28,173.0884246826172,173.1139780365979,171.31665182001268,171.623305065418,159382400
2016-06-29,176.03575134277344,176.26573159068695,174.3832313518315,174.48544479534866,137328600
2016-06-30,178.4378204345703,178.4889271454984,175.9505275208487,176.504213883724,165021900
2016-07-01,178.81263732910156,179.29817712440217,178.27599081800903,178.43783741644256,106055300
2016-07-05,177.52633666992188,178.0970497759072,176.93007021573078,177.9863099352596,109803700
2016-07-06,178.59117126464844,178.7104246011787,176.376451588928,177.0323514386638,96021500
2016-07-07,178.4804229736328,179.43444962093204,177.71379627457281,178.77003634904318,85593800
2016-07-08,181.13803100585938,181.38506405692823,179.54514483967023,179.77513799123625,133971000
2016-07-11,181.7769317626953,182.34765804487338,181.3936184220505,181.59805826929212,73633900
2016-07-12,183.0972442626953,183.39538408097252,181.80248456273526,182.7394842793454,101275600
2016-07-13,183.07168579101562,183.52314573341144,182.58615904062134,183.5146322808212,87324100
2016-07-14,184.0938262939453,184.56232605592496,183.70199958220616,184.332332900474,91230900
2016-07-15,183.84686279296875,184.8519962300285,183.4039162455943,184.65608281389027,107155400
2016-07-18,184.3409423828125,184.50278900963733,183.7105957829792,183.96614240440573,58725900
2016-07-19,184.1534881591797,184.1875549664378,183.67647487174233,183.92349496786622,54345700
2016-07-20,184.92015075683594,185.15865744693104,184.15352396690736,184.15352396690736,58159500
2016-07-21,184.2216339111328,185.03085380551673,183.7786874330219,184.80938706527985,67777300
2016-07-22,185.0478973388672,185.0990040493372,184.07683084702495,184.34089084954488,62787500
2016-07-25,184.54530334472656,184.89454983597076,183.96607667424624,184.84344312947385,55873100
2016-07-26,184.63052368164062,184.9882836903036,183.78722387702433,184.44312372505922,70080500
2016-07-27,184.43460083007812,185.07346074090879,183.6679611384984,185.00531412403691,84083900
2016-07-28,184.64761352539062,184.9372269920212,183.7787601278565,184.23873369264376,65035700
2016-07-29,184.9456329345703,185.30339283201792,184.10234638974194,184.38344623722966,79519400
2016-08-01,184.79232788085938,185.39710787663188,184.3408679974903,185.00528114651027,73311400
2016-08-02,183.60833740234375,184.69865725581784,182.77356410776096,184.5453241214279,92295500
2016-08-03,184.1449737548828,184.204606918532,183.25058028125014,183.54870710658165,53993600
2016-08-04,184.3409423828125,184.6561091839086,182.5010223057108,184.2557558431233,46585500
2016-08-05,185.84861755371094,185.89121081778012,184.3409173872479,184.3409173872479,71892200
2016-08-08,185.73785400390625,186.1382072113854,185.47379401549162,186.0359807982686,39906500
2016-08-09,185.84861755371094,186.34267082210715,185.5249373415915,185.80603728728104,51251700
2016-08-10,185.3886260986328,186.03599945766584,185.03937956386426,185.9593393883668,57941100
2016-08-11,186.2489776611328,186.49601080319758,185.65271093524512,185.9167709854497,72504300
2016-08-12,186.0871124267578,186.3000657210769,185.6867591936269,185.94229274869974,61313500
2016-08-15,186.62374877929688,186.97299530682014,186.44487528797663,186.45338874073167,49813500
2016-08-16,185.66128540039062,186.2745791930206,185.66128540039062,186.20644554756194,53213600
2016-08-17,186.01043701171875,186.14673023779346,184.86049703551163,185.69527029935375,75134300
2016-08-18,186.42782592773438,186.46189273466416,185.87415258107467,185.98487945182433,52989300
2016-08-19,186.15528869628906,186.33417522346545,185.47384839644144,185.9593752599649,75443000
2016-08-22,186.14671325683594,186.37670643015156,185.5504466941994,185.91672008352035,61368800
2016-08-23,186.5215606689453,187.05820721101114,186.46192749865375,186.76006735483244,53399200
2016-08-24,185.56753540039062,186.47045543237448,185.15014219795066,186.37675544805694,71728900
2016-08-25,185.439697265625,185.85709033675323,185.03083064343207,185.18415075264107,69224800
2016-08-26,185.09043884277344,186.64925817389175,184.204559052302,185.627085185614,122506300
2016-08-29,186.00193786621094,186.26599788851843,185.18419144450021,185.21827125245898,70502200
2016-08-30,185.6953125,186.19787926302044,185.1416390149965,185.91677929447332,58114500
2016-08-31,185.1671142578125,185.48228090883924,184.39196130771631,185.3630276086425,85269500
2016-09-01,185.1756591796875,185.46527252972356,184.0171927819061,185.15861927743916,97844200
2016-09-02,186.01043701171875,186.43634359497415,185.43972374987302,186.02747691438745,79293900
2016-09-06,186.57264709472656,186.64930716450087,185.57602719474625,186.29154717458266,56702100
2016-09-07,186.55560302734375,186.73448951712933,185.95082293799388,186.41079634401157,76554900
2016-09-08,186.1297149658203,186.4960014346624,185.82306166539124,186.22341494644138,74102900
2016-09-09,181.6747283935547,184.86902807179513,181.64917503593986,184.81792135656548,221589100
2016-09-12,184.2812957763672,184.68164908797755,180.84848903883682,180.9166356660939,168110900
2016-09-13,181.6321258544922,183.26760564649985,181.010305854894,183.0035456328748,182828800
2016-09-14,181.56398010253906,182.88429317458588,181.01030671634427,181.6832334317643,134185500
2016-09-15,183.37835693359375,183.76167029972945,181.2232704331191,181.40215693605646,134427900
2016-09-16,182.66946411132812,182.94342749776695,181.9845817718176,182.76363739250482,155236400
2016-09-19,182.70372009277344,183.9622116674637,182.37839183003095,183.32012466255208,80250500
2016-09-20,182.71231079101562,183.71396513879625,182.67807189218635,183.55987049912048,69665300
2016-09-21,184.7669677734375,184.94674482420382,182.72940744279296,183.4143028791124,110284400
2016-09-22,185.9312744140625,186.23092025195749,185.52891189540338,185.77717979797526,76678700
2016-09-23,184.91250610351562,185.67444884801776,184.81833281764258,185.5374671479672,73630900
2016-09-26,183.41427612304688,184.26182250818067,183.2173600593985,184.0820454836398,89827300
2016-09-27,184.5529327392578,184.6470929586741,182.88349608546716,183.25163275907568,78494800
2016-09-28,185.468994140625,185.623101833831,183.81669631342595,184.77554217943597,87411000
2016-09-29,183.7909698486328,185.66586590978932,183.24305615132027,185.26349035952774,128070600
2016-09-30,185.1779022216797,185.87991058216204,184.37315105327025,184.62141895723138,117202900
2016-10-03,184.73275756835938,184.95534308356997,184.09922686050285,184.7670095327283,83512100
2016-10-04,183.7909698486328,185.06658734449323,183.20026080352932,184.844001895467,119948100
2016-10-05,184.60430908203125,185.0323671094434,184.34747165292507,184.41596250490633,72816000
2016-10-06,184.73275756835938,184.95534308356997,183.8424024442202,184.3817467817106,62927400
2016-10-07,184.0991668701172,185.17788132018285,183.3714761556129,185.00666074402258,89788300
2016-10-10,185.0580596923828,185.52035663948527,184.91252152267842,185.0580596923828,51855000
2016-10-11,182.72084045410156,184.6984794829944,181.99314965685426,184.62998863208392,130367400
2016-10-12,182.96058654785156,183.48281791726936,182.36129479750986,182.85784372771823,73866100
2016-10-13,182.36126708984375,182.8578159446073,180.82026871823211,181.63357631731463,101357000
2016-10-14,182.4553985595703,183.79950666131958,182.37835127130577,183.3371968051509,93346200
2016-10-17,181.82196044921875,182.68663309755578,181.64217030162976,182.4297956281271,58275700
2016-10-18,182.96058654785156,183.4742483953358,182.58389335505242,183.414327058279,76869700
2016-10-19,183.44857788085938,183.7567802347023,182.86642513654303,183.22599237214368,66519200
2016-10-20,183.10609436035156,183.6625645353384,182.44688138226903,183.09752483983908,73639800
2016-10-21,183.1916961669922,183.2773129914425,182.14723361250657,183.10609240583523,89089100
2016-10-24,183.9708251953125,184.3389619852428,183.6198143885481,184.0649985077786,60146600
2016-10-25,183.35435485839844,184.04780670068533,183.19169073474242,183.79096929824388,66542300
2016-10-26,182.98626708984375,183.56841979028252,182.29280204849215,182.53252658412072,75705500
2016-10-27,182.49832153320312,183.7396876332898,182.42127419656921,183.70544872699656,77220200
2016-10-28,181.95887756347656,183.14887820685595,181.24831282341424,182.4725523568128,140623200
2016-10-31,181.9674835205078,182.51539731357715,181.8048193679365,182.29279876235523,61272500
2016-11-01,180.64903259277344,182.34415167961674,179.44191895997065,182.29277374641168,122781800
2016-11-02,179.56179809570312,180.7261165309572,179.12517051792338,180.34085382978796,103330800
2016-11-03,178.73992919921875,179.98986452919675,178.465978823447,179.77583549116116,88939300
2016-11-04,178.54302978515625,179.69022231724475,178.3974916039178,178.85123212874828,109122100
2016-11-07,182.4811248779297,182.51537683425684,178.54299901440498,178.54299901440498,109794900
2016-11-08,183.3030242919922,183.8680640704405,181.82194705147958,182.08734096045808,106772100
2016-11-09,185.24639892578125,185.86280353964403,181.78768269651837,181.81336513348813,258429000
2016-11-10,185.70867919921875,186.89867990417122,184.2532846271845,186.03400745605103,172113300
2016-11-11,185.28062438964844,185.52033582618566,184.338904621336,184.98954808289514,100552700
2016-11-14,185.4261932373047,186.00835901047284,184.68137636929268,185.80288643230247,94580000
2016-11-15,186.8730010986328,186.8730010986328,185.6059530650747,185.81141254639604,91652600
2016-11-16,186.5220184326172,186.75317344713747,186.1367687839471,186.25662452049548,65617700
2016-11-17,187.48081970214844,187.54074102033763,186.56476944779976,186.6760686915259,69797200
2016-11-18,187.0613555908203,187.720568602341,186.88156547375317,187.54934800622104,86265800
2016-11-21,188.4739532470703,188.49963568487826,187.4894249623122,187.63496313098892,72402600
2016-11-22,188.84207153320312,189.02184858031546,188.11436769753672,188.7821371419699,67429000
2016-11-23,188.94483947753906,188.99620435852816,188.13153171418705,188.32843477907736,56620200
2016-11-25,189.64683532714844,189.6810742220705,189.21020777130136,189.2872681456414,37872300
2016-11-28,188.75648498535156,189.61260113485753,188.65375522766547,189.3386507599294,76572500
2016-11-29,189.12461853027344,189.57835903678915,188.4910878875461,188.79073376013366,69886700
2016-11-30,188.6708526611328,189.9036618200159,188.61091826935393,189.7409976860947,113291800
2016-12-01,187.9774627685547,188.97054775112758,187.61788242588227,188.97054775112758,79040500
2016-12-02,188.07154846191406,188.55954083115392,187.71198132508658,188.06299200507038,74840300
2016-12-05,189.20166015625,189.54410137465365,188.70511124525808,188.90201429267543,67837800
2016-12-06,189.8009033203125,189.83515527372356,188.91054848101518,189.38997132242855,59877400
2016-12-07,192.2836151123047,192.3435364257698,189.52692117393732,189.64677686415806,110738100
2016-12-08,192.75454711914062,193.22541361716267,191.9926042635398,192.25801124482192,99714400
2016-12-09,193.91883850097656,193.93596447940914,192.94286674302495,192.97711869989007,88005800
2016-12-12,193.6962432861328,194.30409138860358,193.27674174705902,193.8246554596792,102016100
2016-12-13,194.98902893066406,195.485577914432,194.33838529501833,194.3555112774371,110477500
2016-12-14,193.37948608398438,195.39135084417444,192.94285856387455,194.68934251772694,142501800
2016-12-15,194.17567443847656,195.0317904674374,193.3880492594279,193.6192042449696,124972600
2016-12-16,193.79586791992188,194.69148365321513,193.47724222226503,194.63119601296233,156420200
2016-12-19,194.21788024902344,194.63985439307436,193.83035994627357,193.97675592107728,90341100
2016-12-20,194.96707153320312,195.11348063664968,194.51927675423596,194.7517810332149,89838800
2016-12-21,194.4245147705078,195.01009852182278,194.4245147705078,194.83786877968822,67909000
2016-12-22,194.08865356445312,194.3986723426577,193.69251334885806,194.27811021448295,56219100
2016-12-23,194.3728790283203,194.38148591773765,193.94229803224883,194.13174158145424,36697800
2016-12-27,194.85513305664062,195.25126022547312,194.62261563301922,194.63984255262181,42672500
2016-12-28,193.24478149414062,195.13072870792,193.13283934987078,195.1135149259041,64095000
2016-12-29,193.20166015625,193.66668175872746,192.76245921694098,193.313602257793,48696100
2016-12-30,192.49560546875,193.61511907285654,191.8066730092772,193.5289975878123,108998300
2017-01-03,193.9681396484375,194.4762220905839,192.79695876636885,193.7958967308444,91366500
2017-01-04,195.12208557128906,195.26848153297962,194.2867573884805,194.29536427788966,78744400
2017-01-05,194.96707153320312,195.12208752614507,194.17480407008122,194.855129408606,78379000
2017-01-06,195.6646270751953,196.12964878124782,194.53649379847863,195.07903007244784,71559900
2017-01-09,195.01876831054688,195.54407769928036,194.9843144691566,195.40628861430002,46939700
2017-01-10,195.01876831054688,195.87131035074572,194.63123486650335,195.03598209095162,63771900
2017-01-11,195.56997680664062,195.56997680664062,194.26961323594801,194.93271193105574,74650000
2017-01-12,195.0790252685547,195.268481958282,193.7270077721798,195.0531914599818,72113200
2017-01-13,195.52684020996094,195.82823903423753,195.2168213556575,195.2512620548958,62717900
2017-01-17,194.83792114257812,195.2943359950259,194.4504008335571,194.88958876507553,61240800
2017-01-18,195.26853942871094,195.31160016910223,194.53654626293812,195.08768957518473,54793300
2017-01-19,194.5451202392578,195.483783712224,194.11453921786523,195.34599463170878,66608800
2017-01-20,195.25987243652344,195.7507279330802,194.59677403141717,195.22541859869793,129168600
2017-01-23,194.75181579589844,195.32018597098931,193.99400203606893,195.2599114531842,75061600
2017-01-24,196.00048828125,196.41384238690753,194.855141175314,194.967083306671,95555300
2017-01-25,197.69696044921875,197.69696044921875,196.78411771999484,196.94774059731128,84437700
2017-01-26,197.4903106689453,197.8175564796249,197.21473248304858,197.55058518442826,59970700
2017-01-27,197.1802978515625,197.71421417781394,196.99944801896262,197.56781818965763,59711100
2017-01-30,195.95742797851562,196.5171780573932,194.97570376275382,196.4913442470013,79737300
2017-01-31,195.94021606445312,196.00050372017813,194.898217258071,195.46657427051073,75880800
2017-02-01,196.0177001953125,196.853028428981,195.4321163128962,195.94019876504385,79117700
2017-02-02,196.1468963623047,196.43108143382898,195.32879499049955,196.01771416236227,69657600
2017-02-03,197.49888610839844,197.67973590662965,196.74107249844477,197.05109133806323,80563200
2017-02-06,197.14581298828125,197.49028567706006,196.80996032940286,197.0941453700368,57790100
2017-02-07,197.15443420410156,197.77447190734355,196.96497750920597,197.53334759389273,57931200
2017-02-08,197.41282653808594,197.54199561136676,196.61193886286796,197.15447525123201,51566200
2017-02-09,198.583984375,198.8853832240936,197.4128034001183,197.4128034001183,65955200
2017-02-10,199.3675994873047,199.5915100054071,198.60116587290565,198.92841162072386,66015900
2017-02-13,200.45266723632812,200.7110184448176,199.83262959206868,199.8584633988888,55182100
2017-02-14,201.25357055664062,201.26219058701622,199.92738676753206,200.2718463350098,71109000
2017-02-15,202.30422973632812,202.49368647837778,200.98665257407828,201.03832020549314,86785800
2017-02-16,202.13198852539062,202.51090198813316,201.38278163151736,202.33005214808165,84722400
2017-02-17,202.45059204101562,202.45059204101562,201.4516408656272,201.46886778666237,77204100
2017-02-21,203.65621948242188,203.8284492656725,202.81227120600053,202.82089123635168,88946100
2017-02-22,203.4753875732422,203.6992849971404,203.08786724175664,203.251490149344,62115200
2017-02-23,203.61314392089844,204.00927107949298,202.85531716144558,203.99205730062485,74615900
2017-02-24,203.8715057373047,203.91455332700036,202.72615864919575,202.76921937918132,82381600
2017-02-27,204.19012451171875,204.36235428548795,203.53564611528,203.78537731620193,56515400
2017-02-28,203.6389923095703,204.05234641691743,203.25147201266427,203.81122209260744,96961900
2017-03-01,206.48948669433594,206.95452167564858,205.2752447479337,205.2924716725028,149158200
2017-03-02,205.18911743164062,206.3086308998303,205.1374498030044,206.30001086819615,70246000
2017-03-03,205.3182830810547,205.4819059958703,204.72407908105768,205.102992538464,81974300
2017-03-06,204.70681762695312,205.05988404795863,204.10399373585008,204.52596783156446,55391500
2017-03-07,204.0954132080078,204.75851168969493,203.88872957805205,204.40543208279615,65103700
2017-03-08,203.71653747558594,204.64659427200291,203.57874836345906,204.38824297183825,78168800
2017-03-09,203.97486877441406,204.30211459855315,203.01037136468838,203.8370796757985,90683900
2017-03-10,204.68959045410156,204.97377548062298,203.7423070323635,204.93071475412785,81991700
2017-03-13,204.79286193847656,204.83592265156796,204.30200660203172,204.62923911290002,57256800
2017-03-14,204.00933837890625,204.30214354001606,203.39792052016008,204.25046276549537,59880800
2017-03-15,205.7747039794922,206.1966781857777,204.34517158134187,204.57768905340063,96081800
2017-03-16,205.369873046875,205.9899106262883,205.04264048128076,205.91240921393336,78344000
2017-03-17,205.00924682617188,205.82226287274787,205.00924682617188,205.63198195982773,89002100
2017-03-20,204.78439331054688,205.29468616829985,204.39518711730236,205.0092647739321,52537000
2017-03-21,202.15504455566406,205.51089350230714,202.0253135695641,205.38980684946205,131809300
2017-03-22,202.6307373046875,202.91615865814032,201.5669036763305,202.18963877523575,97569200
2017-03-23,202.41455078125,203.54757889187846,202.04264643239952,202.63077792289533,100410300
2017-03-24,202.2675323486328,203.2881181952796,201.48911986212113,202.7172885306516,112504900
2017-03-27,202.05992126464844,202.31939645634566,200.321459915953,200.59822377562864,87454500
2017-03-28,203.53028869628906,203.95408544436285,201.6447811726046,201.75722350860326,93483900
2017-03-29,203.72055053710938,203.95407953685887,203.01997673531778,203.24486140080134,61950400
2017-03-30,204.3692626953125,204.56820119048092,203.4870653589699,203.66004445251986,56737900
2017-03-31,203.8935089111328,204.55947887025005,203.84160332179414,204.03188422367182,73733100
2017-04-03,203.53890991210938,204.14434319591695,202.3107414799695,203.94541794497783,85546500
2017-04-04,203.66868591308594,203.75518205736938,202.87297153602123,203.2535334549345,56466200
2017-04-05,203.06320190429688,205.32061345411282,202.85561912820899,204.34326269653357,108800600
2017-04-06,203.634033203125,204.15297031801492,202.76046728392677,203.20157900865607,69135800
2017-04-07,203.42648315429688,204.11841261621606,202.94213649019045,203.38323508840378,74412300
2017-04-10,203.5475616455078,204.3432758756478,203.01996693669741,203.56486351066155,67615300
2017-04-11,203.30538940429688,203.4091742008586,201.8177457321159,203.16700087724368,88045300
2017-04-12,202.41455078125,203.21892261084852,202.18967930502347,203.02864167040403,81864400
2017-04-13,201.09988403320312,202.8124124799033,201.09988403320312,202.07723492675308,92880400
2017-04-17,202.88153076171875,202.88153076171875,201.41983373482805,201.6187589333394,68405400
2017-04-18,202.27615356445312,202.81240582699647,201.59288163305118,202.14642256401504,83225800
2017-04-19,201.90423583984375,203.21024288163855,201.6793511907246,202.83833857341216,68699900
2017-04-20,203.5475616455078,203.98867342346213,202.19830650755497,202.51831842688946,92572200
2017-04-21,202.89892578125,203.52166109188718,202.5010751756791,203.46976868224397,110389800
2017-04-24,205.13038635253906,205.33796918308076,202.87297421055138,205.1390306880979,119209900
2017-04-25,206.32394409179688,206.66990224429958,205.68390699246353,205.770403129318,76698300
2017-04-26,206.19418334960938,207.17153418835883,206.15094848210717,206.28932381353593,84702500
2017-04-27,206.3671417236328,206.6698517337253,205.83088956162,206.5141745623842,57410300
2017-04-28,205.91737365722656,206.65253780806938,205.78762949122824,206.62659161436042,63532800
2017-05-01,206.43634033203125,206.86015021914145,206.02118797570128,206.43634033203125,66882500
2017-05-02,206.51422119140625,206.69584459897976,206.10771311117955,206.57475792811164,57375700
2017-05-03,206.2633514404297,206.60932271874108,205.588723944541,206.5141822668873,73137700
2017-05-04,206.5055694580078,206.64395799930222,205.6579627381305,206.56611939387074,61462700
2017-05-05,207.31854248046875,207.33584434389297,206.43633221020283,206.87744394406326,62001300
2017-05-08,207.28395080566406,207.50882223911654,206.86014093756975,207.36178939446052,48385700
2017-05-09,207.0936737060547,207.74235501951878,206.74770242040077,207.54342977867722,51363200
2017-05-10,207.46559143066406,207.46559143066406,206.8428562736012,207.05043905844082,54293800
2017-05-11,207.04183959960938,207.2061743568771,205.9607037728046,207.01589339556276,62358300
2017-05-12,206.69580078125,207.08500691242796,206.42768129527087,206.79094123086725,53912700
2017-05-15,207.83746337890625,207.95855001082302,207.10228605819174,207.11958791916643,61918900
2017-05-16,207.64724731445312,208.15754019413583,207.25804110448254,208.1315939933016,51241800
2017-05-17,203.96273803710938,207.64724366280345,203.90218810458956,207.64724366280345,172174100
2017-05-18,204.78439331054688,205.631999962106,203.62540586744421,203.88488106209277,107047700
2017-05-19,206.11636352539062,206.78234683353799,205.21686440061802,205.26875680431252,115011400
2017-05-22,207.16287231445312,207.32720702890853,206.55743904866105,206.62662010978983,61010600
2017-05-23,207.621337890625,207.785672656656,207.15427979796223,207.53484174088464,48341700
2017-05-24,208.1056671142578,208.20945192723073,207.51752238000833,207.85484941708714,46927700
2017-05-25,209.10025024414062,209.37702726719854,208.40833408140554,208.61590365124414,64071700
2017-05-26,209.05706787109375,209.22138942265474,208.83218318403254,208.91002179226535,46629900
2017-05-30,208.8754119873047,209.12622965651605,208.58134625168944,208.73702345379505,35201900
2017-05-31,208.82350158691406,209.20406342253426,208.13157217646426,209.16945969341108,91796000
2017-06-01,210.48414611816406,210.5014479845229,208.99650235027323,209.28192375663733,68962000
2017-06-02,211.18472290039062,211.34041330489234,210.24197573118028,210.53604147612447,88666100
2017-06-05,211.02902221679688,211.2971417307393,210.8300837666508,211.01172035211985,44698800
2017-06-06,210.35438537597656,211.0203553658864,210.27653358709625,210.466814497772,50375400
2017-06-07,210.7436065673828,210.96847802447388,210.025730934513,210.6917141693969,54144300
2017-06-08,210.8473358154297,211.32303800073686,210.3197412458077,210.83869148386148,65950700
2017-06-09,210.52737426757812,211.91121990384883,209.26460209199337,211.11550569356558,132256400
2017-06-12,210.48414611816406,210.5360385197835,209.63653943097975,210.28522084613712,86108100
2017-06-13,211.51339721679688,211.565289620332,210.6744348330919,211.02039298829786,60067000
2017-06-14,211.2452850341797,211.79016848775927,210.42361129135838,211.7815241526878,78602300
2017-06-15,210.8387451171875,210.95983177720848,209.61922098575457,209.89598483832128,66464900
2017-06-16,210.88479614257812,211.0499322546097,210.00698339029083,210.99778680066592,84553100
2017-06-19,212.6404266357422,212.70125857570505,211.61485078809721,211.71045520387923,65123800
2017-06-20,211.2063751220703,212.29278298541092,211.18900214476346,212.2840964967575,56906400
2017-06-21,211.1542205810547,211.7104608526788,210.68489823948386,211.59748345778655,55977600
2017-06-22,211.05862426757812,211.65832352725792,210.8848016626108,211.1629284400103,44148100
2017-06-23,211.31069946289062,211.64095846683273,210.7370728734632,211.11949059974816,66986800
2017-06-26,211.44973754882812,212.39709532104865,211.24115571861205,211.97990513698605,56700500
2017-06-27,209.7462158203125,211.52792708399247,209.72882958396772,211.23241411338174,82247700
2017-06-28,211.62355041503906,211.82344573453494,210.52844287820562,210.76311067350048,70042600
2017-06-29,209.76365661621094,211.82348188810502,208.55557148137194,211.77133642732028,106949700
2017-06-30,210.15476989746094,210.94567811831612,209.96356102512635,210.57194686354703,86820700
2017-07-03,210.51107788085938,211.5279540165934,210.51107788085938,211.09339088533196,39153800
2017-07-05,210.99778747558594,211.2063692920283,210.06781600456577,210.8761103287231,54427600
2017-07-06,209.06832885742188,210.35463203575168,208.88580650381542,210.23295488728553,65400800
2017-07-07,210.42417907714844,210.57192896378987,209.0770305954212,209.64197067450192,57972300
2017-07-10,210.65008544921875,211.0238165627474,210.1199180057095,210.4241174408651,36663300
2017-07-11,210.4936981201172,210.80658411472686,209.3290720753313,210.65013448651465,50354600
2017-07-12,212.07550048828125,212.24063660467954,211.45842825120994,211.45842825120994,59610400
2017-07-13,212.43185424804688,212.54484491380276,211.85822769210736,212.0842090236191,39471600
2017-07-14,213.42263793945312,213.77898288163507,212.33623013656714,212.43183455369368,60262700
2017-07-17,213.39657592773438,213.7268481601751,213.22275332290783,213.34443047246788,33531900
2017-07-18,213.5095672607422,213.56171271617282,212.64912746069257,212.98808618280643,42742500
2017-07-19,214.66551208496094,214.6741985738077,213.81375875263902,213.8224585033008,51034300
2017-07-20,214.76116943359375,215.039283025191,214.21361547956835,214.9176058422763,47135200
2017-07-21,214.5699462890625,214.5960190221116,213.9615471530706,214.18752852191926,82340800
2017-07-24,214.51779174804688,214.65684189782053,214.04845604938308,214.4917057542839,46622300
2017-07-25,215.03927612304688,215.36954843542247,214.81330800826342,215.26524423783036,54915600
2017-07-26,215.0479278564453,215.36081387501542,214.78720055915,215.3260546559813,47575400
2017-07-27,214.8480224609375,215.54332616544713,213.52694674855073,215.50856694803846,70766600
2017-07-28,214.59600830078125,214.72637195951367,213.91809075173916,214.3700269432227,50088400
2017-07-31,214.47433471679688,215.09140706086657,214.26573959752176,214.99580262225925,65838700
2017-08-01,214.95230102539062,215.10873737781307,214.4308199936887,215.07397816454593,55050400
2017-08-02,215.0565948486328,215.19565822721768,214.12662342388683,215.08266757439077,47211200
2017-08-03,214.6394500732422,214.96970906950318,214.36132327447956,214.94363633984614,40856000
2017-08-04,215.030517578125,215.3607765180168,214.64809992600595,215.12612199115475,60191800
2017-08-07,215.43031311035156,215.43031311035156,214.99574999792543,215.10005416294103,31995000
2017-08-08,214.9001922607422,216.3342588003273,214.5264742685518,215.11747386415053,61719400
2017-08-09,214.89149475097656,214.94364021122985,213.85723224990033,214.21357724405223,62632600
2017-08-10,211.85824584960938,214.18751149071593,211.80610038765755,214.05713457402004,120479500
2017-08-11,212.17112731933594,212.762140152982,211.84955480300584,212.08422263855766,74869900
2017-08-14,214.27439880371094,214.491680385441,213.4139722276217,213.4487314454998,73291900
2017-08-15,214.2483367919922,214.67421348773985,213.94415051944327,214.65682724702344,55242700
2017-08-16,214.6220245361328,215.16957828230625,214.19614792668534,214.76977439774194,56715500
2017-08-17,211.27597045898438,214.32661314574534,211.27597045898438,214.0137270563806,128490400
2017-08-18,210.94564819335938,212.2319513923749,210.50238529682153,211.110771048936,136748000
2017-08-21,211.1107940673828,211.37153463580879,210.18083572957025,210.88482598104898,65469700
2017-08-22,213.31834411621094,213.47478047201594,211.6756960711894,211.69308230910568,63140100
2017-08-23,212.55352783203125,212.97940449734378,212.20588261344366,212.35363249443412,50203800
2017-08-24,212.05813598632812,213.0923851691312,211.84954089488582,212.93594879691088,50741700
2017-08-25,212.55352783203125,213.46611310809237,212.40577795104076,212.84902759401217,64445900
2017-08-28,212.56224060058594,213.10978119030355,212.14505039855294,213.08370846040347,40565600
2017-08-29,212.80555725097656,213.06628450382465,211.13682326186802,211.2498139126445,51135700
2017-08-30,213.8137664794922,214.0832067852587,212.6056813953853,212.7882037622832,62030800
2017-08-31,215.10008239746094,215.3434367114177,213.848538347503,214.43085140317208,103803900
2017-09-01,215.404296875,215.83017361111806,215.25654696944488,215.47382858264075,62007000
2017-09-05,213.85731506347656,215.12624588888605,212.89258388976322,214.90026445785884,91398800
2017-09-06,214.5872802734375,214.91755251446293,214.00496723813447,214.53513481681557,57916900
2017-09-07,214.5612335205078,214.90889204310074,214.1527430450965,214.89150580151696,58034700
2017-09-08,214.30918884277344,214.769824772838,214.06583451224182,214.274416360231,63832800
2017-09-11,216.5950469970703,216.67326520865828,215.5607842155643,215.57815719914862,71364800
2017-09-12,217.32505798339844,217.35981720404104,216.7775041101089,216.96002648847752,56896000
2017-09-13,217.42935180664062,217.46412428956327,216.92525689879432,217.03824757556816,59228000
2017-09-14,217.3598175048828,217.55972612475762,216.93395405779384,217.10777668488015,95446300
2017-09-15,217.65245056152344,217.73978653879072,217.1109221885151,217.21573069228893,95432400
2017-09-18,218.11532592773438,218.46469641738005,217.7310103925462,218.01924704393736,46235200
2017-09-19,218.33367919921875,218.42102848279805,218.01051083970842,218.35988131876667,47108100
2017-09-20,218.4123077392578,218.525859153917,217.41658711242658,218.42105066508134,59574100
2017-09-21,217.82708740234375,218.34241353480814,217.65240215902375,218.25507757696303,48211400
2017-09-22,217.87078857421875,218.03674424025084,217.50394552028905,217.53014764359605,51214000
2017-09-25,217.42530822753906,217.9668498298664,216.68289258120123,217.61746600132773,57064400
2017-09-26,217.5563507080078,218.0978790288707,217.32051826959304,217.85331699185963,54082000
2017-09-27,218.40359497070312,218.78791056288938,217.37292921641892,218.2551118242006,81001400
2017-09-28,218.6656036376953,218.74421000106764,218.03672607545622,218.1240620366598,44778800
2017-09-29,219.4342041015625,219.51282378636614,218.47342863829596,218.65684347170293,85578000
2017-10-02,220.38633728027344,220.38633728027344,219.48668202261746,219.661380645158,59023000
2017-10-03,220.85797119140625,220.88417331715857,220.30769989534207,220.38631960023167,66810200
2017-10-04,221.1199493408203,221.36451133717839,220.59588030426494,220.70943170529875,55953600
2017-10-05,222.4301300048828,222.447589200853,221.15490233464226,221.45186859770155,63522800
2017-10-06,222.1768341064453,222.4650707832565,221.7226550953771,221.9846763219045,80646000
2017-10-09,221.80996704101562,222.46504669165515,221.5479325152339,222.4039128546295,35803100
2017-10-10,222.39523315429688,222.77081919113954,221.83623222660475,222.37777395454302,43057400
2017-10-11,222.7445526123047,222.7445526123047,222.13314760699538,222.29908992244182,47674300
2017-10-12,222.4126739501953,222.77951700719035,222.17684151083012,222.4301464750898,47065100
2017-10-13,222.68338012695312,222.96288714195765,222.41261603593503,222.84933575115855,54800400
2017-10-16,222.9803924560547,223.1725502367093,222.56988810025342,222.91052901548102,38221700
2017-10-17,223.1376495361328,223.1813241882859,222.70965926924444,222.9280192023774,31561000
2017-10-18,223.35595703125,223.5568443908322,223.1637992689959,223.5131697489327,40888300
2017-10-19,223.41714477539062,223.45208982839378,222.15940274756386,222.57865009017277,61903800
2017-10-20,224.57000732421875,224.59623609713063,223.3996149711692,224.2119206013549,89176400
2017-10-23,223.69659423828125,224.9194309537116,223.61798787604818,224.89322883296725,63915300
2017-10-24,224.08969116210938,224.32551028927895,223.73157768030504,224.1246362141857,66935900
2017-10-25,222.9803924560547,223.87130459112328,221.85366122188066,223.75775317683716,103715300
2017-10-26,223.2686309814453,223.86256352467024,223.14634996797955,223.59181270302912,69798000
2017-10-27,225.09405517578125,225.25129452218826,223.27731299353624,224.0109988741691,85562500
2017-10-30,224.25563049316406,224.99805952789407,223.9586642103246,224.0110684569867,54285700
2017-10-31,224.60501098632812,224.85831595994026,224.308044690315,224.63121311082153,60304800
2017-11-01,224.9019317626953,225.7229670376646,224.5351020940333,225.38233948819274,54202700
2017-11-02,224.98928833007812,225.1290418553702,223.7664783028467,224.8320756098468,56449500
2017-11-03,225.74044799804688,225.7841093106653,224.7359712552437,225.14648888383707,59589700
2017-11-06,226.08982849121094,226.2208390901341,225.53955732047456,225.60942075481384,49652600
2017-11-07,225.93258666992188,226.52651907870793,225.42597687899698,226.19460783401698,57502200
2017-11-08,226.31692504882812,226.41301726687485,225.47843048486277,225.75793755793842,50469600
2017-11-09,225.4958953857422,225.68805314872068,223.91494531222034,225.11157985978514,95085500
2017-11-10,225.426025390625,225.600723974454,224.7971478062067,225.1115999260466,59984700
2017-11-13,225.63565063476562,225.86275347101255,224.7098067481224,224.74475179722094,50228600
2017-11-14,225.11160278320312,225.2164112727262,224.0547216515681,224.83209570763378,61315200
2017-11-15,223.98480224609375,224.66608391303228,223.27731846332122,224.14201494109759,80811500
2017-11-16,225.888916015625,226.25577232872615,224.88446593594833,224.92812724822468,67777000
2017-11-17,225.22511291503906,225.86273339190677,225.1465065530022,225.53956501844647,75756800
2017-11-20,225.60946655273438,225.80162435524875,225.22515094770566,225.46973965569177,48075500
2017-11-21,227.08558654785156,227.26902808267985,225.57455287648494,226.37810249998583,69176800
2017-11-22,226.88467407226562,227.22530164809308,226.7187184194679,227.0942910420056,45033400
2017-11-24,227.40867614746094,227.51351126899064,227.2340042554232,227.37375776220694,27856500
2017-11-27,227.29513549804688,227.74931437185194,227.0942348482512,227.45234818645008,52274900
2017-11-28,229.6010284423828,229.62723056018447,227.66199175928952,227.75808396140033,98971700
2017-11-29,229.46127319335938,230.2648492252935,229.0158371941007,229.7320372936807,77512100
2017-11-30,231.47024536132812,232.37860338664402,230.29983945330548,230.37844582153883,127894400
2017-12-01,230.9898223876953,231.7322513570046,227.75811195549682,231.25187025317766,164390900
2017-12-04,230.71035766601562,233.03368363528838,230.65792676514644,232.60570674441112,94040600
2017-12-05,229.8805389404297,231.5924728582551,229.74952834944312,229.8805389404297,77994500
2017-12-06,229.9242401123047,230.35224365740348,229.4613181737277,229.97664435778418,75898600
2017-12-07,230.6491241455078,230.96354950143686,229.66213346397672,230.6491241455078,77218600
2017-12-08,231.9069061279297,231.91562239645032,230.6142062060786,231.60119700357745,76563900
2017-12-11,232.60565185546875,232.6667990126684,231.8807088587994,232.60565185546875,83077500
2017-12-12,233.01622009277344,233.48788494970145,232.6406474545075,233.39179273103937,85195800
2017-12-13,232.99000549316406,233.69748941303737,232.90265620503862,233.2607696276706,102905400
2017-12-14,232.0379180908203,233.40048144523197,231.98551385836262,233.28693005648842,100666700
2017-12-15,233.97024536132812,234.43553349269078,232.98699699252464,233.0396690986028,144610300
2017-12-18,235.45388793945312,235.80504421757664,235.26074796775922,235.36609217204557,83653600
2017-12-19,234.5496368408203,235.74357348896925,234.47938951357304,235.69968900306878,82382900
2017-12-20,234.42674255371094,235.5680072245659,234.1282583596644,235.51533511923463,76751500
2017-12-21,234.90957641601562,235.6207034128294,234.66376433012604,235.05004429245363,67032300
2017-12-22,234.84811401367188,234.96224582342296,234.3125786274947,234.92712216084462,78720900
2017-12-26,234.56719970703125,234.78667573304617,234.30383919241618,234.4442802725395,45244400
2017-12-27,234.68136596679688,235.04130991726413,234.40921779792106,234.73403807744953,57751000
2017-12-28,235.16416931152344,235.20808059186288,234.79546458911238,235.18174454026212,45116100
2017-12-29,234.27749633789062,235.76115654365725,234.08438313836797,235.74360810502137,96007400
2018-01-02,235.9542694091797,235.98939307392297,234.75154510890943,235.1378250465664,86655700
2018-01-03,237.4467010498047,237.595956521271,236.12105740806095,236.12105740806095,90070400
2018-01-04,238.4475555419922,238.93041894439426,237.50821837550382,238.08763838347974,80636400
2018-01-05,240.03652954101562,240.1594221725427,238.7460095567062,239.23763366582364,83524000
2018-01-08,240.47549438476562,240.6335106872347,239.65026241653015,239.9399589710568,57319200
2018-01-09,241.019775390625,241.64307973864751,240.61592025449383,240.89685596880133,57254000
2018-01-10,240.651123046875,240.9145104124587,239.5976539590796,240.26484301056274,69574300
2018-01-11,242.4069366455078,242.4069366455078,241.03740804909924,241.20421201328483,62361500
2018-01-12,243.9871826171875,244.15395979130867,242.3718150771938,242.67032612523522,90816100
2018-01-16,243.15309143066406,245.89214784344935,242.4595397134825,245.24250740468787,106555100
2018-01-17,245.47071838378906,245.8569982773587,243.15306581387438,244.08364188706403,113258800
2018-01-18,245.05816650390625,245.7780275136728,244.56651555336,245.35665068678648,100728000
2018-01-19,246.17308044433594,246.17308044433594,245.05815193414344,245.6375450366647,140920100
2018-01-22,248.17469787597656,248.17469787597653,245.9096904252106,245.96238931636123,91322400
2018-01-23,248.70143127441406,248.9911278057013,247.89374780740982,248.21856800026347,97084700
2018-01-24,248.60482788085938,249.93925899787192,247.42843983241525,249.34226396533919,134816100
2018-01-25,248.7101593017578,249.56172713980612,247.9200511654708,249.46517057261008,84587300
2018-01-26,251.58969116210938,251.6336024325838,249.2895872006863,249.54418683663425,107743100
2018-01-29,249.92172241210938,251.45805452351033,249.7637061106124,251.01910249168148,90118300
2018-01-30,247.35829162597656,249.97442894951632,246.88421586467027,248.0957279260588,131796400
2018-01-31,247.48117065429688,248.71023108676374,246.41012653639544,248.20984609063984,108364800
2018-02-01,247.2002410888672,248.49954888800508,246.41013270475324,246.7525281863909,90102500
2018-02-02,241.81874084472656,246.0151221655599,241.78361717245468,245.88341509241843,173174800
2018-02-05,231.7052764892578,242.16990757960036,231.16098010750332,240.0629426086258,294681800
2018-02-06,236.2703857421875,236.77079761721302,227.11385043179706,228.20244317759622,355026800
2018-02-07,234.9886016845703,239.10594725573497,234.9095667392294,235.7172502975997,167376100
2018-02-08,226.1744384765625,235.4275552292879,226.1393148107997,235.2870873577438,246449500
2018-02-09,229.57196044921875,231.4243255493233,222.0395404071036,228.95741676009237,283565300
2018-02-12,232.94308471679688,234.4091964404118,229.71240386406902,231.61744087262778,143736000
2018-02-13,233.52252197265625,234.0668183011388,231.16095748307058,231.74037748189377,81223600
2018-02-14,236.67425537109375,237.0341994073982,232.03013336996838,232.03892098767645,120735700
2018-02-15,239.6941680908203,239.7029557055696,235.95428785276758,238.4124355383196,111200300
2018-02-16,239.76437377929688,241.70456111309323,239.02693755677285,239.07084883629025,160420100
2018-02-20,238.2631378173828,240.25599702366807,237.4730295837229,238.81622161839584,86369700
2018-02-21,237.07794189453125,241.17776497216042,236.98138532365306,238.7020694980846,98883700
2018-02-22,237.3852996826172,239.71174054605476,236.71811068253444,237.99984336345477,110511300
2018-02-23,241.16908264160156,241.16908264160156,238.13154126660785,238.60561709001573,92766400
2018-02-26,243.969482421875,244.06606578006836,241.65183011473735,242.2400107099597,86491400
2018-02-27,240.9232177734375,244.86502543404572,240.8617580559553,244.15389845883672,99099200
2018-02-28,238.48269653320312,242.46838953671312,238.16666384672425,242.02064977268844,121907800
2018-03-01,235.0149688720703,239.81710599569337,233.52252099123643,238.27198600532518,176855100
2018-03-02,236.22647094726562,236.788342544187,232.48661694736793,233.34694599182436,139083200
2018-03-05,238.95672607421875,239.57126967870028,234.93591017599843,235.0412811759298,97307400
2018-03-06,239.56248474121094,240.01022442352252,238.0700369945111,239.93118947481386,79213200
2018-03-07,239.47462463378906,239.82578083528867,237.20964436134096,237.40278429089088,87063500
2018-03-08,240.63357543945312,240.75646811060744,239.15870263652198,240.15071199663336,66901200
2018-03-09,244.8210906982422,244.8210906982422,241.72209056756208,242.0381499475418,113625300
2018-03-12,244.51388549804688,245.7341852826055,244.12760547930253,245.11088075797747,71924800
2018-03-13,242.93360900878906,246.1730770862234,242.32785307291076,245.6726653493665,91968900
2018-03-14,241.68699645996094,244.07489676707442,241.13393936249835,243.89054440125355,105895100
2018-03-15,241.4236297607422,242.83704251505435,240.92321798909455,242.1961896626177,83433000
2018-03-16,241.6853790283203,242.7342709987508,241.63249597929055,241.94979427346908,100343700
2018-03-19,238.41537475585938,241.8617314494688,236.76712305431,240.93625086908648,109208400
2018-03-20,238.82080078125,239.45542436621005,238.14209004943496,238.81197797211732,59757300
2018-03-21,238.36245727539062,240.86568740550535,238.15092503585717,238.77672584368344,78709600
2018-03-22,232.40403747558594,236.9874056171408,232.13077251194272,236.14124989695927,148785900
2018-03-23,227.45050048828125,233.17093659771976,227.25658694391362,232.84481538646813,183534800
2018-03-26,233.6732635498047,233.95532442997438,228.64918525346152,231.04664893729182,141956100
2018-03-27,229.69810485839844,235.13645231917573,228.1467967301256,234.60762172890932,129941400
2018-03-28,229.01937866210938,231.49619395397707,227.91760350865525,229.83029701052686,146452300
2018-03-29,231.9457244873047,233.80553513065988,229.0282257239141,230.1564425245714,111601600
2018-04-02,226.9392852783203,231.92812739453532,224.47130575320918,231.41688855818825,186286300
2018-04-03,229.8479461669922,230.3239206279813,226.38397108152986,228.17325309173245,119956900
2018-04-04,232.30711364746094,233.01223907187764,226.17243637884116,226.30464403356794,123715300
2018-04-05,234.14048767089844,235.02190791920242,232.97700648742247,234.06113617759715,82652600
2018-04-06,228.92247009277344,233.67331128789823,227.40642617564995,232.18373580132868,179521200
2018-04-09,230.05072021484375,233.4353712614112,229.1164167597462,230.3768414531003,105442900
2018-04-10,233.70860290527344,234.49307993653733,231.79593578879246,232.93294868522386,103529000
2018-04-11,232.48336791992188,234.14044196708517,232.1572467955175,232.22774856614302,91140200
2018-04-12,234.3960418701172,235.3391678373889,233.6292106832202,233.80550546359493,68890500
2018-04-13,233.70860290527344,235.81521047558147,232.70379768298352,235.70062152505398,85079200
2018-04-16,235.63011169433594,236.3969700633702,234.51954024383548,235.3392547879426,63405300
2018-04-17,238.15097045898438,238.75032985118625,236.88172298207755,237.39293495805802,64682000
2018-04-18,238.32725524902344,239.12932407604146,237.86889946351178,238.59167058773116,57303900
2018-04-19,237.00506591796875,237.87766321788325,235.97379255540952,237.67492690933037,77655900
2018-04-20,234.9954376220703,237.15492797278438,234.1140173807684,236.93457291245892,99953100
2018-04-23,234.96017456054688,236.12365560791923,233.88484090745573,235.56835661263662,65558000
2018-04-24,231.79592895507812,236.20303062196353,230.2975036288115,235.98267553861925,112885500
2018-04-25,232.36880493164062,232.8095150189369,229.91845792222574,231.73418132998165,103840900
2018-04-26,234.7310333251953,235.55957054280748,232.95057403778003,233.39128417911363,67731900
2018-04-27,234.95143127441406,235.63893814441175,234.01712775618176,235.33925842147093,57053600
2018-04-30,233.1444549560547,236.1236593984513,233.07392627997427,235.56836039425437,82182300
2018-05-01,233.55880737304688,233.6645735263374,231.0291080123637,232.58041665747317,74203400
2018-05-02,231.98983764648438,234.17574281224557,231.60201055601448,233.36485118585458,86368900
2018-05-03,231.4785919189453,232.13083432497558,228.33191503251203,231.16129352643733,136311500
2018-05-04,234.47540283203125,235.15411363285418,230.18289056208346,230.50901174745036,91222100
2018-05-07,235.26864624023438,236.23818675417897,234.55467126904276,235.2422047152869,55304900
2018-05-08,235.26864624023438,235.63000478158196,233.70851557191827,234.89843799216482,67499200
2018-05-09,237.54275512695312,237.86887631255698,235.41852911669892,235.93856383142008,59666100
2018-05-10,239.76388549804688,240.09003352947272,238.1773400803513,238.28310618835678,72063900
2018-05-11,240.49546813964844,240.75988339745433,239.3760474510574,239.8872861478894,59871500
2018-05-14,240.61013793945312,241.57967880988596,240.06363472492131,240.9274363554898,54790600
2018-05-15,238.9529571533203,239.40246304289636,238.00983133797027,239.38484432721972,87036100
2018-05-16,239.95782470703125,240.41618042257653,238.96181558524657,238.98828401389073,53942600
2018-05-17,239.75515747070312,240.83049137123183,238.97950326064117,239.69345159062675,56536400
2018-05-18,239.15574645996094,239.7727513992917,238.80318373697688,239.4113658661193,64368000
2018-05-21,240.95379638671875,241.49147660821697,240.24867110149415,240.6364980780093,58025900
2018-05-22,240.283935546875,241.72947751252565,239.95781439332927,241.4738581359053,52966400
2018-05-23,240.94503784179688,240.97150627338758,238.8560760558895,239.01475215137066,64694200
2018-05-24,240.45140075683594,240.82160904699194,238.67094177741902,240.54837095853705,76043800
2018-05-25,239.8784942626953,240.50429505271225,239.37607830929167,239.8784942626953,56374800
2018-05-29,237.11961364746094,239.01468828583364,236.00904266871666,238.2566530507235,115908600
2018-05-30,240.283935546875,240.72464562438188,238.35365015429863,238.424151931224,69678400
2018-05-31,238.81195068359375,240.17814100262822,238.2125915048435,239.8784614132531,93519900
2018-06-01,241.1566162109375,241.45629590589624,240.03719513694026,240.10772382917452,71258400
2018-06-04,242.30238342285156,242.55800278701213,241.7382885385191,241.9762622852021,45385200
2018-06-05,242.47869873046875,242.85770295501914,241.6677803232636,242.43461158185002,51135000
2018-06-06,244.50596618652344,244.61173231021175,242.46988760909116,243.08689252902062,62732200
2018-06-07,244.4795379638672,245.28163364391338,243.5716761543753,244.99077678793768,72969400
2018-06-08,245.20230102539062,245.2551840883835,243.85372912145007,244.02120112053123,72139700
2018-06-11,245.5283660888672,246.2423141748829,245.30801107716346,245.42259998705822,58892500
2018-06-12,245.84568786621094,246.2070464094195,245.2022415574353,245.9426311585828,72329000
2018-06-13,245.0613250732422,246.33939547711083,244.85858868746203,246.08377601657364,79070600
2018-06-14,245.67823791503906,246.2070684640839,245.08767460352945,245.92503447086239,77097600
2018-06-15,245.3647918701172,245.70123980912814,243.7888202239004,244.89554264454674,120041600
2018-06-18,244.86016845703125,244.98413436209893,243.43472266632747,243.91280739262805,52917600
2018-06-19,243.92166137695312,244.1430058972589,242.1774654761599,242.59359425511855,97531500
2018-06-20,244.33773803710938,245.0017714563841,244.00129011487593,244.60334059698366,53785500
2018-06-21,242.80609130859375,244.34666763816736,242.3102817141276,244.32894278291016,71061400
2018-06-22,243.2488250732422,244.17848849838836,243.02748049862663,244.06338499645207,54898500
2018-06-25,239.9374542236328,242.25714041734616,238.2552413138066,242.09777885127292,137854200
2018-06-26,240.4687042236328,241.31865965839233,239.7515501037426,240.50412691413,68547400
2018-06-27,238.47662353515625,242.47852327145034,238.32609735255744,241.05307733908927,105110700
2018-06-28,239.8400115966797,240.60142355554945,237.71508320443863,238.42340167504793,76650500
2018-06-29,240.1853790283203,242.29258330965268,240.07027554780439,240.92909341827357,97592500
2018-07-02,240.69891357421875,240.85830219113393,238.3792269257358,238.61829634130885,63554800
2018-07-03,239.8489532470703,241.6905550668388,239.42398899604595,241.59314941291314,42187100
2018-07-05,241.80563354492188,241.86761650524355,239.90207576914923,240.97340287322703,56925900
2018-07-06,243.85089111328125,244.22273484975983,241.45149658583094,241.8322297707401,66493700
2018-07-09,246.04652404785156,246.0996445626683,244.8070003361436,244.85125842529408,50550400
2018-07-10,246.9319305419922,247.02933617681353,246.20591406275534,246.49810394762574,51966800
2018-07-11,245.1257781982422,246.1705449354682,244.82475287381996,245.38254542362452,77054700
2018-07-12,247.34799194335938,247.40111244985275,245.7808829626333,246.38293338261536,60124700
2018-07-13,247.5428924560547,247.8439178074918,246.7194971989239,247.171048735879,48216000
2018-07-16,247.32151794433594,247.7287843093492,246.87882888944463,247.58714758902812,48201000
2018-07-17,248.322021484375,248.71159004868673,246.49814457855098,246.5512651082664,52315500
2018-07-18,248.84432983398438,248.9505708671419,247.9589518648833,248.40164084943382,44593500
2018-07-19,247.9058837890625,248.56105497851968,247.42777201912497,248.18034885597547,61412100
2018-07-20,247.62254333496094,248.33086203476083,247.4631817598543,247.70222412251422,82337700
2018-07-23,248.0829620361328,248.28658171283647,247.07361800177213,247.41892844076798,47047600
2018-07-24,249.3312225341797,250.17234222922812,248.4635696062197,249.49061106874734,68026900
2018-07-25,251.4562530517578,251.7749762113117,249.03916101342188,249.08341911238333,78882900
2018-07-26,250.86302185058594,251.54475324487566,250.6416773306691,250.73908296962176,57919500
2018-07-27,249.16310119628906,251.28800309937907,248.24230046443236,251.19059746428582,76768700
2018-07-30,247.86160278320312,249.40215198668153,247.33920594196468,249.24279041796194,63742500
2018-07-31,249.0833740234375,249.69428698825837,248.24228115824914,248.62298720311097,68570500
2018-08-01,248.66725158691406,249.79169893708507,248.02094294081422,249.28702699344575,53853300
2018-08-02,250.02195739746094,250.19015439375062,247.1621761469714,247.36582285557148,63426400
2018-08-03,251.09323120117188,251.14635172489284,249.96878373668994,250.14587016215646,53935400
2018-08-06,252.01409912109375,252.32395991882225,250.73915217292347,251.1287207970645,39400900
2018-08-07,252.8463134765625,253.2270466660811,252.545288108283,252.67811646394784,43196600
2018-08-08,252.7399444580078,253.13837528409576,252.27955771952196,252.67798854560988,42114600
2018-08-09,252.39480590820312,253.19164099777953,252.26200456320743,252.80207237272398,35717000
2018-08-10,250.70362854003906,251.5004633069356,249.99530995422668,250.9603957161205,77076000
2018-08-13,249.7652130126953,251.58909007010664,249.4730230553778,250.9781769080067,65732900
2018-08-14,251.35885620117188,251.5979255987983,250.10163433503746,250.49120289007564,43842000
2018-08-15,249.48187255859375,250.1547686488498,248.04756417218385,250.0131048919749,102925400
2018-08-16,251.50057983398438,252.36826037127776,250.88080416168853,250.91622686228928,69967900
2018-08-17,252.38597106933594,252.82866028078422,250.88967937307225,251.29694588211524,65618500
2018-08-20,252.92591857910156,253.19152114336345,252.38582400564977,252.83737538448443,39807500
2018-08-21,253.5192108154297,254.37802881887922,252.9614181816964,253.43953001341072,67272000
2018-08-22,253.36866760253906,253.89103744915988,252.84627073632237,253.11190038315056,44993300
2018-08-23,253.03219604492188,254.0503753806769,252.71344590231374,253.19155760642926,49204900
2018-08-24,254.55511474609375,254.69677851147446,253.55463297906772,253.60775351363543,57487400
2018-08-27,256.5649108886719,256.6711519566475,255.5909893995617,255.75035100152513,57072400
2018-08-28,256.6888427734375,257.1315318443619,256.2284288471343,257.0252637708789,46943500
2018-08-29,258.07000732421875,258.3001872470909,256.66225944752415,256.90130179728936,61485500
2018-08-30,257.02520751953125,257.9637059829279,256.432019425289,257.59186237570543,61229500
2018-08-31,257.0340881347656,257.47677714013287,256.13101229086976,256.6179593889367,66140800
2018-09-04,256.5914611816406,256.94560706766003,255.59097946442648,256.61802144760213,57594400
2018-09-05,255.90081787109375,256.4409125342316,254.89150093970582,256.2372658547544,72452400
2018-09-06,255.13063049316406,256.3081718188765,254.10358835710352,256.00714641996956,65909900
2018-09-07,254.63478088378906,255.6087023274441,253.84678130041397,254.0858507118014,73524800
2018-09-10,255.07745361328125,255.90971124627146,254.88266933705808,255.64408158618681,50210900
2018-09-11,255.91856384277344,256.36125295304953,254.08585146112563,254.4311349169495,50530500
2018-09-12,255.98045349121094,256.5825039770192,255.19248121234787,255.92733297890956,59810800
2018-09-13,257.4944763183594,257.68042515569164,256.75962445423187,257.04295190384914,51034200
2018-09-14,257.538818359375,257.88410181150124,256.75968121049704,257.698179952664,55079900
2018-09-17,256.1752014160156,257.5209659029717,255.90073646814687,257.4855702461782,68244000
2018-09-18,257.5654602050781,258.1586486634041,256.3613314064402,256.3878916804009,61930400
2018-09-19,257.8397216796875,258.25585032273136,257.4944113713893,257.6183772316766,49080600
2018-09-20,259.92926025390625,260.2480103827484,257.8574789850048,259.097029795445,100360600
2018-09-21,259.6917419433594,260.785696210054,259.53165901903327,260.6700717174075,105479700
2018-09-24,258.8291015625,259.25601660965026,258.2510060962114,259.1137115939335,53409600
2018-09-25,258.58892822265625,259.3893700355499,258.34880382135856,259.2826480794176,44370000
2018-09-26,257.81536865234375,259.9143078105419,257.39735590244186,258.7314356818832,79739700
2018-09-27,258.5356750488281,259.6207272917874,258.01094045110614,258.2866480000463,59249500
2018-09-28,258.5623474121094,259.0604014939994,257.8775298349885,257.9130857394722,70091400
2018-10-01,259.4605712890625,260.5278181370274,258.79353183087005,259.79851514867977,62078900
2018-10-02,259.3093566894531,260.02085456876165,258.93582980248266,259.3093566894531,47258200
2018-10-03,259.4516906738281,260.77686715736866,259.09594169443756,260.35885464256023,64694600
2018-10-04,257.4238586425781,259.02474241561276,255.84075281656695,258.9713814326385,111545900
2018-10-05,255.9830322265625,258.16201119191044,254.56000949174071,257.6461793607619,105951700
2018-10-08,255.9830322265625,256.33878112479266,253.91965061816597,255.2981877770208,87742200
2018-10-09,255.60958862304688,256.9080848761821,255.049270973965,255.60071321754165,74339000
2018-10-10,247.51605224609375,255.17367794204338,247.14252541715967,255.10251188002732,214731000
2018-10-11,242.0641632080078,248.04971271824712,240.4543498192236,246.43102392729244,274840500
2018-10-12,245.42605590820312,246.4399417449787,242.24203910959136,246.155331736026,183186500
2018-10-15,244.0475616455078,246.39555418191674,243.95861759938708,245.07035032111582,102263700
2018-10-16,249.3838653564453,249.7574194733854,245.53283535702332,246.00420892011994,118255800
2018-10-17,249.42837524414062,250.0509293104676,246.85803605064686,249.4194726965644,110626000
2018-10-18,245.8263397216797,249.09039901108488,244.55452397248047,248.49449831592784,134557500
2018-10-19,245.6929168701172,248.40553369282395,244.99919677874857,246.47558100230958,139901600
2018-10-22,244.59005737304688,246.6800928007739,244.05642033413275,246.3599268625698,82415800
2018-10-23,243.34490966796875,244.4655448019636,238.89797931644497,240.97916660583792,146352700
2018-10-24,235.9718475341797,243.4782658754769,235.42043267956558,243.09580935271808,177806700
2018-10-25,240.20538330078125,241.7440310079275,236.78126856701027,237.8040571423669,138061500
2018-10-26,235.98081970214844,241.0236512105069,233.27710529716651,236.50558142545964,201574600
2018-10-29,234.67332458496094,240.35651288536744,231.10690597699337,239.06689261627125,160749100
2018-10-30,238.15087890625,238.462169433922,234.01523944405503,234.50441802808442,157116000
2018-10-31,240.69447326660156,243.0068816776594,240.24087784228382,240.71225121076913,128296300
2018-11-01,243.25599670410156,243.4516627284058,240.4722139163721,241.55726602534855,99495000
2018-11-02,241.81517028808594,244.7857162430484,239.7695662222295,244.3588011959873,122634100
2018-11-05,243.14923095703125,243.70064588758427,241.33487607109518,242.3043034718907,65622500
2018-11-06,244.68780517578125,244.84788809801987,243.0246581525373,243.08692166959653,60085900
2018-11-07,249.92636108398438,250.00640256456597,246.43105358048592,246.85796861882702,102752100
2018-11-08,249.47279357910156,250.1131526376013,248.33438049086973,249.1259199823726,65584900
2018-11-09,247.0358428955078,248.3521166919951,245.6305979363497,248.16535324771868,98812600
2018-11-12,242.41998291015625,246.76906695308182,241.90412375753766,246.52894247011767,99673600
2018-11-13,241.9663848876953,244.87466772001525,241.2459843040756,242.88245150278644,98176600
2018-11-14,240.31210327148438,244.23427156850525,238.75567780247712,243.83406416161853,125335900
2018-11-15,242.82015991210938,243.28265801047837,237.47496842136428,239.04917189597126,135101400
2018-11-16,243.45166015625,244.35882418194376,241.21038987573397,241.72624899886281,126668000
2018-11-19,239.33377075195312,243.14034163054626,238.41770428548043,242.8468290600021,103061700
2018-11-20,234.9046630859375,237.4660995132809,234.04195744397686,236.00749321474495,136021300
2018-11-21,235.70506286621094,237.59945934806558,235.6961874628989,236.4521438330722,75563700
2018-11-23,234.13082885742188,235.5271711789093,233.9707459158495,234.06856533284287,42807900
2018-11-26,237.91082763671875,238.13317420460353,235.98975003316443,236.38108216399485,79981400
2018-11-27,238.71121215820312,238.71121215820312,236.27430304857938,236.87907905299704,75502400
2018-11-28,244.20755004882812,244.20755004882812,238.6488885933492,239.77842597191955,127629600
2018-11-29,243.6739501953125,245.07026538200046,242.2953858130194,243.43379863982963,82346400
2018-11-30,245.1592559814453,245.71957352817088,243.20262298270973,243.52278892831978,98204200
2018-12-03,248.4055633544922,249.38389363655335,246.81358154386612,249.27717163158556,103176300
2018-12-04,240.3565673828125,248.00529243928708,240.04527685328782,247.57837738663264,177986000
2018-12-06,239.99191284179688,240.10753736347036,233.410461928897,236.50553495236963,204185400
2018-12-07,234.4154815673828,241.2192792431404,233.57945653094646,239.65395115076464,161018900
2018-12-10,234.86013793945312,235.8295653002673,230.01297399347905,234.23755696114154,151445900
2018-12-11,234.91354370117188,238.2398388706836,233.44606213473483,238.05307539835013,121504400
2018-12-12,236.09642028808594,239.24485459889894,236.0163787982232,237.88409498741427,97976700
2018-12-13,236.016357421875,237.90185139073836,234.90462492684645,237.03914588891996,96662700
2018-12-14,231.65843200683594,234.82464480872093,231.1070168879108,233.87299503023334,116961100
2018-12-17,227.1136474609375,231.8184942160514,225.48606918040167,230.7067615302446,165492300
2018-12-18,226.8646240234375,229.41717153878733,225.26372621629173,228.75013191672292,134515100
2018-12-19,223.46710205078125,230.70670291867975,221.76838525235763,226.9446042655469,214992800
2018-12-20,219.82952880859375,223.78729366508378,217.58827236195947,222.22197924177337,252053400
2018-12-21,215.3253631591797,223.38553619386457,214.68126458714568,220.72863299677553,255345600
2018-12-24,209.6358184814453,215.45058694361018,209.57320499611265,213.84034063943142,147311600
2018-12-26,220.22763061523438,220.22763061523438,209.1169520452067,211.093979247737,218485400
2018-12-27,221.9183807373047,222.115175702482,213.7687595647507,216.998192653221,186267300
2018-12-28,221.63211059570312,224.89732089212802,220.469154308551,223.2691930102769,153100200
2018-12-31,223.57334899902344,223.81488933145144,221.3816315423611,223.2512997725202,144299400
2019-01-02,223.80596923828125,224.7273989963419,220.02190048222155,220.04873678437622,126925200
2019-01-03,218.46533203125,222.36570038148278,217.9822513104657,222.06153288497993,144140700
2019-01-04,225.7830047607422,226.42710333610125,221.11329691449131,221.4890188084166,142628800
2019-01-07,227.56320190429688,228.967685018204,225.1567801850317,226.05135993790628,103139100
2019-01-08,229.70123291015625,230.18431361996602,227.22325682723428,229.74597827796512,102512600
2019-01-09,230.77474975585938,231.61565694335764,229.18239882003667,230.40796876553281,95006600
2019-01-10,231.5887908935547,231.8392721108213,228.56510722057578,229.2449965104731,96823900
2019-01-11,231.67825317382812,231.70508947195933,229.93381189408592,230.51528322053164,73858100
2019-01-14,230.2648468017578,231.06996320273115,229.3792214907282,229.7817660410097,70908200
2019-01-15,232.90383911132812,233.2169474781809,230.6315989437874,230.64055347725395,85208300
2019-01-16,233.46746826171875,234.35309361191258,233.12752353728553,233.33325943861294,77636700
2019-01-17,235.2386474609375,236.09746354596547,232.55490862113237,232.59965398203775,96118400
2019-01-18,238.3696746826172,238.83487355099425,235.27443688332207,237.0457143351515,127900300
2019-01-22,235.149169921875,237.1172558730687,233.53893763482677,236.90256551490268,115531200
2019-01-23,235.64126586914062,236.87579034797807,233.18117144550067,236.17801920347108,86030300
2019-01-24,235.76644897460938,236.3479475705065,234.4514158353714,235.46229517851125,59204100
2019-01-25,237.7613525390625,238.58437774011935,235.86484825448963,237.60926200285365,96883400
2019-01-28,235.95437622070312,236.01697605824288,234.19205292689497,235.62338606355894,85613700
2019-01-29,235.64126586914062,236.6610726340007,234.80931321615319,236.09751029838282,66136300
2019-01-30,239.3717041015625,240.21261148459007,236.3927647173075,237.15316317648117,92473700
2019-01-31,241.47389221191406,241.9569728947139,239.09430693048517,239.3090246230662,104012100
2019-02-01,241.59019470214844,242.61002867744705,240.80296018796835,241.67070360013417,85782500
2019-02-04,243.2899169921875,243.35254413085923,240.96400403080258,241.63493888694768,60744800
2019-02-05,244.30975341796875,244.61390727961893,243.2183649495019,243.71932746285626,79552800
2019-02-06,243.98764038085938,244.52439362076777,243.25410583006848,244.03238574275397,58347800
2019-02-07,241.66175842285156,242.92309169804167,240.006780619395,242.37741121874424,95482000
2019-02-08,241.9569854736328,242.0553761416929,239.5952818353024,240.41830721543772,75788900
2019-02-11,242.09117126464844,242.86945129093857,241.56337248015748,242.61004281578042,68021400
2019-02-12,245.2043914794922,245.5800998035473,243.62992189186636,243.70150358243984,72270200
2019-02-13,246.0004425048828,246.84134953696977,245.61577981797595,246.03623333401944,65277200
2019-02-14,245.4547882080078,246.581967392561,244.10396409321197,244.9180349153441,83234400
2019-02-15,248.12957763671875,248.16536847036366,247.0203074973905,247.22604336493276,97088700
2019-02-19,248.55892944335938,249.211955032135,247.3244053160837,247.33335984756857,59120800
2019-02-20,249.05992126464844,249.51616561794017,248.02220560446585,248.5231680196707,76610800
2019-02-21,248.17430114746094,248.78260876381597,247.21709435971118,248.42478236010152,64214700
2019-02-22,249.71302795410156,249.90980930917786,248.15644047874292,248.7915845167354,78114600
2019-02-25,250.0529022216797,251.6542074923286,249.97239332656173,251.13536329032226,69030700
2019-02-26,249.87403869628906,250.75070943647637,249.49830316448794,249.70406634861823,56844100
2019-02-27,249.76669311523438,250.1155650438643,248.22801475468106,249.15835809796695,56921600
2019-02-28,249.3014678955078,249.99031174685732,248.97943230298569,249.55194912316048,69268300
2019-03-01,250.8580780029297,251.2695770643132,249.4267448715506,250.87595977067375,78880500
2019-03-04,249.94549560546875,252.15510796316795,247.6553743724362,251.91358133716793,106494600
2019-03-05,249.6056365966797,250.2676441881034,249.05995604336294,250.070835547476,59114600
2019-03-06,248.0938262939453,249.73092276380123,247.7717906411017,249.7219682288629,75039800
2019-03-07,246.0183868408203,247.78963728117097,245.17747968817417,247.646501244507,94885100
2019-03-08,245.52626037597656,245.69623265009005,243.70133801243838,244.16650948346623,85795800
2019-03-11,249.08673095703125,249.24774872320512,246.2151382586593,246.2419745530216,65098900
2019-03-12,250.0260772705078,250.54494879646793,249.453560445773,249.64141454290714,79667500
2019-03-13,251.6810760498047,252.61144667998187,250.7507054196275,250.91175053091055,80639200
2019-03-14,251.51998901367188,252.12829655426864,251.08165377124203,251.7078430746559,67518400
2019-03-15,252.76266479492188,253.57132732931038,251.88210530332043,252.0708142505132,81309000
2019-03-18,253.6791534423828,253.97568041420575,252.75367888847163,252.97830890078654,62199800
2019-03-19,253.74203491210938,255.50312638155242,252.85250891337472,254.7394063409619,90268100
2019-03-20,252.97830200195312,254.7304270184905,251.87313992072177,253.52641347579527,84609200
2019-03-21,255.83558654785156,256.23990405923104,252.11570091924966,252.16064336761528,79550400
2019-03-22,250.91180419921875,255.00006076580144,250.8489011946462,254.47893103524282,122659300
2019-03-25,250.7230682373047,251.7563609170328,249.46514552195487,250.57030774799213,85575200
2019-03-26,252.59205627441406,253.5444857266821,251.19036661180576,252.47524423241887,68125900
2019-03-27,251.27108764648438,253.16697891758005,249.72563230261858,252.58291903886354,72224700
2019-03-28,252.22357177734375,252.6728318312341,250.7500130593253,251.90011770045834,56238500
2019-03-29,253.81398010253906,254.13743419240424,252.6099664002764,253.73311658007276,82186800
2019-04-01,256.823974609375,257.12050158234626,255.53909751491526,255.80866998313059,77617900
2019-04-02,256.9498596191406,257.18348367932794,256.1591573421968,257.0127626231394,40070400
2019-04-03,257.3541259765625,258.55813955865335,256.75210547518907,258.16278854117206,68243200
2019-04-04,258.03704833984375,258.2886329223049,256.98579496410593,257.67764571070825,48997500
2019-04-05,259.28594970703125,259.3398587189356,258.41438412036786,258.70191713096256,58621700
2019-04-08,259.48358154296875,259.59139954862746,258.20767116115127,258.86360058977857,53566300
2019-04-09,258.15380859375,258.8456592016085,257.60572449284734,258.522205126451,66142300
2019-04-10,259.03436279296875,259.1242202855344,258.1538032388763,258.56711479989013,52601500
2019-04-11,258.9625244140625,259.5285965825624,258.3964522455626,259.5196026050741,55093100
2019-04-12,260.71453857421875,260.9930775507416,259.0073562411478,260.57077209913416,69727800
2019-04-15,260.5438537597656,260.88529575789886,259.7441577724898,260.7864442960236,49596700
2019-04-16,260.71453857421875,261.47828597657065,260.1215121472391,261.4243769759953,52153200
2019-04-17,260.07659912109375,261.85565099506766,259.6632602193015,261.8286964945726,58268300
2019-04-18,260.58880615234375,260.858378651933,259.36683190031505,260.66070312049783,68708500
2019-04-22,260.8133850097656,260.96614547162113,259.73517748497306,259.8250349672025,40160100
2019-04-23,263.1585693359375,263.3921933348262,260.94821758401093,261.1818141622424,52246600
2019-04-24,262.5745544433594,263.410171605521,262.43078792825753,263.0777235358863,50392900
2019-04-25,262.4128112792969,263.06874089132936,261.2267854647723,262.475714273737,57770900
2019-04-26,263.6347961425781,263.7066656882998,261.68499538422964,262.4577369591944,50916400
2019-04-29,264.04815673828125,264.56931386896713,263.6348450771833,263.7247025915081,57197700
2019-04-30,264.182861328125,264.47039433172,262.29599111609195,263.706646787458,81111700
2019-05-01,262.1971435546875,265.0185097807534,262.1881495792361,264.8118402899683,71671900
2019-05-02,261.6310729980469,262.99684108288136,260.1395263594633,262.0803330426567,65030200
2019-05-03,264.19183349609375,264.47037250137964,261.7388640340087,263.10463197802125,56543700
2019-05-06,263.1045837402344,263.54484968322805,259.5823739343374,259.89686135961114,107198100
2019-05-07,258.7108459472656,261.2985878238254,256.8059880160905,260.705561358726,144729900
2019-05-08,258.35150146484375,260.0586842910349,257.75847486656824,258.35150146484375,91568300
2019-05-09,257.56982421875,258.17181744485043,254.55078184893665,256.28494681196247,103471100
2019-05-10,258.8635559082031,259.6183092381913,253.65212469545477,256.635216966823,112429300
2019-05-13,252.35833740234375,254.721449608434,251.52272030593628,253.76005395912173,127290500
2019-05-14,254.64059448242188,256.16808964243916,253.24789927585027,253.37367783289977,77003200
2019-05-15,256.1321105957031,256.7700521218785,252.80757560681195,253.01424507952993,73956400
2019-05-16,258.50421142578125,259.8609579611438,256.7610804560164,256.8329499899436,76749600
2019-05-17,256.8330078125,259.3129323114473,256.1860721788903,256.2040601319123,100353000
2019-05-20,255.13478088378906,256.94078755040437,254.3889938816998,255.2336049280397,62877600
2019-05-21,257.4349670410156,257.81233007528556,256.5723681213772,256.82395261777503,46847100
2019-05-22,256.644287109375,257.59671617184193,256.1680725781415,256.48256008080267,49482500
2019-05-23,253.50843811035156,254.46983364087836,252.09775517308566,254.42491861053117,98733800
2019-05-24,254.08352661132812,255.35943728786714,253.46354551492902,254.94609827649518,55268100
2019-05-28,251.7204132080078,255.31449378901283,251.70245267653993,254.36206462869922,70029400
2019-05-29,250.03115844726562,251.01054198780503,248.62946939652528,250.6062244273925,104972900
2019-05-30,250.71409606933594,251.62161026679743,249.6179003033244,250.78596562189657,62523800
2019-05-31,247.3356170654297,248.99788472790675,247.30866255936388,248.171261594784,86862800
2019-06-03,246.7066650390625,248.48571724890928,245.37684544872747,247.37156112390167,96428000
2019-06-04,252.0618133544922,252.19658586974714,248.5485968800239,248.99785687797655,77231900
2019-06-05,254.24533081054688,254.27228532636738,251.87325115634073,253.67925855764904,71169700
2019-06-06,255.89854431152344,256.57243446763243,253.89486179658218,254.54179744327325,69430400
2019-06-07,258.4591979980469,259.5374326554367,256.7430220023687,256.9137429467995,74272200
2019-06-10,259.6454772949219,261.30774575087474,259.5556197582571,260.0048800209108,60799100
2019-06-11,259.5824279785156,261.8287280257867,258.9354924680753,261.46033152755564,58641300
2019-06-12,259.1242370605469,259.9059451972257,258.61207399835774,259.3488670961745,47096300
2019-06-13,260.1935119628906,260.55294204090757,259.33094010111313,260.03178488018204,48945200
2019-06-14,259.90594482421875,260.50793796326803,259.1421972200491,259.90594482421875,52324700
2019-06-17,260.0047302246094,260.7684777152376,259.83400922950466,260.13950274162505,39205700
2019-06-18,262.7274169921875,263.7786981554274,261.46049966035383,261.81992983557353,85434800
2019-06-19,263.3203125,263.85043609708407,261.8916687545038,262.862058449699,78674400
2019-06-20,265.8361511230469,266.240496147716,263.3832087300726,265.9979055853094,116570000
2019-06-21,265.44976806640625,266.8221515056671,265.23308319547755,265.5671482228351,83309500
2019-06-24,265.1246337890625,265.97332504245077,264.97113036473775,265.65733558451575,47582700
2019-06-25,262.52435302734375,265.2059379178657,262.4160106162554,265.1788523150936,82028700
2019-06-26,262.26251220703125,263.92382683504434,262.15416979385975,263.418210537563,51584900
2019-06-27,263.19244384765625,263.6980600603321,262.6416941550696,263.020892537568,40355200
2019-06-28,264.5467834472656,265.04336195090093,263.65293111911507,264.167557504222,59350900
2019-07-01,266.9485168457031,268.08616730223594,265.7476574629136,267.86945491993043,78705600
2019-07-02,267.6437072753906,267.6978784773819,266.0636495912675,266.90333077615117,61504500
2019-07-03,269.7835998535156,269.8016752933706,268.1764562858047,268.3209220345233,40898900
2019-07-05,269.4766845703125,269.6392257975495,267.26461942981217,268.55574620144637,51677300
2019-07-08,267.9960021972656,269.2961669029071,267.4542623109092,268.1675536205124,45841800
2019-07-09,268.3299560546875,268.6278977139199,266.7860214397084,266.84019265047795,41101300
2019-07-10,269.61199951171875,270.56005064904815,268.8626128525521,269.3953147050236,58448500
2019-07-11,270.2440490722656,270.48781949375126,269.2418542299152,270.2530867910683,50826100
2019-07-12,271.4539489746094,271.5261956250817,270.42466841458145,270.73164779402924,40326000
2019-07-15,271.5442810058594,271.88738375791934,271.0386645988323,271.88738375791934,33900000
2019-07-16,270.6684265136719,271.6616112571717,270.3614471482306,271.45393658906914,36650100
2019-07-17,268.8265686035156,270.8039007082595,268.8265686035156,270.641387055438,36036300
2019-07-18,269.81060791015625,270.1898338357982,267.887475346022,268.32988263092403,51392600
2019-07-19,268.31195068359375,270.93032731709434,268.1403993042997,270.90324170741786,58678600
2019-07-22,268.970947265625,269.51268682028854,268.194475028688,268.7091014293009,43638100
2019-07-23,270.89422607421875,270.89422607421875,269.2599965310851,270.0906678856096,44564500
2019-07-24,272.1672058105469,272.1672058105469,270.04540847226593,270.1357029970052,47213200
2019-07-25,270.8670959472656,271.76998626708985,270.06351033668966,271.71581505222247,55394100
2019-07-26,272.6819152832031,272.8805522564363,271.42688450822385,271.55330237938404,45084100
2019-07-29,272.18524169921875,272.68184778639005,271.63449196441434,272.5644676648038,38126500
2019-07-30,271.5171203613281,271.92343194048675,270.40655558457587,270.7857815620586,45849000
2019-07-31,268.5466613769531,271.9505755193534,266.5332335970876,271.7609487131754,104245200
2019-08-01,266.2082824707031,271.65271212161605,265.41373427056385,268.70026954313334,142646600
2019-08-02,264.20379638671875,265.55813204796215,262.6508237263318,265.314361548389,116749700
2019-08-05,256.2583312988281,260.2220053837113,254.36225615994783,260.1136629564653,178745400
2019-08-06,259.8517761230469,260.0684884974278,256.67361269034296,258.1453280546701,120711700
2019-08-07,260.0052795410156,260.77274168505596,254.65114752446226,256.7819550684586,140572300
2019-08-08,265.10662841796875,265.10662841796875,260.94431762874206,261.4950674503696,87713900
2019-08-09,263.3008117675781,264.76348934990085,261.5221171331934,264.1675785656176,93730000
2019-08-12,260.0955505371094,263.29176156394834,259.14749942587946,261.8019984508938,65527600
2019-08-13,264.14056396484375,265.5851940525705,259.4545607891331,259.79766353479624,94299800
2019-08-14,256.3304748535156,260.7004593066789,256.2040845769867,260.0955384148288,135622100
2019-08-15,257.0076904296875,257.9015704661981,254.96717731036955,257.215365095548,99556600
2019-08-16,260.7998962402344,261.23326599547846,257.0619167770849,258.660050411632,83018300
2019-08-19,263.9418640136719,264.6190316225491,263.13830611256157,263.8154737214388,53571800
2019-08-20,261.91943359375,263.9689845752752,261.7930432847781,263.43628262555785,51596400
2019-08-21,264.05023193359375,264.42039264271136,263.3911122132719,264.07731753557846,49524700
2019-08-22,263.9690246582031,265.3865692020705,262.19936718570995,264.7545624531943,51666400
2019-08-23,257.188232421875,264.33009591746213,255.9422397627942,262.66878155669343,149161500
2019-08-26,260.0323791503906,260.0323791503906,257.8473727295932,259.37325938101276,72423800
2019-08-27,259.0121765136719,261.7930945034179,258.25375184938554,261.4229061159633,66668900
2019-08-28,260.8359680175781,260.99848164367427,257.5494344017355,258.3530199208042,59696700
2019-08-29,264.1676330566406,264.6913248632864,262.3889380553566,263.3911606210267,57899400
2019-08-30,264.05023193359375,265.6663854420489,263.1202561934248,265.6483375587326,62901200
2019-09-03,262.50628662109375,263.26471107882736,261.1790369315544,262.35281071811187,69101400
2019-09-04,265.4858093261719,265.5038572084943,263.92379955368773,264.6732137573608,46887300
2019-09-05,268.89874267578125,269.81064296202624,265.44969579769,267.96876695252837,83258100
2019-09-06,269.10638427734375,269.74745608960535,268.537586657619,269.2147542351201,49584300
2019-09-09,269.24188232421875,270.18086834097136,268.3028687534425,270.0906013596085,51260300
2019-09-10,269.1786193847656,269.24182830225595,267.22837353862485,268.48337640040836,57947100
2019-09-11,271.0928955078125,271.1741523531876,268.8356690672812,269.48575138431556,68821100
2019-09-12,272.0318298339844,273.0881960688336,271.23728195073244,271.99570650637503,72908700
2019-09-13,271.8512878417969,272.8264249779895,271.4810994432451,272.47428446935595,62104800
2019-09-16,271.0116271972656,271.8964698439727,270.37058263040365,270.72269561213284,58191200
2019-09-17,271.69781494140625,271.7880819460408,270.64142095768113,270.8129723529359,41475500
2019-09-18,271.8603210449219,271.9686634906912,269.2780400199562,271.3095435402211,73375800
2019-09-19,271.8421630859375,273.2416593963996,271.5080981282079,272.2484746882701,76560500
2019-09-20,270.5577392578125,272.7256250118713,269.7686018264229,272.44441106611964,89565000
2019-09-23,270.4942321777344,271.2108170035137,269.64159394991134,269.89556952748023,43476800
2019-09-24,268.3717041015625,271.97273161522907,267.41022319495477,271.5827026529989,94869400
2019-09-25,269.95916748046875,270.4036179808236,266.97493260928337,268.4534446997761,71854000
2019-09-26,269.3968200683594,270.1768783815456,267.99088814051237,269.9682722975083,56179700
2019-09-27,267.9454345703125,270.2584534548734,266.39437020670596,270.1495830366901,84746600
2019-09-30,269.18804931640625,269.8955546492936,268.41707085357206,268.4624127579998,51662400
2019-10-01,265.9862060546875,270.7210593029976,265.7685205613803,270.06797514180766,88242400
2019-10-02,261.28765869140625,264.4170262525811,259.99964920337914,264.4079467960568,122539500
2019-10-03,263.4282531738281,263.45546385374735,258.34871403256653,261.06081329580894,85278800
2019-10-04,266.9930419921875,267.2470176140269,264.0269389043035,264.0813879558739,65091200
2019-10-07,265.841064453125,267.81847578384463,265.55987813972894,266.19483104942367,59610500
2019-10-08,261.7139892578125,264.72543473960826,261.67769911141454,263.9907184423583,95708100
2019-10-09,264.1991882324219,265.1334583310754,263.1016540810926,263.7275272976064,62359400
2019-10-10,265.9862060546875,266.8660551651619,263.9544009671046,264.1176650870851,55296300
2019-10-11,268.74371337890625,270.97507304287916,268.6167393837116,268.7346339216523,98720400
2019-10-14,268.44427490234375,269.09735886128357,268.0995878571728,268.42611599601287,40394800
2019-10-15,271.1020812988281,271.84587709862797,269.36959347887756,269.48751570095226,46754500
2019-10-16,270.6665954589844,271.35596965464424,270.2312245406846,270.63938477659065,48928200
2019-10-17,271.4648742675781,272.33564398394304,270.7754999147679,271.8276926759577,45736600
2019-10-18,270.276611328125,271.5737002063706,269.4239728965291,270.9296954952778,64304000
2019-10-21,272.1087951660156,272.3083493813206,271.1563936773508,271.59179224199676,39048600
2019-10-22,271.2199401855469,272.9342686902184,271.1292286758053,272.6440029315517,48594700
2019-10-23,272.009033203125,272.063454563809,270.75728654487045,270.96592021500015,34352200
2019-10-24,272.4535827636719,273.08853577790205,271.62815491768134,272.9434028694703,35453100
2019-10-25,273.5692443847656,274.1134858073228,271.82767736883653,271.8820987429654,45205400
2019-10-28,275.1112060546875,275.6101055167936,274.7574671529367,274.7846778376868,42147000
2019-10-29,275.02960205078125,275.95482078917917,274.7121255754735,274.83912723810425,44284900
2019-10-30,275.8731994628906,276.24506964645207,273.92299861636155,275.22916703094626,49643900
2019-10-31,275.1383972167969,275.86406156075225,273.6871238914147,275.86406156075225,69053800
2019-11-01,277.6872863769531,277.73262829214644,276.41738057633785,276.5806723698209,71141500
2019-11-04,278.8030090332031,279.3744612238009,278.4311111364447,279.2384077691996,60606900
2019-11-05,278.49456787109375,279.30186437599883,278.2043020930648,279.00251914201027,42933200
2019-11-06,278.55804443359375,278.83015127599856,277.61469457781413,278.494543609944,46487100
2019-11-07,279.5376281738281,280.8710069278483,279.0659671347833,279.89139471405895,54272300
2019-11-08,280.22705078125,280.2814721535745,278.4945632788722,279.19298934454866,49032100
2019-11-11,279.6919250488281,279.86426864392786,278.71228485760133,278.848365987301,35797300
2019-11-12,280.281494140625,281.17947453569053,279.5104877305214,280.05472917772806,46484600
2019-11-13,280.37213134765625,280.7712397910703,279.0659632930762,279.2927281958677,53917700
2019-11-14,280.7803649902344,280.862024736105,279.4560653623706,280.0910183287371,51219900
2019-11-15,282.81219482421875,282.85753674364037,281.4243943784293,282.11374103249324,62023600
2019-11-18,283.020751953125,283.25659632840035,282.1227717261377,282.5763015670428,49228000
2019-11-19,282.93914794921875,283.62852223373176,282.2951432620522,283.619442778009,67804700
2019-11-20,281.8869323730469,282.86657234836355,280.3358680402715,282.3495416770167,79406200
2019-11-21,281.4334716796875,282.1047148443882,280.6352822016,281.9958720828886,54664700
2019-11-22,282.0592041015625,282.3131796450668,281.05238138021787,282.1771262612713,44850200
2019-11-25,284.245361328125,284.245361328125,282.98456243967775,282.98456243967775,48647200
2019-11-26,284.8893737792969,285.0707968398084,283.9641826057425,284.2816591210013,37569000
2019-11-27,286.1592712402344,286.1592712402344,285.15242034281846,285.37010586387197,44444600
2019-11-29,285.09796142578125,285.84175709981287,284.87119647744976,285.59683323960326,36592700
2019-12-02,282.6762390136719,285.4155507070384,282.249919635045,285.35204985290096,75767800
2019-12-03,280.7803649902344,280.862024736105,278.58529565869156,279.9640166629559,73941700
2019-12-04,282.5128173828125,283.1114801298138,281.4787836789131,281.82347080730165,49080000
2019-12-05,283.020751953125,283.2293856451966,281.7145837968173,283.21125441681573,40709000
2019-12-06,285.6058654785156,286.00497393609896,284.91649129155104,284.92557074598903,48927000
2019-12-09,284.7078857421875,285.887052207936,284.63530546909504,285.21583692878045,34838500
2019-12-10,284.39044189453125,285.3156328729228,283.73735776823526,284.6534969724014,52649800
2019-12-11,285.1977233886719,285.4516989977195,284.3087949163725,284.8439568182491,53429100
2019-12-12,287.6558837890625,288.4359419435748,284.97099448527933,285.2068112141044,96389600
2019-12-13,287.8282165527344,289.0527527941986,286.6490222278449,287.42002857849036,81503900
2019-12-16,289.8055114746094,290.3950946158489,287.76462759098536,289.55153592078653,82749700
2019-12-17,289.86907958984375,290.48587355216506,289.7874475372953,290.18655602615394,61097700
2019-12-18,289.8871765136719,290.4858391761142,289.8327551517464,290.25907427433737,48133000
2019-12-19,291.07550048828125,291.14808077783215,289.823753465592,290.07772911648044,85310500
2019-12-20,292.3516540527344,293.4819293110863,291.1302212825293,292.10552598899403,147142100
2019-12-23,292.7983093261719,293.19025605431125,292.65246286090326,293.13556710700664,52990000
2019-12-24,292.8073425292969,293.07166308676193,292.5065255951328,293.0260982506087,20270000
2019-12-26,294.36614990234375,294.37527400015193,293.181185516875,293.19028179731185,30911200
2019-12-27,294.2931213378906,295.149951744562,293.7644523592922,295.0952628094436,42528800
2019-12-30,292.6706237792969,294.511910689044,292.18751963133974,294.37518834855865,49729100
2019-12-31,293.381591796875,293.6277198137139,291.82290156546304,292.1692833540794,57077300
2020-01-02,296.1252746582031,296.1435228475682,293.9923228046252,294.91296621198353,59151200
2020-01-03,293.8829345703125,295.00411329960116,292.68884653822107,292.74353546966336,77709700
2020-01-06,295.00421142578125,295.0862448502312,292.01440048652154,292.13290248318367,55653900
2020-01-07,294.1746826171875,294.91301114756425,293.7280191701127,294.4390032296372,40496400
2020-01-08,295.742431640625,296.9547400028766,294.1199284891358,294.3660286722624,68296000
2020-01-09,297.7478332519531,297.82077038824355,296.71781178644477,297.30119760730037,48473300
2020-01-10,296.8909606933594,298.4861195611985,296.42610473911026,298.33117684890317,53029300
2020-01-13,298.932861328125,298.9419576082333,297.08247766903025,297.5108929899719,47086800
2020-01-14,298.47698974609375,299.5434516916106,297.9209485381816,298.4952101168568,62832800
2020-01-15,299.15167236328125,299.90822152469775,298.3039656623581,298.3859991027014,72056600
2020-01-16,301.63995361328125,301.63995361328125,300.30001924233943,300.5278990481638,54050300
2020-01-17,302.5788879394531,302.7885196066415,301.57621099627295,302.3510080804288,95846000
2020-01-21,301.98638916015625,302.78853074420584,301.5488776178504,301.62178693577914,77742400
2020-01-22,302.0227966308594,303.49035714511143,301.867853930092,302.84315842409643,48914900
2020-01-23,302.3692626953125,302.7794576149532,300.2636547848771,301.37570973553994,51963000
2020-01-24,299.6801452636719,303.1074662187742,298.3948999055085,303.0254328321711,87578400
2020-01-27,294.87652587890625,296.35318285602233,294.1108529210448,294.44811064824233,84062500
2020-01-28,297.9665832519531,298.84163406721996,294.9676767051918,296.298487210109,63834000
2020-01-29,297.720458984375,299.5526218615138,297.5199236056963,299.32474201380455,53888900
2020-01-30,298.6866455078125,298.89630496665,294.91296997027223,295.6603946749964,75491800
2020-01-31,293.26312255859375,298.22178991387807,292.3516032332454,298.0668193889295,113845600
2020-02-03,295.4416809082031,297.3011883827756,294.62131896327486,294.7398209430448,69083000
2020-02-04,299.94451904296875,300.8104734483571,298.723086598825,299.0421238964606,62573200
2020-02-05,303.40838623046875,303.618045742721,301.4121839936726,302.87059303020703,65951100
2020-02-06,304.4291687011719,304.62057992939174,303.35355498781945,304.36535568597986,50359700
2020-02-07,302.8066711425781,304.4382703838826,302.25975409202255,303.3718085617881,64139400
2020-02-10,305.0672607421875,305.13107376686384,301.88606741089336,301.92253597033135,42070000
2020-02-11,305.59600830078125,307.20026355708615,305.0673114617923,306.41637021168424,54864500
2020-02-12,307.56488037109375,307.77451202465284,306.66245727222037,307.02705945948134,43992700
2020-02-13,307.23675537109375,308.202963799749,305.86947614367216,306.1429208622096,54501900
2020-02-14,307.7288818359375,307.84738378054004,306.4527605428289,307.646848447526,64582200
2020-02-18,306.9359130859375,307.79274347896046,305.550385905375,306.7353777212436,57226200
2020-02-19,308.4034729003906,309.077988360176,307.6195795625174,307.9021483533661,48814700
2020-02-20,307.13641357421875,308.67688328776865,304.1557279094007,307.85649373249373,74163400
2020-02-21,303.9735107421875,306.0973387829116,303.1531209980254,305.7874255135602,113788200
2020-02-24,293.8921203613281,304.04643281297626,292.81650624331786,294.5484154937722,161088400
2020-02-25,284.9865417480469,295.8883062471929,284.11149089171784,295.2776038121276,218913200
2020-02-26,283.9382629394531,289.9633921811157,283.2090586238566,286.38112799579915,194773800
2020-02-27,271.18609619140625,283.99293030133657,271.18609619140625,278.43265741082325,284353500
2020-02-28,270.0467224121094,271.5325033532073,260.27523419743306,263.155638584235,384975800
2020-03-02,281.741455078125,281.80526809577424,268.40592525729664,271.8241221224841,238703600
2020-03-03,273.6745300292969,286.07119736155244,271.24078921564694,282.11520716459734,300139100
2020-03-04,285.177978515625,285.39676211227726,276.4911987598748,279.03434596352906,176613400
2020-03-05,275.69805908203125,281.1762977722977,273.4648539783769,277.9951050161796,186366800
2020-03-06,271.1405029296875,272.343714991951,264.5502366862195,267.21185726562237,228667200
2020-03-09,249.9659881591797,259.04471406948755,249.25500410266218,250.94129282702897,309417300
2020-03-10,262.90045166015625,262.9915813511426,249.30056924454237,259.4549092564181,276444100
2020-03-11,250.0844268798828,256.9937588920719,246.91235745450595,255.8634838386491,255316300
2020-03-12,226.15707397460938,243.06576125881952,225.76511340861424,233.3489613279396,392220700
2020-03-13,245.49034118652344,247.45922586480515,226.5307403139834,239.81156693642356,329566100
2020-03-16,218.6278839111328,234.1692750182009,216.35819611440786,219.84019219766736,297240000
2020-03-17,230.43209838867188,233.50392810842425,216.09390266325667,223.35869921057358,262070500
2020-03-18,218.7646484375,226.39406110097966,207.8446502974257,215.34645080566406,327597100
2020-03-19,219.22950744628906,225.49165465544974,211.6730183757266,218.08099810602204,289322000
2020-03-20,209.781982421875,224.14947908525951,209.50691583930976,222.3707310405341,347158800
2020-03-23,204.41827392578125,210.5888688079637,200.11810699641129,209.22272735900054,326025200
2020-03-24,222.93919372558594,223.81024024329707,214.3663807599711,214.93484144271505,235494500
2020-03-25,226.27662658691406,235.04200407098807,219.82180274754663,224.5162200852684,299430300
2020-03-26,239.4888916015625,240.95587614121874,228.34879937507776,228.77973377835932,257632800
2020-03-27,232.3555450439453,239.13128235143066,230.18254563117415,232.21801874837786,224341200
2020-03-30,239.90151977539062,240.61668467866326,232.45646258210547,234.44608945305336,171369500
2020-03-31,236.32566833496094,241.44184313996882,234.92284395447982,238.90209724302795,194881100
2020-04-01,225.68984985351562,236.24314028710725,223.62687128450554,227.36774076850008,189554600
2020-04-02,230.8977508544922,231.67708998353663,224.2595386780604,224.80967193777292,177660400
2020-04-03,227.56027221679688,232.26386743063676,224.83713961830722,229.91664470662855,135561200
2020-04-06,242.84466552734375,244.80680088287363,227.54196002564834,236.40818218401068,188061200
2020-04-07,243.09222412109375,252.16932399949252,242.87218203318542,251.41747622455648,201427200
2020-04-08,251.25250244140625,253.0587562775526,243.20230109645226,245.68703684697715,153774500
2020-04-09,255.0758056640625,257.82644327518784,252.57271536480266,254.50731705377976,189999200
2020-04-13,252.7469940185547,254.443226607134,248.85025633333169,254.1039856856062,114839100
2020-04-14,260.2011413574219,261.2188637812924,252.60938312795597,257.6247131889089,134143400
2020-04-15,254.67239379882812,260.338700945521,252.56355469912342,254.49818449986756,121775000
2020-04-16,255.90103149414062,256.7537225719264,252.83865783107498,255.9468642691427,131798300
2020-04-17,262.8143310546875,263.41944685021514,258.92674327686353,261.6590540286196,146684800
2020-04-20,258.1839904785156,262.95177313986176,257.96394844153764,259.1191971166025,100109300
2020-04-21,250.3447723388672,254.92916957927525,249.4095373940222,253.72805974076354,126385700
2020-04-22,255.90103149414062,257.6430966582761,253.89306348455668,255.21337198348687,92951600
2020-04-23,255.8826904296875,260.33873886010645,255.58013253954968,257.17549374033564,104709700
2020-04-24,259.4493408203125,260.1186727932332,255.35088916404356,257.39554010912246,85063200
2020-04-27,263.1902160644531,264.3088100325091,260.9622058760842,261.4206455682229,77896600
2020-04-28,261.9798889160156,267.17857801356905,261.6773031279873,266.83015946053325,105270000
2020-04-29,268.83819580078125,270.36939668055743,266.2709447231819,267.29784515422165,118745600
2020-04-30,266.3351745605469,268.93910905447325,264.6022588270189,267.4629184687706,122901700
2020-05-01,259.2842712402344,266.5001059124838,258.1198167734185,261.5947967015309,125180000
2020-05-04,259.99951171875,260.3020696248995,255.92856473218876,257.40472721224256,80873200
2020-05-05,262.4017639160156,265.2074131354292,260.1278925305998,262.81437091102384,79569900
2020-05-06,260.6230163574219,264.48307149149906,260.1920818426239,264.0979977435184,73632600
2020-05-07,263.767822265625,265.6932743331002,263.2635498583758,263.8320105300923,75250400
2020-05-08,268.13226318359375,268.5998807173139,265.7666982281265,266.89447017023934,76452400
2020-05-11,268.1872253417969,269.56254444611375,265.7850057832069,266.20676247386785,79514200
2020-05-12,262.8418273925781,269.7825831185984,262.7042730991444,269.37000418111256,95870800
2020-05-13,258.1932067871094,263.31855852406073,255.77263209509584,262.2824804769914,144721100
2020-05-14,261.28302001953125,261.4113685344945,250.29879909463915,255.76341829570492,121977900
2020-05-15,262.4842224121094,262.5300551877956,257.95483612918537,258.8992207520091,111146300
2020-05-18,270.4794921875,272.08403154793433,268.37068022045037,268.69156570778057,119703800
2020-05-19,267.7012634277344,271.58882289589167,267.6829359139752,269.88344074536735,95189300
2020-05-20,272.2489929199219,273.1108617924765,271.00205036955106,271.23127021904025,85861700
2020-05-21,270.36932373046875,272.92742435106703,269.2782353216481,272.1205662355428,78293900
2020-05-22,270.88287353515625,271.05708287336876,268.84739998740986,270.0851928712047,63958200
2020-05-26,274.22027587890625,277.07178533427884,270.9011769612808,276.8333877387792,88951400
2020-05-27,278.30035400390625,278.3370370080894,272.1939349208289,277.0075509205538,104817400
2020-05-28,277.7869567871094,281.3352756373356,277.1176247426951,279.32730748503195,90405200
2020-05-29,279.02471923828125,279.61150744849493,274.5778489741923,277.3193091660714,119090800
2020-06-01,280.1524963378906,280.7576401144218,277.8694755298853,278.38292576798335,55758300
2020-06-02,282.4721374511719,282.5179982006775,279.73985528660774,281.069313365472,74267200
2020-06-03,286.23126220703125,287.1848241440649,284.1774623250431,284.4525148160505,92567600
2020-06-04,285.4796447753906,286.9833408869309,283.3891602166023,285.2504248545544,75794400
2020-06-05,292.7961730957031,294.56574307144007,290.79738334131844,290.861571594763,150524700
2020-06-08,296.33538818359375,296.52792499363557,293.0621225082108,293.60307791418927,73641200
2020-06-09,294.12567138671875,296.4086915242657,292.81451293214826,293.6763815746221,77479200
2020-06-10,292.48455810546875,295.5927930158741,291.76939322056137,294.7034187889176,95000800
2020-06-11,275.6230773925781,286.20387252008595,275.0729721884442,285.5712235543959,209243600
2020-06-12,278.9237976074219,283.38899457849544,273.7801190211421,282.61881945235933,194678900
2020-06-15,281.5278015136719,282.65557322051234,272.0747773753375,273.2483818586524,135782700
2020-06-16,286.9465637207031,289.4038217313861,282.0962919334156,289.25711767246935,137627500
2020-06-17,285.7546081542969,288.25769873534205,285.0210879201945,287.96429064170104,83398900
2020-06-18,285.8646545410156,286.3414217497539,283.7833484028866,284.2417880969982,80828700
2020-06-19,284.23095703125,289.5169952642536,282.2878135586834,289.323611161699,135549600
2020-06-22,286.0543212890625,286.45030759053503,282.490388367676,283.6323128106449,74649400
2020-06-23,287.37127685546875,289.627527981212,286.9660723422408,288.6973956071107,68471200
2020-06-24,280.04071044921875,285.9529901790608,278.20810074244577,285.3359654871181,132813500
2020-06-25,283.0429992675781,283.31007226818923,277.4530430466422,279.469847494696,89468000
2020-06-26,276.3202819824219,282.1589024781775,275.7401296700566,281.94708210428337,127961000
2020-06-29,280.3815612792969,280.5196928041572,275.28890629956817,277.5727838921979,79773300
2020-06-30,283.9730224609375,285.66752892214726,279.79209321079117,279.94863284970944,113394800
2020-07-01,285.962158203125,287.22383378335286,284.62684998484224,285.08730690922806,72396500
2020-07-02,287.53704833984375,290.7326217108491,286.8739889973159,289.38806675534465,69344200
2020-07-06,291.9757995605469,292.5559799310515,290.6036465664798,291.3495847273951,61713800
2020-07-07,288.9644775390625,292.4086879039096,288.5868993171508,290.4379459868934,82910000
2020-07-08,291.1746520996094,291.28515730964824,287.9698885921955,289.7288100254336,54638600
2020-07-09,289.51702880859375,292.0219167134949,286.10963481375455,291.78247001320926,83354200
2020-07-10,292.47314453125,292.74021752489676,288.02514120267125,289.4525470058198,57550400
2020-07-13,289.94061279296875,297.18820278628755,289.2867716039281,294.8122566026346,102997500
2020-07-14,293.6979064941406,294.47147088494086,287.32516922126496,288.52234618472755,93657000
2020-07-15,296.3962097167969,297.4920997478603,294.02023559241456,296.9119193662305,87196500
2020-07-16,295.4200439453125,295.87128286396967,293.85447872341933,294.49912983927373,54622500
2020-07-17,296.2764892578125,297.0592718738817,294.4530691984586,296.42383888823116,62774900
2020-07-20,298.6708679199219,299.4168060932532,295.2634745052949,296.0094126786261,56308800
2020-07-21,299.3062744140625,301.07441359288947,298.3208896684092,300.6323928502155,57292200
2020-07-22,301.0099792480469,301.32311478404205,298.83663538971115,298.94714058873586,57792900
2020-07-23,297.41839599609375,301.35071700630476,296.05546117826077,300.65081332964456,75738000
2020-07-24,295.5029296875,296.5251308789289,294.00183516323403,295.5674004213925,73766600
2020-07-27,297.6579284667969,297.8329044364121,295.40167713485863,296.1936780663919,48293000
2020-07-28,295.7699890136719,298.0446479275418,295.4752897615271,296.9303216498821,57495000
2020-07-29,299.4076232910156,299.9693955729184,296.60803622504216,296.64488066256155,48454200
2020-07-30,298.33941650390625,298.7538392190765,294.36108771702493,296.4423351178069,61861700
2020-07-31,300.6969299316406,300.798245119707,295.9173824216007,300.12596755695097,84986800
2020-08-03,302.7873840332031,303.551730444188,301.8112172413089,302.35455324026356,53077900
2020-08-04,303.9569396972656,303.9569396972656,301.93091720834786,301.93091720834786,41917900
2020-08-05,305.8446960449219,306.1025789119358,304.9882528791218,305.2553257741995,42697700
2020-08-06,307.8892517089844,308.00897505925286,304.9423429439364,305.26466855525786,43679400
2020-08-07,308.1102600097656,308.3957411535914,306.0197668612782,306.922272863609,57308300
2020-08-10,309.03106689453125,309.2152328018001,306.62746713576945,308.56139183848416,44282100
2020-08-11,306.4801330566406,310.8452840303046,305.75263131441477,310.20985119434204,69601100
2020-08-12,310.7532043457031,311.5267686882517,308.8837501585283,308.91137645275995,53774400
2020-08-13,310.1915588378906,311.4992695414481,309.2706445155212,309.9889565628064,41816100
2020-08-14,310.2007751464844,310.7349211885929,309.0772585556513,309.80478873517694,47260400
2020-08-17,311.18609619140625,311.5820825212489,310.2099294645962,311.2137224910681,35481000
2020-08-18,311.8583679199219,312.281980541681,309.98888529540005,311.58207682428633,38733900
2020-08-19,310.5599365234375,312.7516889289628,309.998164191715,312.23597917424223,68054200
2020-08-20,311.5268249511719,312.0056901723592,308.70883001435334,308.83774337602864,42207800
2020-08-21,312.6319885253906,312.8529989583211,310.85460261366353,311.1953645031958,55106600
2020-08-24,315.79998779296875,315.8736485813625,312.60441360589795,315.06323938864125,48588700
2020-08-25,316.9049987792969,316.9878776871024,315.2013018413242,316.3616627587458,38463400
2020-08-26,320.0821838378906,320.3492287448196,316.95108089894495,317.49441695300277,50790200
2020-08-27,320.78204345703125,322.22788555251475,319.1244090738759,320.94782937860447,58034100
2020-08-28,322.8540344238281,322.9829758804368,320.61622003326073,321.80420702373715,48588900
2020-08-31,321.6844787597656,323.517088692937,321.4542502514148,322.64223722364346,66099200
2020-09-01,324.71429443359375,324.81558148751446,321.6200086611954,322.5132963995055,54908700
2020-09-02,329.4110107421875,330.37795938167653,325.4786892390397,326.6206419236981,69540000
2020-09-03,318.0744934082031,328.19532906675,315.495917398797,327.7256539431089,148011100
2020-09-04,315.4775695800781,320.32155893623025,308.3865193279406,318.7560217314167,139156300
2020-09-08,306.8577880859375,315.54202965407626,306.55389879011744,310.0809875272591,114465300
2020-09-09,312.91741943359375,315.37624441716423,309.98889114735533,310.8545526760322,91462300
2020-09-10,307.4840393066406,315.4407229555937,306.5262807206502,314.78688177765224,90569500
2020-09-11,307.6405334472656,310.32039660205055,304.8225388111135,309.2613511061483,84680200
2020-09-14,311.6925964355469,313.46076397555305,307.78792941912315,310.79930858274395,65605700
2020-09-15,313.2674560546875,314.97112516922874,311.70189037183303,314.1423078505726,52920900
2020-09-16,312.0241394042969,315.92880641145365,311.74784829653964,314.5014007189514,82096000
2020-09-17,309.2797546386719,310.99266929417666,306.65514411572747,307.18007184112935,91523300
2020-09-18,305.7192077636719,310.1942716478776,303.2412847248806,310.0833240814501,105877900
2020-09-21,302.3166809082031,302.46462040076045,297.4717824473857,301.1424482202814,99450800
2020-09-22,305.39556884765625,305.9503348545205,301.2903399000604,303.7960278580259,63612100
2020-09-23,298.3130798339844,306.22765682115056,297.8137877286705,305.95025977750316,93112200
2020-09-24,299.1082458496094,302.15941605078405,295.68721289484193,297.0001579503366,76681300
2020-09-25,303.9439392089844,304.7298270780176,297.38852490576954,298.25762343564503,71069400
2020-09-28,308.9921875,309.7041195983492,307.1059949203024,308.0953240484511,64584600
2020-09-29,307.30950927734375,309.5285451633514,306.6160587994306,308.78887594020625,51304000
2020-09-30,309.639404296875,312.78303963585523,307.7809486868671,307.97510684690087,104081100
2020-10-01,311.6274108886719,313.1992150632846,309.7504726983646,312.2283956676877,88698700
2020-10-02,308.66864013671875,311.59963625667905,306.2184543549931,306.69000965854815,89431100
2020-10-05,314.1423034667969,314.3272066536649,310.675051276602,310.7212700191764,45713100
2020-10-06,309.67645263671875,316.37057974539914,309.16793362544905,314.28097349200937,90128900
2020-10-07,315.06689453125,315.87129250041943,312.5981986311307,312.62593551915137,56999600
2020-10-08,317.85919189453125,317.9239207082548,316.08394633419226,316.99932011187576,45242500
2020-10-09,320.6977233886719,321.1600236881462,318.8855141153723,319.50498071538817,59528600
2020-10-12,325.85699462890625,327.32710625079835,322.7410950073578,323.23113221465513,80388500
2020-10-13,323.7303771972656,325.8939389787219,322.7687847777624,325.718262626604,73255500
2020-10-14,321.6962890625,325.39469156684834,320.96587488382295,324.30366960004284,57727900
2020-10-15,321.29876708984375,321.7795493315503,317.25826624569703,317.79452227619373,60357700
2020-10-16,321.1045837402344,324.3036942490065,320.9289073505997,322.64865110187765,89501900
2020-10-19,316.22259521484375,322.9906487706289,315.32573168859045,322.3619272638812,68425600
2020-10-20,317.48931884765625,320.72542054305353,316.8051235185024,317.56327447111846,60051900
2020-10-21,316.88836669921875,319.6066946596672,316.58323270677243,317.4431044735385,63575000
2020-10-22,318.62652587890625,319.2090286374741,314.9651162463488,317.1009408833877,55399300
2020-10-23,319.7083435058594,319.9025017003484,317.25815794875194,319.8470279304944,49143900
2020-10-26,313.8002624511719,317.11957576154066,310.31449956101216,316.3336594798121,91473000
2020-10-27,312.7183532714844,314.47508841544396,312.5056850182194,314.1422458102279,65994100
2020-10-28,302.0300598144531,312.7461782493359,301.54002258547484,307.0598897426626,127094300
2020-10-29,305.09967041015625,308.2617881868608,300.57836060996675,302.26114022168764,90597700
2020-10-30,301.91900634765625,304.8314918083679,298.27607870942455,303.52780192819796,120287300
2020-11-02,305.3031005859375,307.30021286282704,302.56626275236454,305.3031005859375,86068300
2020-11-03,310.69354248046875,312.7461569674992,305.3863439975958,308.5299804346644,93294200
2020-11-04,317.6373291015625,321.7055664962755,313.9851450876126,315.1593778065313,126959700
2020-11-05,323.8321228027344,325.63510535784354,322.5561693903892,322.90752215223176,82039700
2020-11-06,323.7581787109375,325.0063952769409,321.4374219661164,323.54551039577217,74973000
2020-11-09,327.8263244628906,336.90590740925865,327.3640242503452,336.5268178489835,172304200
2020-11-10,327.3455505371094,328.39958037530033,324.0817120840673,326.8370033607283,85552000
2020-11-11,329.77734375,330.6002236995473,328.28872195189047,329.52768350264563,58649000
2020-11-12,326.578125,329.82348168786507,324.7751710085161,328.76942360523407,67546200
2020-11-13,331.0994873046875,331.8391565132532,327.965077662347,328.48285175165734,62892200
2020-11-16,335.2325134277344,335.4266716919651,332.47719293015194,333.7624015654056,74541100
2020-11-17,333.429443359375,334.63144099542336,331.3213552496351,332.8284586496354,66111000
2020-11-18,329.4166259765625,334.2430411433111,329.3796340603069,333.6975302989405,70591300
2020-11-19,330.80364990234375,331.17348455309883,327.4473447190055,328.7880270716397,59940900
2020-11-20,328.538330078125,330.7481391320541,328.4643744428736,330.5447258643978,70417300
2020-11-23,330.5076904296875,331.7651617960009,328.1129784945893,330.34126910985094,63230600
2020-11-24,335.8334045410156,336.37891546594994,332.1997312419318,333.0503479254816,62415900
2020-11-25,335.3155517578125,335.7778519127398,334.22453016415915,335.7501150321066,45330900
2020-11-27,336.2494201660156,336.72094715510167,335.241580958537,336.4065864235232,28514100
2020-11-30,334.76080322265625,335.7408773444086,332.0887228617469,335.4727353400609,83872700
2020-12-01,338.4222106933594,339.9570506637227,337.41439969563044,338.0061574648824,74231400
2020-12-02,339.1341552734375,339.2913215247088,336.73944385887,337.31269153585873,45927000
2020-12-03,339.0417175292969,340.42861810719086,337.94144081350913,339.0324624961436,62882000
2020-12-04,341.96343994140625,341.96343994140625,339.53173654287355,339.62420221979386,50749900
2020-12-07,341.26080322265625,341.75084037057263,339.99410502237635,341.1960744141505,48944300
2020-12-08,342.2593688964844,342.82336164005824,339.9478677180988,339.9940864550397,42458900
2020-12-09,339.1896667480469,343.0729715480787,338.35753202065183,342.9158052793327,74098300
2020-12-10,339.07867431640625,340.12344894159907,336.9520767206813,337.8212032501109,57735400
2020-12-11,338.68115234375,339.0879788216525,335.8703871356922,337.38671728522763,57698600
2020-12-14,337.1648254394531,341.91725738932104,336.9891490851876,340.8447456280566,69216200
2020-12-15,341.7230529785156,341.7230529785156,338.3297853661233,339.69817587761173,63865300
2020-12-16,342.2593688964844,343.1747143338236,341.0573713537836,341.935753088197,58420500
2020-12-17,344.1732482910156,344.37666151029305,343.07297154354643,343.895879454076,64119500
2020-12-18,342.79901123046875,344.62823947679175,340.7933577976849,344.4611087749372,136542300
2020-12-21,341.57330322265625,351.4158499609156,336.15991810187626,338.88983270358017,96386700
2020-12-22,340.9976806640625,342.0097878229692,339.87415302334546,341.8983673411588,47949000
2020-12-23,341.30419921875,343.20769903686835,340.97920384235437,341.9634561227385,46201400
2020-12-24,342.6319274902344,342.659782611028,341.19269902115246,341.7776565578183,26457900
2020-12-28,345.575439453125,345.9654111690172,344.5540377310399,345.1761449139129,39000400
2020-12-29,344.9161376953125,347.27464186044676,344.3311518128284,347.09821664709926,53680500
2020-12-30,345.4082946777344,346.4389909289521,345.0183229457008,345.7332900123292,49455300
2020-12-31,347.1632385253906,347.8875000497571,344.7026082398412,345.2132949330659,78520700
2021-01-04,342.43695068359375,348.6210426946345,338.7506384714175,348.4910332362678,110210800
2021-01-05,344.7954406738281,345.8818471316903,341.7498244688002,341.7962685644844,66426200
2021-01-06,346.8567810058594,350.04170094295614,342.743347597711,343.29118386394964,107997700
2021-01-07,352.0102233886719,352.75304553896814,349.0481726001441,349.22459781978796,68766800
2021-01-08,354.0158996582031,354.2294461631156,350.15316189053533,353.39376410680273,71677200
2021-01-11,351.6295166015625,353.3844459686813,350.72882987062206,350.84954484541544,51034700
2021-01-12,351.70379638671875,352.7159036317569,349.4660070637659,351.8152452148604,52547700
2021-01-13,352.6509704589844,353.64448885267797,350.8495967307079,351.6295686022009,45303600
2021-01-14,351.4158935546875,353.8951124303812,351.0816321351394,353.3936919642144,49989100
2021-01-15,348.85321044921875,350.5988454547158,346.9961266104406,349.80031300572944,107160000
2021-01-19,351.5923767089844,352.1309468672761,349.82815280679114,351.3045309935299,51233300
2021-01-20,356.4579162597656,357.29359819142803,353.48657123958117,353.87654291716206,61836100
2021-01-21,356.78289794921875,357.44218304043847,355.86365062010475,357.0150334029827,47840100
2021-01-22,355.5200500488281,356.6807271719311,354.5543587480902,354.9350642448892,52860500
2021-01-25,356.92218017578125,357.2750022410849,351.415906011499,356.25362897614195,70402000
2021-01-26,356.3651123046875,358.2779063977357,356.1329768241054,357.8693456849632,42665300
2021-01-27,347.65533447265625,353.14301984374345,345.4268398473695,353.05015999751345,123351100
2021-01-28,350.6452331542969,354.6379514307327,349.0295795422171,349.465966970764,94198100
2021-01-29,343.62542724609375,349.75380801800657,341.9540352154757,348.7881167338835,126765100
2021-02-01,349.3453369140625,350.3760048440203,343.91336101234145,347.01468762606163,75817600
2021-02-02,354.2851257324219,355.83580306474755,349.42887007201125,352.52090191367535,64450700
2021-02-03,354.56365966796875,356.281467508707,353.2915620518551,355.11149587959494,52427100
2021-02-04,358.5935974121094,358.64001317221204,354.6751494739212,355.59439688401244,47142600
2021-02-05,360.0049743652344,360.710675281438,358.54718510912704,360.4599791681368,48669800
2021-02-08,362.6049499511719,362.651365717002,360.5992958060615,361.45353858793885,38365200
2021-02-09,362.3634338378906,362.95771418565323,361.3606211720995,361.769153490128,35551100
2021-02-10,362.20556640625,364.24836966450124,359.8099410732521,364.09979957873327,59154400
2021-02-11,362.7904968261719,363.7004778361302,360.36701674347415,363.2826227627068,42913300
2021-02-12,364.5826110839844,364.8240126465975,361.9176727161063,361.9919719175586,50593300
2021-02-16,364.2669677734375,366.0033648900088,363.55200072791945,365.80835069289986,50972400
2021-02-17,364.35052490234375,364.6012209832248,361.5091609681263,362.52129645099154,52290600
2021-02-18,362.7997741699219,363.542596113311,360.03271000764204,361.75051763067523,59712800
2021-02-19,362.1591491699219,364.34122801938736,361.71343891444184,364.05338233465426,83241000
2021-02-22,359.3735656738281,361.77848576262124,359.1042805920692,359.401420796986,67414200
2021-02-23,359.8100280761719,361.156425322424,353.03168275296207,357.1729721740489,107284100
2021-02-24,363.7747497558594,364.20189931472817,357.7392290684119,358.72348094434057,72433900
2021-02-25,355.00933837890625,363.8769286831077,353.5701100677541,362.5119712403062,146670500
2021-02-26,353.18011474609375,358.0271036542426,351.20234468696304,356.8850154751008,152701600
2021-03-01,361.7413330078125,362.98560406297776,353.3751899411778,358.03645997578053,105348800
2021-03-02,358.9185485839844,362.19629994312015,358.41712808705853,361.9641644974679,79595300
2021-03-03,354.1644592285156,359.18784590388924,354.0623048857202,358.22218274333903,119940200
2021-03-04,349.7817077636719,356.5600515760826,345.306129482108,353.9787065028338,183433000
2021-03-05,356.2164611816406,357.26571784913307,346.01179684391315,353.27297148908974,152039600
2021-03-08,354.4429931640625,359.977094609663,354.16444194612137,357.17290844727864,123149200
2021-03-09,359.5035400390625,362.04773549523804,357.7764375613555,358.2778580660894,113633600
2021-03-10,361.7413330078125,363.4312860296286,360.43211389392627,361.8434873497362,109899400
2021-03-11,365.4090881347656,367.37759240388004,363.7469902205475,364.2019950148293,86245000
2021-03-12,365.90118408203125,366.0404596864284,363.2455681020347,364.05339494438545,64653600
2021-03-15,368.0832824707031,368.34327305827475,364.01626458616573,366.15189953144346,73427200
2021-03-16,367.61895751953125,369.401741761804,366.84825201962127,368.6960693202915,73722500
2021-03-17,368.8725280761719,369.6710604301495,365.1954821103504,366.33759873657715,97959300
2021-03-18,363.50555419921875,368.37110416522074,362.8277084837041,366.2911796002453,115349100
2021-03-19,362.83294677734375,364.77995178052817,360.66234252833834,363.205574280837,113624500
2021-03-22,365.7301330566406,367.1088860050199,363.2893903689639,363.34528306947146,73778600
2021-03-23,362.8515625,366.5406230570263,362.0690362260645,365.09668084256,90686600
2021-03-24,361.0069885253906,365.8791772373448,360.9604207531097,364.2489071923662,97588600
2021-03-25,363.0379333496094,363.8297562145069,357.6347344917859,359.57244319585334,116128600
2021-03-26,368.88824462890625,369.28881849367565,363.5875351124933,364.18373344592686,114409100
2021-03-29,368.7019348144531,369.60557150137186,365.9351320456119,367.4163456691813,108107600
2021-03-30,367.7237243652344,368.3944651831491,366.1306971541533,367.4349359437374,76262200
2021-03-31,369.2143249511719,370.7700812685605,368.26412040470916,368.2920667610857,112734200
2021-04-01,373.2014465332031,373.25736766767085,370.93770669938243,371.14265609357545,99682900
2021-04-05,378.5580139160156,379.0983479190761,375.7819150666603,375.8564291896752,91684800
2021-04-06,378.3345031738281,379.3778716395841,377.66376224160524,377.9991469225459,62021000
2021-04-07,378.7723693847656,379.11705058317233,377.7103794337197,378.16684605543014,55836300
2021-04-08,380.5703125,380.6262052108521,379.089098803099,380.02068189018087,57863100
2021-04-09,383.3370056152344,383.50471212941807,380.3280113007407,380.44912161611995,61104600
2021-04-12,383.47686767578125,383.74700629608895,382.1353857837753,382.74090909191403,56704900
2021-04-13,384.61328125,385.2374542676468,382.99233619082685,383.3742885703342,56551000
2021-04-14,383.2998352050781,385.63808919365846,382.7595011466084,384.58539585907903,61659900
2021-04-15,387.4173889160156,387.687555926274,385.38654494981597,385.433112724498,60229800
2021-04-16,388.7123107910156,389.31783402254797,387.28699001478793,388.70298586402646,82037300
2021-04-19,386.8025817871094,388.2279026853113,385.4797498055928,387.7807610260529,78498500
2021-04-20,383.97052001953125,386.69072605086455,382.498603179726,385.5914650988826,81851800
2021-04-21,387.6037292480469,387.80867863656937,383.2159530341772,383.3557132219947,66793000
2021-04-22,384.0636291503906,388.2650766586937,383.00163954615294,387.4359827535034,97582800
2021-04-23,388.2278747558594,389.6345741269456,384.54813911119874,384.6226532391619,73209200
2021-04-26,389.038330078125,389.60661044348035,388.29307511302295,388.87997690212677,52182400
2021-04-27,388.9544677734375,389.5320730309627,387.81793554032805,389.3364201598553,51303100
2021-04-28,388.8427734375,390.34263698563,388.3769818956655,389.2247259133634,51238900
2021-04-29,391.32073974609375,391.9355879172904,387.9484139465216,391.56296041556226,78544300
2021-04-30,388.74957275390625,389.90475500080083,387.8552610382918,389.057011063111,85527000
2021-05-03,389.5880126953125,391.1157939955126,389.0942748542552,390.7338415630485,68128300
2021-05-04,387.1845703125,388.0975320013042,383.504834060297,387.6037940867692,101591200
2021-05-05,387.3056335449219,389.0570141395226,386.7466780571217,388.8241183887439,60162200
2021-05-06,390.3985595703125,390.5289664285822,385.3773127188648,387.3802108160868,74321400
2021-05-07,393.23974609375,393.8918654572951,390.4822688320736,391.16233454379056,67733800
2021-05-10,389.3457946777344,393.81738162988034,389.2246843410474,393.59381081117,81852400
2021-05-11,385.87103271484375,386.85850853881635,382.00496848744234,384.836989107153,116888000
2021-05-12,377.67303466796875,384.36179320441613,376.3594993403955,383.0948540805935,134811000
2021-05-13,382.2098693847656,384.1382530041698,379.1728997288725,379.21949593633536,106394000
2021-05-14,388.078857421875,388.9266014154042,384.9114807136324,384.9394270681594,82201600
2021-05-17,387.0914001464844,387.9019013257999,385.07917723544665,386.9703182241895,65129200
2021-05-18,383.75628662109375,387.59440386559174,383.597905008926,387.3521831986254,59810200
2021-05-19,382.7501525878906,382.92715562063444,377.5985000735296,379.07974196431326,106467100
2021-05-20,386.8677062988281,388.1253487720792,383.504706017484,383.6257879012821,78022200
2021-05-21,386.551025390625,389.58799485674376,386.09455884988506,388.3489736323711,76578700
2021-05-24,390.49176025390625,391.5630752968103,388.5447262590458,388.78694699957975,51376700
2021-05-25,389.6253662109375,391.92637795689376,389.0477891493854,391.57237177602906,57451400
2021-05-26,390.3985595703125,390.901594004632,389.1781879116937,390.2122315674567,43088600
2021-05-27,390.60345458984375,391.9356114927395,390.3239626244938,391.4232522007512,56707700
2021-05-28,391.3021545410156,392.4293620777178,391.0692587771713,392.1685199593985,58520200
2021-06-01,390.9573974609375,393.7987138563774,390.51955237272466,393.65898211112926,54216600
2021-06-02,391.572265625,392.4107130596126,390.6034397848831,391.60953690489885,49097100
2021-06-03,390.1190185546875,391.2555509981351,387.7993858877597,389.26197808041053,58138800
2021-06-04,393.68695068359375,393.98506404338684,390.18418978016194,391.963516582505,55938800
2021-06-07,393.3050231933594,393.85465374362394,392.3734402072181,393.6776507018846,51555000
2021-06-08,393.388916015625,394.2552814880263,391.563021073544,394.162117490748,47134300
2021-06-09,392.80194091796875,394.30180423460956,392.5783701098852,394.2272616788116,48436300
2021-06-10,394.62786865234375,395.5781015257895,392.7088099094243,394.0223453765083,51020100
2021-06-11,395.27996826171875,395.3917536695252,393.89191873202867,395.1775077811149,45570800
2021-06-14,396.16497802734375,396.26743850654356,394.1527554254345,395.39174825118516,42358500
2021-06-15,395.4383850097656,396.3513182077345,394.5626946646038,396.31407535492747,51508500
2021-06-16,393.2304382324219,395.8016160944157,391.19029786804174,395.5780452993392,80386100
2021-06-17,393.1000061035156,394.07815669865414,390.63131730130516,392.82054262766223,90949700
2021-06-18,387.7969970703125,390.5167474088944,387.5913771677302,389.82512979232945,118676300
2021-06-21,393.3486022949219,393.53553981527546,388.7408804970825,389.55400451756464,72822000
2021-06-22,395.4516296386719,396.28346475320944,392.61969941589416,393.33938339648705,57700300
2021-06-23,394.9749450683594,396.3301424887815,394.8908317268986,395.5263737663793,49445400
2021-06-24,397.3115234375,397.73209014648296,396.8628904252522,397.1152589733079,45110300
2021-06-25,398.7227783203125,399.17141131218983,397.73207208724824,398.0591985278256,58129500
2021-06-28,399.5266418457031,399.69486854958024,398.0499376849995,399.2462640059079,53159600
2021-06-29,399.7415771484375,400.5453458904214,399.20883078354126,399.9098038354574,35970500
2021-06-30,400.0780944824219,400.75102986074927,399.25561473972493,399.28365252537725,64827900
2021-07-01,402.2930908203125,402.4519905914438,400.76963819499144,400.83506919032,53441000
2021-07-02,405.36810302734375,405.72326732240344,402.3772728272661,403.4521211484216,57697700
2021-07-06,404.6296081542969,405.63902514839896,401.9005028468746,405.4240498479031,68710400
2021-07-07,406.05963134765625,406.34003766118167,403.30248799530796,405.31193822358387,63549500
2021-07-08,402.7510986328125,403.50814726468866,399.57333123869796,400.7509751205796,97595200
2021-07-09,407.0502624511719,407.3493510546698,402.5546920571489,404.25572640155195,76238600
2021-07-12,408.5083923339844,408.76076088893643,406.5363351584208,406.9662573135737,52889600
2021-07-13,407.1157531738281,409.21867209378087,406.8540577380294,407.72325737950405,52911300
2021-07-14,407.7232971191406,409.29349840963926,406.4802508086064,408.8074721795963,64130400
2021-07-15,406.3307800292969,407.0597909836697,404.4334804606937,406.3868556009662,55126400
2021-07-16,403.1436462402344,407.55510476141916,402.75111727654803,407.50838463044124,75874700
2021-07-19,397.1900329589844,403.20905730096297,394.38614069493224,398.3302836206056,147987000
2021-07-20,402.8819274902344,404.1530401378472,397.0591676686946,397.85360950811923,99608200
2021-07-21,406.14373779296875,406.2839552086843,402.8351658262947,404.078212041571,64724400
2021-07-22,406.9942932128906,407.23730633204167,405.3400070746696,406.3213579405747,47878500
2021-07-23,411.1814880371094,411.51794144372303,408.23740663856285,408.9196688873081,63766600
2021-07-26,412.19085693359375,412.20021236866125,410.5459261537889,410.5926462837905,43719200
2021-07-27,410.31231689453125,411.1815167783755,407.4897133470735,411.15347899253123,67397100
2021-07-28,410.1439514160156,411.51785959844165,408.72332311063053,410.93839316496434,52472400
2021-07-29,411.8450012207031,412.91982079238494,411.05991487644866,411.06927031045103,47435300
2021-07-30,409.8450012207031,411.29366769297104,409.1533549658099,409.284216981458,68951200
2021-08-02,408.9850769042969,412.10674026622047,408.62991264660883,411.5553115323718,58783300
2021-08-03,412.3123474121094,412.43385397257424,407.5924735593852,409.7795060797524,58053900
2021-08-04,410.2842102050781,412.2843051456388,410.0505525213927,411.0319033838049,46732200
2021-08-05,412.8824768066406,412.96659014888616,411.12536648595767,411.4431375086628,38969700
2021-08-06,413.5647277832031,413.9853230057107,412.9198303207797,413.20023664333985,46930000
2021-08-09,413.2283020019531,413.8544886377314,412.4618979342041,413.53671760242094,41222600
2021-08-10,413.742431640625,414.45276030625917,412.99473827245396,413.6770006271748,43339300
2021-08-11,414.7703552246094,414.86382398659487,413.6861803354337,414.8077484339359,44034300
2021-08-12,416.01348876953125,416.15370620330873,413.72366049428854,414.62089804805976,38909400
2021-08-13,416.77056884765625,416.7892511950456,415.9761269822574,416.46212471839107,39470300
2021-08-16,417.7518615722656,417.88269503110484,413.91987021373245,415.4713605109986,73740000
2021-08-17,415.0134582519531,415.87330259419554,412.03198379117543,415.2003672937734,92673900
2021-08-18,410.47113037109375,415.5648794226537,410.2281457688839,414.004033503329,89351900
2021-08-19,411.10662841796875,412.30298304453,407.6111188768107,407.7513077712783,92812200
2021-08-20,414.3778991699219,414.7050256555393,410.96650244315384,411.45252871527185,72008700
2021-08-23,418.0229797363281,418.92957275106846,414.4526832434195,416.0602493564847,54973000
2021-08-24,418.6865539550781,419.2193003480419,418.17251843232447,418.6865539550781,38744700
2021-08-25,419.5650939941406,420.0791294982954,418.49960124676494,418.87347636542324,40529700
2021-08-26,417.08831787109375,419.5183349461485,416.9948490937456,419.2846772641112,57829600
2021-08-27,420.8174743652344,421.1913209422029,417.8360001384459,417.89207569885787,77235100
2021-08-30,422.6680908203125,423.4531772582027,421.24743377041483,421.4904469021432,48357400
2021-08-31,422.0418395996094,422.9110393113264,421.44369077915854,422.57458594782264,59300200
2021-09-01,422.2662353515625,423.49059956655356,422.0325776231646,422.97656397314705,48721400
2021-09-02,423.5653076171875,424.36907636322894,422.3689814101181,423.686814177093,42501000
2021-09-03,423.4625244140625,423.97658848478034,422.032540383355,422.43445331796556,47170500
2021-09-07,421.9484558105469,423.2102132231523,421.2755204253354,423.1167444291313,51671500
2021-09-08,421.4342956542969,422.14462405168274,419.51828577257527,421.4156133100836,56181900
2021-09-09,419.6306457519531,422.9859676920251,419.3876325594251,421.2382122477359,57970400
2021-09-10,416.3218994140625,421.9764037145198,416.2003928599835,421.5558370150139,89948200
2021-09-13,417.3873596191406,419.57442052650157,415.07882068151736,419.3127250750678,83738600
2021-09-14,415.1349792480469,419.032373751366,414.24706856986353,418.8267538323482,78197100
2021-09-15,418.6023864746094,419.09773958576324,414.4526240434599,415.55548138185304,78792200
2021-09-16,417.9388732910156,419.05105771787464,414.99476341128366,418.0790622084627,77786700
2021-09-17,413.8677062988281,417.59007902636665,413.5114041887088,417.1681649070518,118425000
2021-09-20,406.96673583984375,409.32954038102963,402.10981691745377,407.7543373535724,166445500
2021-09-21,406.582275390625,410.59530867420943,406.0572077545702,409.3013817803459,92526100
2021-09-22,410.5484619140625,412.5831207202877,406.69483696311266,408.85136298150707,102350100
2021-09-23,415.53662109375,417.1399803704705,412.17993634176355,412.41434258074156,76396000
2021-09-24,416.2210693359375,416.9336734105124,413.68947068134617,413.9051347076099,62094800
2021-09-27,415.0303649902344,416.35239112758217,414.33650299714867,415.1897452245322,61371100
2021-09-28,406.66668701171875,412.5924834545763,405.9353407086728,412.2643090052773,130436300
2021-09-29,407.35113525390625,409.7795802277792,406.7885546104285,408.0449684995728,82329200
2021-09-30,402.3723449707031,409.52639859565073,402.034785142796,408.82317995272075,140506000
2021-10-01,407.15435791015625,408.83271503099166,400.5816247121807,404.09771921406895,129240100
2021-10-04,401.903564453125,406.8917073430287,399.7657521393978,405.9915954205408,128570000
2021-10-05,406.08538818359375,408.3262970264828,402.6068074886927,403.4037658375677,90682500
2021-10-06,407.7731018066406,407.97938044868795,400.8721956255004,402.49426854273986,113032200
2021-10-07,411.29852294921875,414.1301397145414,410.86722352719846,411.0453745390407,72437500
2021-10-08,410.5484619140625,412.45186810178103,409.92026919841044,412.06743842451107,74557400
2021-10-11,407.57623291015625,412.79881127574237,407.5105922896659,409.89216791478833,65233300
2021-10-12,406.57293701171875,408.89825725037673,405.7853354665387,408.4950853785661,71181200
2021-10-13,408.03564453125,408.8513737107969,404.62270437794365,407.59495963247764,72974000
2021-10-14,414.89910888671875,415.049132337177,411.22360588560923,411.6924184380236,70236800
2021-10-15,418.0588684082031,418.42455590539737,416.38989699593026,417.0087329506892,66260200
2021-10-18,419.29644775390625,419.6339789561459,415.62094584996555,416.2772946730389,62213200
2021-10-19,422.5313720703125,422.59698407803893,420.30917663549167,420.9186558175996,46996800
2021-10-20,424.1909484863281,424.49099536699856,422.8782791509517,422.99078957769177,49571600
2021-10-21,425.29736328125,425.5223841474882,423.1595792098458,423.59087874148474,41305400
2021-10-22,424.8567199707031,426.310056178352,422.915828967084,424.86610537906506,58845100
2021-10-25,427.13507080078125,427.46324528395957,424.1722008875209,425.9442973142117,45214500
2021-10-26,427.51959228515625,429.89178297485955,427.1445479155925,428.6822670290704,56075100
2021-10-27,425.62548828125,428.6446418796485,425.55046225853243,427.9789361517596,72438000
2021-10-28,429.7322998046875,429.80729721502064,427.0413206145411,427.050677407055,51437900
2021-10-29,430.60430908203125,430.89497056169455,427.14447031928165,427.435131798945,70162400
2021-11-01,431.3450012207031,431.96383713747196,429.61977470154915,431.5887642564896,48433600
2021-11-02,433.0889892578125,433.398421537022,431.38250486096626,431.51378609797507,48908400
2021-11-03,435.73309326171875,436.1362651463071,432.08571825925554,432.5264031559585,52509800
2021-11-04,437.78643798828125,437.87082079414984,435.98618562096254,436.33310224976924,52847100
2021-11-05,439.305419921875,441.29318025230174,437.79585747597196,440.00863863956613,66390600
2021-11-08,439.6805114746094,440.8994412181432,438.9960634954237,440.40250108208477,50405200
2021-11-09,438.2272033691406,440.2806045314554,436.8207657847632,440.0461982673925,51149100
2021-11-10,434.70172119140625,438.2272005366199,433.2202862022842,436.53945827784827,69429700
2021-11-11,434.84234619140625,436.2675545379645,434.8236039920207,436.19252851233256,34848500
2021-11-12,438.1240234375,438.6772187538003,435.1611250038921,436.1081354103615,53466700
2021-11-15,438.2740173339844,439.56794432499424,437.1488845782679,439.40856410960447,46980500
2021-11-16,440.0086669921875,441.1431852512349,437.9365237158013,438.01152112700873,48857500
2021-11-17,438.9397888183594,439.9242836397509,438.3209528739824,439.7461325975495,47858300
2021-11-18,440.4305419921875,440.69307581212365,437.25197993727926,439.9710863467691,50625600
2021-11-19,439.64300537109375,441.5651251990252,439.27731788187225,440.31806790988196,57315600
2021-11-22,438.40533447265625,444.0029569483632,438.19905582510415,441.5182563851529,72762000
2021-11-23,438.9866027832031,439.83984487309516,435.47989482517465,438.0771054886185,73206500
2021-11-24,440.1586608886719,440.28055671099236,436.17375483241744,436.9894839645097,61858800
2021-11-26,430.341796875,434.9642817891199,429.21663530001194,433.5015889100639,112669600
2021-11-29,435.62060546875,437.4583425612124,432.9296261441328,435.1236653350825,86268800
2021-11-30,427.14447021484375,435.0861556207731,426.9006785426518,433.18277789277585,148559600
2021-12-01,422.4000549316406,435.6862135337651,422.2031616971008,432.84521097923056,131939200
2021-12-02,428.8696594238281,430.43550572803196,422.22190176024696,422.6157168413784,127637800
2021-12-03,425.1379089355469,431.58874442702455,420.9185967447433,430.5292522904625,137331600
2021-12-06,430.1730041503906,432.0482542479885,425.2692148441158,427.6789180869,98977500
2021-12-07,439.0710144042969,439.633595102183,430.0416814760553,435.4424103932935,95484700
2021-12-08,440.2336730957031,440.68374339000826,437.7114595944113,439.46484235390875,72238800
2021-12-09,437.26141357421875,440.3368223530035,437.06452034105865,438.94912708653544,61272600
2021-12-10,441.3775329589844,441.52755637554407,437.4113979747184,439.9617388281514,77159800
2021-12-13,437.4676818847656,441.20879629669554,437.1863772299923,440.86187964178026,87724700
2021-12-14,434.4579162597656,436.6894683893485,431.5419161774256,434.20476780499797,97264100
2021-12-15,441.2463684082031,441.49013147147207,432.0013702393154,434.51422720060384,116899300
2021-12-16,437.3551940917969,443.3747305871484,435.80808994562267,443.0934545318682,116568600
2021-12-17,432.7005310058594,437.2828031601146,430.9974694601213,434.2812684547361,135511600
2021-12-20,428.0994567871094,428.4946267975632,424.4863302615028,427.62899715542244,107134800
2021-12-21,435.70196533203125,435.8430974441347,429.3507618562461,431.5148641473523,69806300
2021-12-22,440.0584411621094,440.17134685592566,435.25032979357655,435.44794347232624,58890200
2021-12-23,442.7966003417969,444.29265848850883,440.9524066704167,441.0558940038796,56439700
2021-12-27,449.06304931640625,449.11008378457836,444.12322414632985,444.17025861450196,56808600
2021-12-28,448.69610595703125,450.5214913868531,447.93396375035627,449.4958929694086,47274600
2021-12-29,449.27008056640625,450.28626060152465,447.8022490075834,448.7996209971791,54503000
2021-12-30,448.028076171875,450.70028317333333,447.5670349664784,449.693492768275,55329000
2021-12-31,446.89892578125,448.68666632067624,446.6260799179109,447.5387725895835,65237400
2022-01-03,449.4864501953125,449.61819265083415,445.8545162929149,448.15975083339737,72668200
2022-01-04,449.3359069824219,451.6223622300133,447.4822951975026,450.9072545217483,71178700
2022-01-05,440.7076416015625,449.7404696581306,440.61354395954817,448.9689091940095,104538900
2022-01-06,440.2936706542969,443.0035221624816,437.9319546066855,440.2466361867598,86858900
2022-01-07,438.552978515625,441.47925183914367,437.1980527186537,440.3031029677847,85111600
2022-01-10,438.0072326660156,438.22362566846715,429.62364055153137,435.36325245373706,119362000
2022-01-11,441.9967041015625,442.0908017452963,434.7516162526011,437.74376052174716,74303100
2022-01-12,443.1916809082031,445.2429062617321,441.2345819172256,443.7280116585806,67605400
2022-01-13,437.0851135253906,444.9417931268879,436.0595152339108,444.2925567024861,91173100
2022-01-14,437.2639465332031,437.6120820227763,432.7287093594842,433.9425030975037,95890900
2022-01-18,429.5201721191406,432.7851627070061,428.4098944174529,432.5781593461344,109709100
2022-01-19,425.0602111816406,432.45582165960354,424.7873365975809,431.0632797435182,109357600
2022-01-20,420.3556213378906,431.6372325182061,418.2385532953383,426.9420552480534,122379700
2022-01-21,412.103759765625,421.58821170548157,412.0755333410702,419.2359139440063,202271200
2022-01-24,413.85382080078125,414.3619251147175,395.901098425589,406.50524550753806,251783900
2022-01-25,408.80108642578125,413.7409112645625,401.9135523304981,407.47438716618876,167997300
2022-01-26,407.7755432128906,417.80574473347866,403.5225703047687,414.6818862839636,186391100
2022-01-27,405.7619934082031,415.50051303405485,404.07776868651825,412.3672646800451,149878300
2022-01-28,415.8391418457031,415.88617630742215,402.5439524748477,407.11680479333506,164457400
2022-01-31,423.3289489746094,423.6770844746201,413.82565957531546,415.17116710249303,152251400
2022-02-01,426.1893310546875,426.82914917104256,420.5343978995624,424.0534262540882,123155400
2022-02-02,430.3293762207031,431.05387362428513,426.28340667304684,428.58867006151223,117361000
2022-02-03,420.21453857421875,426.20818954221386,419.3771066671292,424.30754301354284,118024400
2022-02-04,422.1904296875,426.0293671450485,417.6081293545503,419.97926396514714,118454400
2022-02-07,420.8354797363281,424.3450895509773,419.50878037886775,422.95254768054906,84472900
2022-02-08,424.29803466796875,425.2201456654425,418.91597660458353,420.33677354523064,81012000
2022-02-09,430.5081787109375,430.82808779311625,428.12765428405766,428.325239275932,92589900
2022-02-10,422.7737731933594,430.66806944150386,420.7790293131962,424.67441942143387,140103700
2022-02-11,414.4372253417969,424.92846773085336,413.00703862428105,422.85846290665194,153214600
2022-02-14,413.082275390625,415.5098626456239,409.6197001412661,413.9291255162954,123006300
2022-02-15,419.7440490722656,419.91340763201026,416.99655245102997,417.51407522523783,88482700
2022-02-16,420.21453857421875,421.5882726253458,415.8298514674891,417.7022715675266,84863600
2022-02-17,411.23809814453125,420.186247943638,410.63592485416507,417.0341632264874,102259100
2022-02-18,408.5753173828125,412.74358216810356,406.3076988713617,411.49214366579196,132642900
2022-02-22,404.1906433105469,409.7702869392554,400.6998126141375,406.37358261467153,124391800
2022-02-23,397.02081298828125,407.66260537056274,396.4562558034865,407.098048185768,132578000
2022-02-24,402.9956359863281,403.42847944353576,386.3790300752348,386.7365552102814,213942900
2022-02-25,411.8872985839844,411.97197784953823,402.5815957478885,404.22820402320997,121804500
2022-02-28,410.83349609375,412.3107459178309,405.25385292778066,406.5052626502716,145615000
2022-03-01,404.57635498046875,411.3415647709706,401.8758933767992,409.3374027412006,137785900
2022-03-02,412.01910400390625,413.7409734291532,406.07248803205465,406.82521187285215,117726500
2022-03-03,409.9678955078125,415.04885343146157,408.17073639481583,414.446680076633,105501700
2022-03-04,406.6370544433594,407.7661402300269,402.60050312317946,406.2418557535522,113978200
2022-03-07,394.6496887207031,406.7593128666358,394.5838174926232,406.0536235461076,137896600
2022-03-08,391.65753173828125,401.9699958852327,390.5942886794115,394.82842415766316,164772700
2022-03-09,402.1582946777344,404.1342308190661,397.8394788240876,400.0224183462174,116990800
2022-03-10,400.3423156738281,401.23617169428314,395.6000748169369,397.5571741386675,93972700
2022-03-11,395.25189208984375,403.4378710075181,394.7437877372273,402.82627933719436,95636300
2022-03-14,392.3632507324219,399.4671781987032,391.2247467020312,396.0234396841189,95729200
2022-03-15,400.9914855957031,401.62188528128036,393.69936293232934,394.9695806826798,106219100
2022-03-16,409.8831481933594,409.939601038674,399.7023972745846,404.49170046381727,144954800
2022-03-17,415.0111999511719,415.0111999511719,407.5967527483876,407.9731146505722,102676900
2022-03-18,419.5567321777344,419.87763507524926,412.66669551110175,413.4028912886427,106345500
2022-03-21,419.43402099609375,421.3877523283893,415.93234592986585,419.3868116069883,88349800
2022-03-22,424.3419494628906,425.276343887646,420.82140820007544,420.82140820007544,74650400
2022-03-23,418.8771667480469,423.3037890750717,418.79222440449075,421.8125310374547,79426100
2022-03-24,425.19140625,425.2008538879378,419.7832096061072,420.8969363393452,64736900
2022-03-25,427.2679443359375,427.54166664957455,423.247167191328,425.8238668662759,77101300
2022-03-28,430.3070983886719,430.3070983886719,424.7856157896072,426.6733001787727,68529800
2022-03-29,435.6303405761719,436.12115693733773,431.5057549157547,434.18626321308204,86581500
2022-03-30,432.9404296875,435.30003519309184,430.83565120715195,434.4883159212036,79666900
2022-03-31,426.2768859863281,432.9970375414447,425.823831381212,432.17589947274035,121699900
2022-04-01,427.4849853515625,427.99463935727147,423.9172632927216,427.8530688001301,89048800
2022-04-04,431.1470947265625,431.2509323439472,426.86207198374484,427.683210068739,59601000
2022-04-05,425.7011413574219,432.11925672118474,424.5591003737765,429.65584243367965,74214500
2022-04-06,421.44439697265625,423.71906006741074,418.5656898647818,421.7936427720497,106898000
2022-04-07,423.56805419921875,425.38024389891154,418.6223302828864,420.56664291276263,78097200
2022-04-08,422.43548583984375,425.3236408416978,420.8970183524694,422.8130169818533,79272700
2022-04-11,415.21502685546875,420.0097320215141,414.7147916975716,419.16969873165914,89770500
2022-04-12,413.6766052246094,420.71765996000386,412.12869019333453,418.19758861647455,84363600
2022-04-13,418.4146423339844,419.16970449840653,413.25182485427155,413.4311571589825,74070400
2022-04-14,413.2046813964844,419.7549485147844,413.1008437773758,418.64119283709516,97869500
2022-04-18,413.3745422363281,415.0545800894282,411.14705981320014,412.27968190004844,66002500
2022-04-19,420.0475158691406,420.76481631207815,413.10082271070314,413.2707073837323,77821000
2022-04-20,419.7359924316406,422.43539568830266,418.5750851378038,421.8219041129893,65224400
2022-04-21,413.4595031738281,424.73842874926703,412.55342274585064,423.3509795921558,85417300
2022-04-22,402.114501953125,413.47834025677906,401.5481909244776,412.3740611145033,132471800
2022-04-25,404.4457702636719,404.6156549215308,395.31880487171003,399.87757815067505,119647700
2022-04-26,392.73272705078125,402.1145203899857,392.70441293823944,401.9162927984164,103996300
2022-04-27,393.83697509765625,399.169705902769,391.7039115793856,393.8086609873536,122030000
2022-04-28,403.78515625,405.5124037214935,394.1485348093446,398.57515732733924,105449100
2022-04-29,388.8629455566406,401.95403088704296,388.11730223189977,399.80207204922027,145491100
2022-05-02,391.2037048339844,392.56283983474725,382.2749373532382,388.92904179526005,158312500
2022-05-03,392.9969787597656,395.40376459664327,390.1465571793375,391.7039196895496,100028200
2022-05-04,404.9649353027344,405.53124638806986,390.4769516548114,393.65769528593023,144247900
2022-05-05,390.5713195800781,401.1329155913623,386.4467339742489,400.7081751004019,172929100
2022-05-06,388.24005126953125,391.50573725161655,382.9451102963641,388.01353835630266,151770800
2022-05-09,375.80963134765625,383.5868812355381,374.23340232623997,382.35045035687074,155586100
2022-05-10,376.677978515625,383.2754262479383,372.6477827083813,381.7747206128694,132497200
2022-05-11,370.69403076171875,381.35001745771194,369.94838734516037,375.7152782695393,142361000
2022-05-12,370.3070373535156,373.5727232304534,363.5208097766853,367.5038249274551,125090800
2022-05-13,379.1602783203125,380.53827982576547,373.3933876739787,374.43161982347493,104174400
2022-05-16,377.621826171875,381.2839385536254,375.27166828724563,377.5180173546355,78622400
2022-05-17,385.3896484375,385.62560898408395,379.9719747013643,383.70016285890136,83029700
2022-05-18,369.85400390625,381.12348248197793,368.6175728842904,380.84034133335325,117674500
2022-05-19,367.5887756347656,372.005979027499,365.3707407010665,366.79595164216687,98510700
2022-05-20,367.7492370605469,374.7336635050742,359.1697150107811,371.1659411793916,131432200
2022-05-23,374.6298522949219,375.3943621595535,368.45711634736125,370.7695124155736,76414900
2022-05-24,371.7699890136719,372.9592105064328,365.2291411864955,370.5146628553773,91448800
2022-05-25,375.05450439453125,377.0177119551158,369.88226848328026,370.27866600739725,91472900
2022-05-26,382.5486755371094,384.18153289436907,376.073931942696,376.2815783765453,82168300
2022-05-27,391.93994140625,392.0531978674875,384.8044963104918,385.0026951176574,84768700
2022-05-31,389.74078369140625,393.07254576990726,387.0036468547426,390.3259612932842,95937000
2022-06-01,386.5883483886719,392.86489366619827,384.07772451690533,391.8550043373775,86585800
2022-06-02,393.9502868652344,393.9974674509903,384.1815149003103,386.4278638148007,79609600
2022-06-03,387.4849548339844,390.7884022780611,386.51279859544996,389.240487364167,71874300
2022-06-06,388.6648254394531,393.21412339545446,387.49444141094756,391.48690467497266,57508900
2022-06-07,392.3929138183594,392.8459684053957,384.7194727728496,385.1819749982957,59272400
2022-06-08,388.12677001953125,392.4684496696644,387.333946070098,390.6845741806073,64350000
2022-06-09,378.89599609375,388.6175587452947,378.89599609375,386.3523433395128,86289800
2022-06-10,367.9096374511719,373.55382355387263,367.862456867888,372.70437142833873,132893900
2022-06-13,353.9408264160156,360.3683895194282,352.3362831480851,358.5184668650851,170004900
2022-06-14,352.8742370605469,356.71568127410126,349.7784361620524,355.68689685396777,104011800
2022-06-15,357.905029296875,362.34107104293935,351.22260935386237,356.16833403207096,125666800
2022-06-16,346.0596923828125,350.1087829653544,343.63401132773026,349.70293778443306,134473300
2022-06-17,346.8057861328125,350.1424810150499,343.3079900767023,346.47403747740344,111113900
2022-06-21,355.5361328125,356.9200870230244,352.4459063417937,352.521756092844,76811900
2022-06-22,354.8914794921875,358.99595685720385,350.90071887328156,351.3178056312109,90059400
2022-06-23,358.3703308105469,359.1002181811548,353.4696047412398,357.02430174493765,79292100
2022-06-24,369.7643127441406,369.77380119326506,361.507944524138,361.5363809433128,98050300
2022-06-27,368.35198974609375,370.97771602411575,367.2618882407592,370.6838633295004,66009600
2022-06-28,360.825439453125,372.68391795995,360.7116937770823,369.9065216331798,86548900
2022-06-29,360.5316467285156,362.3611241546952,358.71165775298255,361.3753088463661,65676000
2022-06-30,357.6025390625,360.8349471944622,353.1567954408799,356.6451313576215,112508300
2022-07-01,361.384765625,361.8208293565842,354.33224330989844,356.94850998659183,74839700
2022-07-05,362.0672302246094,362.0862071237408,353.4790840960441,356.30389388763615,81438000
2022-07-06,363.2900695800781,365.7736135029027,359.8301699411462,362.2094276989218,70426200
2022-07-07,368.7310791015625,369.5273277554807,363.30898013880693,365.06263643850446,64525900
2022-07-08,368.42779541015625,370.29519752923926,365.5745491503481,367.10068528955685,72397800
2022-07-11,364.2190246582031,366.7215164411496,363.5270331899998,365.7546492181339,58366900
2022-07-12,360.99609375,366.0485198112267,359.251925711996,363.6692331147653,62219200
2022-07-13,359.1002197265625,362.02931552702955,355.1474128412304,355.56449960571507,84224600
2022-07-14,358.22821044921875,359.30882348190096,351.71600904471353,354.1521398256336,89704800
2022-07-15,365.07220458984375,365.1859502897795,360.72125799807424,362.6265563284071,79060400
2022-07-18,362.0577697753906,368.825898190188,360.8349458407432,368.1528836213448,63203600
2022-07-19,371.84027099609375,372.4090283274704,365.31861090466685,365.97264856832055,78506000
2022-07-20,374.2100830078125,375.62250240338216,370.6648741646818,372.02988023942527,71843800
2022-07-21,378.0207214355469,378.068105826219,371.2336162126565,373.6318507302927,64903900
2022-07-22,374.513427734375,379.33833343517273,372.29530007355766,378.1439748043947,72197300
2022-07-25,374.9684143066406,375.8215358224329,372.7313098957775,375.1390328241593,53631500
2022-07-26,370.5322265625,373.537114847819,369.64118001606494,373.3285714235852,52946400
2022-07-27,380.153564453125,381.8977324950311,373.5275888700464,373.82144153900765,82342100
2022-07-28,384.92156982421875,385.61353235014826,377.4140367716771,380.95927437369363,73966600
2022-07-29,390.5332336425781,391.5190777399874,385.5850941133151,386.35290637404563,87003700
2022-08-01,389.3768310546875,391.8793520889404,387.1302667656035,387.84120629648845,69997500
2022-08-02,386.80792236328125,391.49064571833276,385.63251176391105,387.8127144423944,63435400
2022-08-03,392.8650817871094,394.0310037637521,388.64683022919735,388.9311943873553,67820600
2022-08-04,392.5997009277344,393.4717703766951,390.9597903262571,392.7892674075008,45656600
2022-08-05,391.9361877441406,392.5807659148732,388.26774474140564,388.3246175842232,56814900
2022-08-08,391.481201171875,395.87007236927724,390.3816112599049,393.6235081493515,53886100
2022-08-09,389.92657470703125,391.25365582181684,388.85542136603334,390.7512597952123,44931800
2022-08-10,398.1166687011719,398.25887975700465,395.0169826060676,396.96969430070163,68665700
2022-08-11,398.1166687011719,402.81836986156515,397.37729270930276,400.96042696654627,59489700
2022-08-12,404.8563232421875,404.9605804756404,399.10244636975136,400.0503656332881,61694500
2022-08-15,406.5246887207031,407.0460617331619,402.5908291054767,402.6477019536426,54048300
2022-08-16,407.3208923339844,409.2451671553258,404.6477532437864,405.45349035046,59289000
2022-08-17,404.42974853515625,407.1313242254354,402.42965277199465,403.7282975362389,63563400
2022-08-18,405.60516357421875,406.2876376325339,403.3396227828059,404.62877901944364,49023200
2022-08-19,400.1546630859375,403.11216664311075,399.28256461046794,402.84675039895933,68016900
2022-08-22,391.82244873046875,395.5003802457015,390.9219138235221,395.3297327861423,77695600
2022-08-23,390.87451171875,393.7846307828097,390.3247023494631,391.39585573923233,49105200
2022-08-24,392.125732421875,393.4907094010359,389.96447788992435,390.64695191540625,49177800
2022-08-25,397.6616516113281,397.7090360070508,392.52391605971974,393.614017515164,50942300
2022-08-26,384.201171875,398.0881839321778,384.1442990308555,397.547891912805,103087000
2022-08-29,381.6607360839844,384.70354880710715,380.3052184856568,381.25313774516417,65370800
2022-08-30,377.4709167480469,383.0541750206006,375.3760233037477,382.81719520790887,85652400
2022-08-31,374.59869384765625,380.34308175251573,374.4660002053889,379.1013099434974,76029700
2022-09-01,375.774169921875,376.1154069737023,369.7264403478649,372.4280160542996,78740100
2022-09-02,371.8118896484375,380.6465052435593,370.00136015495065,379.4331695900639,99632100
2022-09-06,370.408935546875,373.5939303427136,368.19080797230174,372.6554995418325,76637400
2022-09-07,377.0633544921875,377.83116684452074,369.87813861226584,370.0961415467539,70964200
2022-09-08,379.5279235839844,379.98290632149366,373.59393967123003,374.79781566335777,80821700
2022-09-09,385.4239807128906,386.28659071940456,381.4995810521483,381.7649972904449,76706900
2022-09-12,389.56634521484375,390.28677304617617,387.1870588242466,387.4903999035653,69256300
2022-09-13,372.6270446777344,382.10623671263886,371.5085069603833,380.90236081015905,122947100
2022-09-14,374.0489501953125,375.5656268148488,370.7501807174359,373.9257160615463,85023700
2022-09-15,369.80230712890625,375.3381528851013,368.53209861998994,372.4943947202488,87633800
2022-09-16,366.9810791015625,367.63783250475103,363.6973120856197,365.6295206827052,103084800
2022-09-19,369.82696533203125,369.82696533203125,363.76392058262684,363.84008189633505,73278500
2022-09-20,365.58197021484375,367.51415006942193,362.8312448574466,366.505230286068,77274900
2022-09-21,359.20477294921875,370.55036925173334,359.1952455228189,367.504555601014,106746600
2022-09-22,356.1875,360.0708846733697,355.44508694272207,358.4337649769324,89472600
2022-09-23,350.21966552734375,352.7609904104437,345.78421269474035,352.7229097506912,122346900
2022-09-26,346.75506591796875,352.3707580104209,345.53674617910787,348.7538794551558,92581200
2022-09-27,345.869873046875,352.5515910179344,343.4808127042095,350.2862710344236,108294100
2022-09-28,352.6753845214844,354.36008362291216,345.1275119459914,346.82173847556913,110802200
2022-09-29,345.3083190917969,349.42013004160674,342.3672197883283,349.13459770031216,112952300
2022-09-30,339.9686279296875,348.2779675279083,339.8353891876637,344.36600021604005,153711200
2022-10-03,348.9442443847656,350.7907644280534,341.90083208876825,343.6807182327434,89756500
2022-10-04,359.7568054199219,359.7853586515844,348.90614168269303,354.4551993806732,103602800
2022-10-05,358.9192199707031,361.17501250579096,353.07510228982494,355.397528717206,88065700
2022-10-06,355.2167053222656,360.47070383972516,354.72174385776447,357.5200770483229,82333500
2022-10-07,345.3083190917969,355.30235769557754,343.547458861724,351.19051769873397,107789500
2022-10-10,342.6717834472656,346.65988314467035,340.43504562807703,346.42192984075376,76042800
2022-10-11,340.5016784667969,345.5367789247286,338.5694986420496,340.97758511374974,92482800
2022-10-12,339.3784484863281,342.4813682302242,339.1309678057882,340.91088255478394,76991800
2022-10-13,348.33502197265625,349.80082219820514,331.3356258487721,332.3826260098785,147254500
2022-10-14,340.3969421386719,352.4183468938871,339.7592145462475,350.7907254903841,123737000
2022-10-17,349.14410400390625,350.24821073516875,340.0637984886666,346.4695113964719,93168200
2022-10-18,353.2464294433594,357.35826934412756,349.81036876588746,357.0536821558411,97162900
2022-10-19,350.7431945800781,353.9317748856679,347.9353337780581,351.2095737934234,79746900
2022-10-20,347.8020324707031,354.71220495349155,347.0405645534775,350.29577817467606,88283100
2022-10-21,356.254150390625,356.7395553428867,346.0221590756883,347.5260110650035,131038400
2022-10-24,360.6134948730469,361.74615500669046,355.1310410528587,357.77710987202045,85436900
2022-10-25,366.3719482421875,366.6860338162217,360.4231157662592,360.5373287022716,78846300
2022-10-26,363.6116638183594,368.9037428227225,362.97396524839513,363.23094435236135,104087300
2022-10-27,361.6700134277344,366.44810554176166,361.0513115703601,364.6111129190357,81971800
2022-10-28,370.2742614746094,370.7501679471963,361.38433205232855,361.56517883567363,100302000
2022-10-31,367.5997619628906,369.68423516133385,366.69555686556424,367.81868945232327,96631300
2022-11-01,365.9911804199219,371.5783479860967,364.8204688405162,371.34039469961164,85407600
2022-11-02,356.8061218261719,369.90307753005027,356.7014363425113,365.40099174508543,126990400
2022-11-03,353.1322021484375,356.16848838692556,351.0191758170607,353.5700280593983,87100100
2022-11-04,358.2148742675781,360.61343287804317,352.170855133582,358.8335469874606,103505200
2022-11-07,361.6413879394531,362.2315073959389,357.4343613850076,359.5093069084671,68286900
2022-11-08,363.5926513671875,366.5623039769019,359.5188919325988,362.74552365571884,84641100
2022-11-09,356.1018371582031,362.77405623568103,355.60687575970667,361.62234147920316,78495500
2022-11-10,375.6711730957031,376.0043135418382,367.0572748219786,369.351119187772,141455800
2022-11-11,379.3070373535156,380.1065568499029,374.6431300540452,376.5277303971915,93839900
2022-11-14,376.08038330078125,380.89655521020984,375.8043493716394,377.5461835918774,71903500
2022-11-15,379.2880554199219,382.9239890323085,375.48080239259394,381.8198821687392,93194500
2022-11-16,376.3945007324219,378.61221246717844,375.76630060291683,377.66039937041876,68508500
2022-11-17,375.2427978515625,375.91860608551974,371.34038726892305,371.6449453937852,74496300
2022-11-18,376.946533203125,378.640759324959,374.10062138676545,378.57412543802,92922500
2022-11-21,375.5760192871094,376.74676014271114,373.7390265271548,375.6236273819445,51243200
2022-11-22,380.6300964355469,380.7919174617573,376.1089836932025,377.5176776993283,60429000
2022-11-23,383.0287170410156,383.5141220670557,380.0685626038953,380.2969884985024,68261600
2022-11-25,382.9430236816406,383.4950916496888,382.19111210524926,382.4671170422372,30545400
2022-11-28,376.8324279785156,381.4963075976525,376.0709598680813,379.85918746901655,67881600
2022-11-29,376.18511962890625,378.1553507626501,374.34809818392904,376.96558433179973,52310000
2022-11-30,388.03521728515625,388.03521728515625,374.519486615748,376.4326114888511,144566700
2022-12-01,387.74969482421875,390.2434409456629,385.2464212750172,389.07270016589297,76398200
2022-12-02,387.3023376464844,388.2065428165103,382.76219884695456,382.86688436312187,85342700
2022-12-05,380.3349914550781,385.41766990087285,378.98343312541476,384.4849116571129,77289800
2022-12-06,374.85260009765625,380.7157732131678,372.76815579992063,380.1732617355015,77972200
2022-12-07,374.2148742675781,376.5753814167961,373.0822142567911,374.0054742055746,65927900
2022-12-08,377.146484375,378.21251059995166,374.3195977744953,376.0995130057314,60737900
2022-12-09,374.3291320800781,378.45999830118234,374.2053917040091,375.909145637889,81447700
2022-12-12,379.72589111328125,379.72589111328125,374.45283780553007,375.11908962319546,75405800
2022-12-13,382.6003112792969,390.70974839855415,379.84005911089247,390.45276931962,123782500
2022-12-14,380.1541748046875,385.9602409589763,377.21307559103866,382.257673780074,108111300
2022-12-15,370.85498046875,376.20416598654884,369.1988348015829,375.2999318308924,117705900
2022-12-16,366.4765930175781,369.6415593936089,364.34432159505855,368.302907769073,119858000
2022-12-19,363.3690185546875,367.0025351167428,361.70526779936387,366.6678648941245,79878100
2022-12-20,363.8662414550781,365.482194633709,361.2941043449694,362.61364283927566,74427200
2022-12-21,369.3068542480469,370.4351440513577,365.92195565770254,366.457416214542,78167400
2022-12-22,364.038330078125,369.28777027212345,358.34902428686854,366.2662256920997,100120900
2022-12-23,366.1324157714844,366.2758375341586,361.46623322301946,363.0152466207401,59857300
2022-12-27,364.68853759765625,366.3618594408892,363.0152157544233,366.01764723973866,51638200
2022-12-28,360.1562194824219,366.59134742365524,359.92674469166934,364.6215818081712,70911500
2022-12-29,366.6391906738281,367.5093216045126,362.4702133125497,362.9961320141737,66970900
2022-12-30,365.6734313964844,365.8168531569802,361.84869548769285,363.961883087202,84022200
2023-01-03,364.1339416503906,369.4981190554035,361.2749320892196,367.52838265402187,74850700
2023-01-04,366.94512939453125,368.9722345195995,363.34986872415914,366.3905264117615,85934100
2023-01-05,362.7571105957031,365.1093151949147,362.1642811518745,364.99457777745386,76970500
2023-01-06,371.0758056640625,372.19455357778276,362.785708249104,365.84547897836046,104189600
2023-01-09,370.86541748046875,376.4495562925387,370.6837694128646,373.2654480450159,73978100
2023-01-10,373.46630859375,373.5332484725184,369.34515816722075,370.2822289287242,65358100
2023-01-11,378.1898193359375,378.26633038365287,374.2312334389066,375.0439955334967,68881100
2023-01-12,379.5667419433594,381.0297021014003,375.2256881711222,379.2894696301709,90157700
2023-01-13,381.0392761230469,381.61299228704434,376.10536380133436,376.3730941204777,63903900
2023-01-17,380.3412780761719,382.6935115955875,379.6623956443495,381.0201896884126,62677300
2023-01-18,374.3365173339844,382.58839108041985,374.1357268363352,381.52704069813575,99632300
2023-01-19,371.611328125,373.94439001524745,370.29178966269103,372.2997525257694,86958900
2023-01-20,378.53411865234375,378.6871115907864,371.36273880270227,373.0073764154368,91806400
2023-01-23,383.07598876953125,385.0074698849866,378.3811219727352,379.3373059432333,84178800
2023-01-24,382.664794921875,383.57315208650715,380.21696655885887,381.4026252152029,59524900
2023-01-25,382.80828857421875,383.14295882633485,376.31579073268307,378.6010846087599,84800300
2023-01-26,387.0154113769531,387.1779754700334,382.5022224600164,385.4663982164665,72287400
2023-01-27,387.9046630859375,390.2760095744735,385.762820567528,385.97318218490153,68346200
2023-01-30,383.0377502441406,387.37883383343035,382.7413355345612,385.1509087422322,74202000
2023-01-31,388.669677734375,388.717475261581,383.2098461559824,383.5540875652921,86811800
2023-02-01,392.80035400390625,395.54462644508357,384.7206171548962,387.45528923844535,101459200
2023-02-02,398.5183410644531,399.9813013244029,394.78922953717114,396.68245506156615,101654500
2023-02-03,394.28240966796875,398.69997431086017,393.07760869975664,393.55570061661354,94736800
2023-02-06,391.87286376953125,393.2689133762878,390.2186841761235,391.834637420615,60295300
2023-02-07,396.998046875,398.2410744328294,389.71192928803475,390.95495684586416,90990700
2023-02-08,392.65692138671875,396.3669196696717,391.9684677962696,395.02826801613645,76227500
2023-02-09,389.2529602050781,396.40522738183785,388.0290457920925,396.25223443266196,78694900
2023-02-10,390.16131591796875,390.5437836705012,387.2640796514173,388.0768126828916,70769700
2023-02-13,394.74139404296875,394.875273798094,390.3525133608386,390.81149214644563,64913500
2023-02-14,394.5597229003906,396.864100329501,390.6106788806823,393.22104214899304,88389300
2023-02-15,395.84100341796875,395.9174852871057,391.52860488743005,392.3700513500147,61555700
2023-02-16,390.3907775878906,394.8179138959173,390.25692701019995,390.8784407346895,76431500
2023-02-17,389.4154968261719,389.6545428210452,386.34612524209655,388.2680643786122,89257800
2023-02-21,381.6034851074219,386.4513451946088,381.34532592151567,385.39953691428894,82655900
2023-02-22,381.07757568359375,383.5540887169433,379.62415734279705,382.01461731866567,83742300
2023-02-23,383.1046447753906,384.577176151522,378.88787027584414,383.965204449082,96242400
2023-02-24,379.01220703125,379.84408241701556,376.39227228887677,378.0942785897589,108194400
2023-02-27,380.3030090332031,383.707021167783,379.3659383654355,382.3492272761536,80444700
2023-02-28,378.8974304199219,381.78509520813367,378.7922350201957,379.82492994288907,96438600
2023-03-01,377.4440002441406,379.3085704071732,376.14360422634064,378.08465625730815,99706800
2023-03-02,380.3794860839844,381.22093252105213,375.13958820432623,375.47425838003477,85127800
2023-03-03,386.47998046875,386.7285976253681,381.54606794616154,382.1962660076362,90120000
2023-03-06,386.7477722167969,389.59721125223996,386.30793571482315,387.3023461383792,72795900
2023-03-07,380.8193664550781,386.93896700217493,380.20742390861926,386.699921017692,108310600
2023-03-08,381.44091796875,382.1962822868647,379.21299300204765,380.93414163742426,74746600
2023-03-09,374.40338134765625,383.88873887527785,373.41851305631604,382.2249589763906,111945300
2023-03-10,369.0009765625,375.9333106680976,367.4806474809918,373.85837851710613,189253000
2023-03-13,368.4749755859375,373.28460811867615,363.9713580532645,365.0805347641921,157790000
2023-03-14,374.5659484863281,376.21058604424246,370.0909854321958,373.3898317252391,149752400
2023-03-15,372.2232360839844,372.4240265155613,366.8972852061237,368.98178810972763,172996900
2023-03-16,378.7539978027344,379.0982391870772,369.36429390384325,369.87107021323396,143254200
2023-03-17,374.3253479003906,378.55821591341066,372.94318572096427,377.4256197444262,140553400
2023-03-20,377.9247131347656,378.33746367070916,374.40214170963634,375.1028011958168,93055800
2023-03-21,382.8871154785156,383.3670321413763,379.690854100462,381.28418093617404,91524200
2023-03-22,376.3601989746094,386.3232727268631,376.3218267349629,382.71431965042825,111746600
2023-03-23,377.37762451171875,383.25179889041164,374.6708879123496,379.22048781510506,119351300
2023-03-24,379.8540344238281,379.9404159071664,373.7590870150187,376.1010826470393,107682400
2023-03-27,380.5642395019531,382.89665633801565,379.67160169490063,382.1287722364247,74010400
2023-03-28,379.7099914550781,380.564227707631,377.8767066648121,379.87314668350865,62871700
2023-03-29,385.2290344238281,385.46899270747423,382.6662670661032,383.8660584843338,77497900
2023-03-30,387.4846496582031,388.1085353397573,385.6225710265115,387.8589693504225,69840000
2023-03-31,392.94610595703125,393.2436518891425,388.3004877505952,388.4060846284512,112062600
2023-04-03,394.4434509277344,394.84656445369103,392.03426030988214,392.42779542260035,67391100
2023-04-04,392.2550354003906,395.3744932102715,390.8824517022873,395.0865256835199,66601500
2023-04-05,391.2279968261719,392.2838191469049,389.577082640603,391.52554275858984,65200200
2023-04-06,392.75408935546875,393.03244914257624,389.3850659655968,390.43128047849984,63743300
2023-04-10,393.1573181152344,393.2341211854021,389.6635400091113,390.2778181115092,63681000
2023-04-11,393.2628173828125,394.66416550169424,392.49496262249465,393.78113545650683,59297900
2023-04-12,391.65985107421875,395.61438771141377,391.0743669935976,395.3264202310962,86420400
2023-04-13,396.8622741699219,397.21740780284637,391.602377161458,392.744581127332,85814800
2023-04-14,395.8927917480469,398.4171577397506,393.58919793642514,396.22873922494233,78161500
2023-04-17,397.3133850097656,397.3325711300684,394.5778543396015,395.80643975007484,66436400
2023-04-18,397.5725402832031,399.0218979297028,396.1999857035815,398.8875072085601,63560000
2023-04-19,397.50537109375,398.4075874340768,395.60489064257166,395.6624782963843,55227300
2023-04-20,395.3361511230469,397.08305478926667,393.79080425161,394.693049912546,75840400
2023-04-21,395.64324951171875,396.10395069254025,393.6947893230702,395.6336418065236,73457400
2023-04-24,396.05596923828125,396.4782981802782,394.1075090570705,395.44166194381876,64332100
2023-04-25,389.76904296875,394.6450119030647,389.7114553215701,394.088292257947,97766700
2023-04-26,388.1181335449219,391.4583635816679,387.56144318468967,390.3833550986097,80447000
2023-04-27,395.8448486328125,396.11360078097556,390.4025810177756,390.65214704527966,92968400
2023-04-28,399.2234191894531,399.23302689490464,394.9041697532796,394.9617574024191,89433100
2023-05-01,398.8203430175781,400.8455772162606,398.589963107647,398.78194148395835,62122300
2023-05-02,394.33782958984375,398.1579758951747,391.4391441559721,398.1099666648256,103998500
2023-05-03,391.6311340332031,397.24616414474065,391.39117573178515,394.83697342513307,91531800
2023-05-04,388.857177734375,390.9112052798367,387.52299570222164,390.5848655498766,94901900
2023-05-05,396.05596923828125,397.1021838881152,392.22624422840113,392.48538864162396,87891800
2023-05-08,396.16156005859375,396.64147667611564,394.76021173712985,396.3823322476967,50046800
2023-05-09,394.42425537109375,395.53766541370464,394.1939047732381,394.61623373049684,49220100
2023-05-10,396.26715087890625,397.88927136463667,392.44700411687967,397.25577792419296,96142900
2023-05-11,395.5760498046875,395.8639880395315,393.5028066384593,395.4032868637811,70157100
2023-05-12,395.0577087402344,397.0253842033069,392.6389398327061,396.8142197460938,70481500
2023-05-15,396.4207458496094,396.82385941720236,393.75241054660967,395.66246936913564,54289400
2023-05-16,393.7715759277344,396.2383543170176,393.761968222226,395.31689334176326,57705500
2023-05-17,398.5515441894531,399.1562144912637,394.14591338269895,395.78721992832476,87287000
2023-05-18,402.390869140625,402.8131980774416,398.01403224251106,398.23477512417634,97177200
2023-05-19,401.80535888671875,403.82101441184767,400.58638129995114,403.29311788250186,103793300
2023-05-22,401.96856689453125,403.50430592203884,400.58640469895295,401.8245977682805,60745400
2023-05-23,397.4573669433594,401.9013998007867,397.0638317760762,400.32725913165393,86383500
2023-05-24,394.5778503417969,396.238372422446,393.4164603018304,395.85444497777297,89213700
2023-05-25,397.994873046875,399.44423070710803,395.84485582251955,398.0812545290906,90961600
2023-05-26,403.1491394042969,403.86901432087706,398.5707454798897,398.6475192492727,93830000
2023-05-30,403.30267333984375,405.60626696953454,401.9205113036728,405.0783704702366,72216000
2023-05-31,401.0663146972656,402.3812815149699,399.50178187032054,401.4790359496369,110811800
2023-06-01,404.87689208984375,405.93271458460026,400.04893173325473,401.29670331410193,88865000
2023-06-02,410.7318420410156,411.5188830151562,406.92130300774403,407.44919955900986,91426200
2023-06-05,409.94476318359375,412.36353228842165,409.2440744066445,411.0773593229492,65460200
2023-06-06,410.83740234375,411.3652988856477,408.8793344192004,409.53204325524,64022200
2023-06-07,409.4168395996094,412.3635345526036,408.9945106484148,411.2309384070294,85373300
2023-06-08,411.8932189941406,412.344341762355,408.71617349799953,409.4840283285931,61952800
2023-06-09,412.63226318359375,414.63831094166113,411.6436362158996,412.689850828952,85742800
2023-06-12,416.37567138671875,416.45247445367045,412.89150113320926,413.6113761039967,76104300
2023-06-13,419.1207275390625,419.76379931662035,417.1722675057486,417.8345546921649,95899700
2023-06-14,419.619873046875,421.4243641568749,416.1740753599218,419.45671780561304,100612100
2023-06-15,424.8222351074219,426.07000671204355,418.70810151955646,418.8040614185362,110303100
2023-06-16,423.37518310546875,427.3732818174655,422.90312715218045,426.80488011436864,114165800
2023-06-20,421.1785583496094,422.3250049416328,419.107257409602,421.4386947666536,76160400
2023-06-21,419.02056884765625,420.9955241203809,418.43288044222425,420.19591625792975,76982300
2023-06-22,420.53314208984375,420.6391018260277,417.72964857046975,418.0668439684426,70637200
2023-06-23,417.3538513183594,419.1361444036858,416.6409458444642,417.08410091737835,92074500
2023-06-26,415.64874267578125,418.7027001286234,415.40789299777055,416.78554609984883,72823600
2023-06-27,420.20556640625,420.82212620155866,416.0725783167209,416.5253768197751,72813700
2023-06-28,420.4175109863281,421.4290677123489,418.509971256602,419.1265310456325,75636000
2023-06-29,422.0744934082031,422.2382840858477,419.5985816622902,420.0031925590313,67882300
2023-06-30,427.05535888671875,428.0380149404403,424.9647708481831,425.2827088718478,104964000
2023-07-03,427.5466613769531,427.82602579498047,426.4291155030701,426.70850932168867,32793400
2023-07-05,426.91082763671875,427.6430199831629,425.7258367708566,425.7354801650757,58418400
2023-07-06,423.56781005859375,423.9917077726785,421.06296794825374,423.3366038147622,80658300
2023-07-07,422.49847412109375,426.4388005460157,422.2576244540767,422.5755624788719,86134200
2023-07-10,423.56781005859375,423.7412147414674,421.5735680037754,422.1419696202549,62443500
2023-07-11,426.2653503417969,426.7566930521444,423.3558970583311,424.32893908451956,64463800
2023-07-12,429.6950988769531,431.10168221706397,428.6257403792626,430.0515811101132,91924500
2023-07-13,433.10546875,433.89546265173254,431.07271183277675,431.50622355890425,72425200
2023-07-14,432.83575439453125,434.83961069702235,432.07466121110787,433.9918445617416,69815800
2023-07-17,434.338623046875,435.3887239970372,432.6430320958501,432.6912196663996,52680200
2023-07-18,437.5660400390625,438.2115006773749,433.5775554716282,434.01109662916457,80668200
2023-07-19,438.53912353515625,439.7240851833683,437.48899302327555,438.35607542028504,65891700
2023-07-20,435.6296081542969,438.442745236727,434.91670253914305,437.5467915202886,70591600
2023-07-21,435.6296081542969,437.5467915202886,435.6199941598992,437.34445662901965,71275600
2023-07-24,437.5756530761719,438.38490436691495,435.74517222742827,436.7760157789645,54023400
2023-07-25,438.7702331542969,440.02263949533193,437.2576903912355,437.30587795856155,55191200
2023-07-26,438.83770751953125,440.263518637083,436.7856637889011,437.83576473919794,71052900
2023-07-27,435.9282531738281,442.62388566589414,435.0226560753175,442.2192452897237,92194400
2023-07-28,440.1961364746094,441.024645224626,435.9282579906258,439.1941936182639,80011800
2023-07-31,441.03424072265625,441.39069349037516,439.35790721415856,440.66814456102355,62040400
2023-08-01,439.77215576171875,440.5139620189602,438.81837125887813,439.569820909262,55291500
2023-08-02,433.65460205078125,436.9205079074881,432.90315234388123,436.6604008783812,93933400
2023-08-03,432.41180419921875,434.29044314301314,430.995607146359,431.6410971149184,64276100
2023-08-04,430.45611572265625,436.32320952695244,429.9358722590493,434.2230076857938,100128900
2023-08-07,434.2133483886719,434.3674956833761,431.5929031798807,432.28655130575453,58357500
2023-08-08,432.32513427734375,434.2037733620173,428.9724964679823,431.67964426037906,71361300
2023-08-09,429.4349060058594,432.7586427817327,428.67381291504086,432.5948520910791,78789600
2023-08-10,429.5890197753906,435.1671052071516,428.42331584667255,431.7855671339231,93005500
2023-08-11,429.33856201171875,430.3501481391964,427.1227570858758,427.7200594884635,68690900
2023-08-14,431.70855712890625,431.70855712890625,428.11509896255956,428.4233935882657,47867400
2023-08-15,426.6795654296875,430.29230971707324,426.11113445595447,429.93582758422366,75707500
2023-08-16,423.548583984375,427.9223925566891,423.44259484772283,426.26534575201464,80107200
2023-08-17,420.3211975097656,425.27305119137833,419.8009540161682,425.01294414487614,95711300
2023-08-18,420.5235290527344,421.55437270930423,417.1612770258868,417.50808644271694,98852000
2023-08-21,423.2595520019531,424.00135836533855,419.3867000805202,421.5350602162778,68719000
2023-08-22,422.113037109375,425.0321333206804,421.5542789285874,425.0321333206804,64994200
2023-08-23,426.814453125,427.431042301619,423.0283039267051,423.17280782729074,68441000
2023-08-24,420.89923095703125,428.9243284062607,420.8703007742917,428.41372832126285,88517300
2023-08-25,423.8664855957031,425.1477928046301,419.0783933508206,422.62369316256587,102325100
2023-08-28,426.55438232421875,427.1709421526019,423.8664919427265,426.05339622552776,61595400
2023-08-29,432.72015380859375,432.9995476574254,426.2653709047112,426.44841900560834,83081900
2023-08-30,434.5023498535156,435.1381963666506,432.35396069855597,433.0572521601873,69053900
2023-08-31,433.8665771484375,436.2557869248091,433.6835290574293,435.11898360214246,66084600
2023-09-01,434.6758117675781,437.06505085275637,433.2210704898494,436.5833515582069,58944100
2023-09-05,432.7971496582031,434.5505420529184,432.72973410501413,434.23263347174435,55166200
2023-09-06,429.8876953125,432.09388618903915,427.5659013158959,431.98789706191957,70758500
2023-09-07,428.56787109375,429.24223247025344,426.5447281630559,426.8915375451562,70355400
2023-09-08,429.21337890625,430.7451793135571,428.25962359995947,428.61607641541775,61659700
2023-09-11,432.0361022949219,432.34436749416994,430.12856253408137,431.83376742594476,60180100
2023-09-12,429.6661376953125,432.11317840274216,429.0881220484013,430.59102153155527,67565400
2023-09-13,430.1671142578125,431.3231749266096,428.78943192828973,429.8877204342684,60199300
2023-09-14,433.876220703125,434.569868937207,431.3328634452209,432.633457559199,83430800
2023-09-15,428.6487121582031,432.6222625307114,428.2136712808251,432.2935551441486,111848900
2023-09-18,428.9000549316406,430.1955590603149,427.86557530879384,428.3392962837647,55752200
2023-09-19,428.0106201171875,428.57137880593234,425.3326034960519,427.981617392204,66514600
2023-09-20,424.07574462890625,429.6831540306982,423.87269606637597,429.26743850526196,82562600
2023-09-21,417.0665588378906,421.4944759763419,416.9118677822532,421.23345141612367,104095800
2023-09-22,416.12872314453125,419.6865285568745,415.71297806578804,418.09131961695476,100829700
2023-09-25,417.8786315917969,417.91728222441265,414.4851650567311,414.92023546020613,70874500
2023-09-26,411.73944091796875,415.54862280920696,410.90798029741677,414.84285049792544,96168400
2023-09-27,411.9037780761719,413.4700137261174,408.2686420542666,412.90925504168933,104705800
2023-09-28,414.291748046875,415.964317107926,410.762945679416,411.35270706101295,92258300
2023-09-29,413.28631591796875,417.5112133076614,411.7684378270295,417.3371969608053,115111300
2023-10-02,413.1219787597656,414.36915501527096,410.3666017087048,412.4548865420046,83798600
2023-10-03,407.59185791015625,413.1799422139496,406.22867088652805,410.94664397430034,103760600
2023-10-04,410.5599670410156,411.3043900178651,406.59609392791054,408.0559666596498,87453000
2023-10-05,410.4052734375,411.24638199806213,407.18585282564163,410.2699077129364,70142700
2023-10-06,415.2779541015625,416.81515765208843,406.63478734252965,407.95929439211045,113273300
2023-10-09,417.9366149902344,418.5070215863633,412.8319288458573,413.3829806224,80374400
2023-10-10,420.1119079589844,422.70291641435927,418.16863686530417,418.56502711101643,78607300
2023-10-11,421.8327941894531,422.08414129890025,418.79703802262225,421.17537943505704,62451700
2023-10-12,419.2611389160156,422.8189443567332,416.91182957643576,422.4419089154139,81154200
2023-10-13,417.1728515625,421.95850789546967,415.60664534568787,420.75965970754623,95143100
2023-10-16,421.56207275390625,422.6255551040407,419.1740835467255,419.4157827397426,75433200
2023-10-17,421.5427551269531,423.5923892481788,418.09131276942526,418.4393454760135,75324700
2023-10-18,415.9256896972656,420.73067151213604,414.84288188055683,419.77355201420596,93559800
2023-10-19,412.2712097167969,418.449056290601,411.5944695651963,416.64115074369084,121323000
2023-10-20,407.2051696777344,412.3775387523352,407.09880668145956,411.8361348739324,123919900
2023-10-23,406.4994201660156,410.3569598965053,403.92773684712256,405.6776368923659,92035100
2023-10-24,409.5641784667969,410.71466914656554,406.7701212432729,408.61670687631084,78564200
2023-10-25,403.6859436035156,407.91086989621283,403.17354254116606,407.8818671758645,94223200
2023-10-26,398.8520202636719,403.47330792914914,397.9335809780985,402.6225515026816,115156800
2023-10-27,397.04412841796875,400.8339851009318,395.62293584989493,400.43759484678344,107367700
2023-10-30,401.79107666015625,402.8448816266276,398.5329761803426,399.8284803456642,86562700
2023-10-31,404.3144836425781,404.63351364420447,400.4569438698378,402.36153498192397,79665200
2023-11-01,408.6263732910156,409.43847913059346,404.7495083565733,405.2812643437381,98068100
2023-11-02,416.4574279785156,416.61211901779166,412.39686933434086,412.41619465013827,94938900
2023-11-03,420.2569274902344,421.80380835994043,418.63271585397734,418.75840416588386,100167800
2023-11-06,421.22369384765625,421.66841210779677,419.2804228673673,421.0109973746679,67831700
2023-11-07,422.4224548339844,423.0605441659624,420.0828234543573,421.2236364247306,64256100
2023-11-08,422.7319030761719,423.544008852029,420.4309219590949,423.0219303160148,61746000
2023-11-09,419.4352111816406,423.911486057602,419.00981813699394,423.872805916006,83174400
2023-11-10,425.9803161621094,426.2896982135309,419.4254351571336,421.5040718428815,89462200
2023-11-13,425.5743103027344,426.6764433760795,423.86309048956497,424.64619358239656,52236100
2023-11-14,433.8307189941406,435.11654569788686,431.27836139592864,431.50073527138204,97176900
2023-11-15,434.7491455078125,436.3927117469104,433.8983596665992,435.16486101976614,77327600
2023-11-16,435.2809753417969,435.60000533429076,433.2410185572766,434.3045010394223,66665800
2023-11-17,435.82232666015625,436.43141334936854,434.3721314970017,435.29057073108856,83133200
2023-11-20,439.1771240234375,440.01823251915994,435.56128392675316,435.5709613361329,69936200
2023-11-21,438.2200012207031,439.0514618608499,436.9534996970191,438.13299304399567,49244600
2023-11-22,439.9118957519531,441.22675482120695,438.8194400859089,439.8732451207241,59394900
2023-11-24,440.1826171875,440.3759883694041,439.63156537724313,439.96027278304024,29737400
2023-11-27,439.3898620605469,440.3663068584605,439.0031197003399,439.55420100976517,50506000
2023-11-28,439.8249206542969,441.12042500107185,438.4424081242647,439.00313736224456,62115000
2023-11-29,439.5155029296875,443.10234049536746,439.1191421839662,441.97117519611106,63146000
2023-11-30,441.24609375,441.59415597189025,438.2876976332808,440.35665713551293,79752700
2023-12-01,443.8564453125,444.3881717849613,440.0472633152973,440.6369952391435,89183400
2023-12-04,441.5264587402344,443.8757680204174,439.25448022667734,440.47265370720123,72430900
2023-12-05,441.4394226074219,442.3965419933345,439.7668535301099,440.14391844231596,69793500
2023-12-06,439.6605529785156,443.60507121667763,439.225482586349,443.57606849081975,69124700
2023-12-07,443.0153503417969,443.6630877368815,441.13976201140014,441.73917136361564,66995400
2023-12-08,444.919921875,445.451648340426,442.02917923250493,442.27087844484373,83194400
2023-12-11,446.650390625,446.8244364513927,444.21407360272804,444.4267700533918,65002200
2023-12-12,448.6904296875,448.7871152745883,445.30664066950123,446.3024402574832,68327600
2023-12-13,454.87786865234375,455.12924524748996,448.70970069679584,449.0674107718607,93278000
2023-12-14,456.3377380371094,458.0006296077065,453.6693695971455,456.81145899765846,119026000
2023-12-15,455.58642578125,456.91633245678577,453.74207009746453,455.7417439978948,141553700
2023-12-18,458.1491394042969,459.12957270241793,456.13006180277284,457.1881393985243,70375300
2023-12-19,460.93505859375,461.012732509764,458.61506136543755,458.69270565753243,55761800
2023-12-20,454.5478210449219,461.9640813854923,454.12070331796554,460.08088857770923,102921000
2023-12-21,458.85772705078125,459.1295265010188,455.1107457468796,457.5278204873464,86667500
2023-12-22,459.7799377441406,461.4592882220052,457.8870580411275,459.98377994700513,67160400
2023-12-26,461.72137451171875,462.62413389794295,460.109981297383,460.18765521976536,55387000
2023-12-27,462.55621337890625,462.70181495571654,460.9836571015111,461.5175394244562,68000300
2023-12-28,462.7309265136719,463.5657286208665,462.3135254600746,462.91536504878167,77158100
2023-12-29,461.3913879394531,463.06102197735265,459.4402377421143,462.5368266241717,122283100
2024-01-02,458.8092346191406,459.79938459581,456.7124830275094,458.33359292378987,123623700
2024-01-03,455.0622863769531,457.39200051317124,454.4604467676884,456.6542463475319,103585900
2024-01-04,453.596435546875,457.1686653982138,453.3731600721968,454.5865557790852,84232200
2024-01-05,454.2177429199219,456.66393818647634,452.7713549830218,453.8003122508208,86118900
2024-01-08,460.7021789550781,460.8477805438932,454.58664560952485,454.71284352780606,74879100
2024-01-09,460.00323486328125,461.02247554943773,457.54732279548995,458.05208481523704,65931400
2024-01-10,462.604736328125,463.4686883884697,459.99350610212235,460.275022232607,67310600
2024-01-11,462.4009094238281,464.11906733105025,458.43068164604205,463.6045886611641,77940700
2024-01-12,462.7212219238281,464.5850109920546,461.31370050606375,463.847256832393,58026400
2024-01-16,461.0224609375,462.6532578332319,459.2072255045687,461.3428140279713,85014900
2024-01-17,458.4598083496094,458.94516670999695,456.1106608508071,458.0035703058881,68843900
2024-01-18,462.5367431640625,463.09005873569527,458.58594911701266,460.12938495584103,91856200
2024-01-19,468.30279541015625,468.5843115147551,462.5852901238366,463.66277131466796,110834500
2024-01-22,469.2929382324219,471.0110958989677,468.6425450951434,469.83653714242234,75844900
2024-01-23,470.6616516113281,470.9043307691421,468.7493682867175,469.836566173897,49945300
2024-01-24,471.1761779785156,474.45717543420074,470.68110299788805,473.525295727068,81765000
2024-01-25,473.73883056640625,474.0106300348732,471.1761540957068,473.30199623812143,72525000
2024-01-26,473.136962890625,474.7968799164263,472.2924442217773,473.3116847619897,76641600
2024-01-29,476.8839111328125,477.029542315143,472.9039969579279,473.4475958586122,61322800
2024-01-30,476.5150451660156,477.22364926399433,475.757857843928,476.1946921260682,58618400
2024-01-31,468.7395935058594,474.75801809886633,468.7201602163353,474.3114967985656,126011100
2024-02-01,474.8746032714844,474.90372358641025,469.6327095934461,470.43842101293257,91891600
2024-02-02,479.87371826171875,481.5239185736894,474.97158205447363,475.311338761735,99228200
2024-02-05,478.1264953613281,479.9029234991888,475.8744551474019,479.24284325758833,75757100
2024-02-06,479.51458740234375,479.84462748505155,477.64108188661896,479.06803644581043,55918600
2024-02-07,483.5139465332031,483.93134756331705,480.8541628931194,481.75695184930976,70556500
2024-02-08,483.7275390625,484.10610316011065,482.69858176017516,483.51398020972,52343600
2024-02-09,486.523193359375,486.9599980744067,483.8925299274153,484.2322866772762,63979400
2024-02-12,486.3096618652344,488.7558572787602,485.59131136468835,486.4941004077062,56502300
2024-02-13,479.6116638183594,482.53353038052535,476.3500701317823,480.04849815534635,113099200
2024-02-14,483.97021484375,484.4555731763151,479.92231331563113,482.2423403647749,68387800
2024-02-15,487.3094482421875,487.4938867654942,484.19342663721847,484.6690979139186,61683000
2024-02-16,484.8826904296875,488.1442842020213,484.144936285217,487.00856229426716,75532900
2024-02-20,482.2131652832031,483.814841673976,479.9708124113375,483.1450448811934,71736700
2024-02-21,482.6500244140625,482.8053426352379,479.1069145137689,480.9124629140013,59293400
2024-02-22,492.638671875,493.5996718242251,488.2898508655614,489.25088043870596,76402500
2024-02-23,492.9784851074219,495.191718012327,492.250447577862,494.3568862406584,61321800
2024-02-26,491.1729431152344,493.85213073904663,491.04674520195,493.4152963659735,50386700
2024-02-27,492.0853271484375,492.308602616629,489.9691722068436,491.8620813041637,48854500
2024-02-28,491.4350280761719,492.01743437576624,490.17307863790023,490.5322390639573,56506600
2024-02-29,493.2016906738281,494.8130838290683,490.5516532421677,493.1920036518268,83924800
2024-03-01,497.83203125,498.2591489639279,493.6676779750869,494.075392019808,76844800
2024-03-04,497.2980651855469,499.1424502869192,497.0068620768657,497.0360120116513,49799300
2024-03-05,492.32806396484375,495.745005535815,490.1245478315941,495.2984545471132,72855600
2024-03-06,494.8228454589844,497.0749153474701,493.53180526259257,495.5994069813958,68382400
2024-03-07,499.73468017578125,500.7830708393989,494.8810964988354,498.11359981707864,58652100
2024-03-08,496.73516845703125,503.0447976060077,496.1624491386697,500.3656691875528,86532500
2024-03-11,496.30804443359375,496.8904803915719,493.6094531314212,495.5314829055719,62557200
2024-03-12,501.64697265625,502.22937893995004,495.90028750048145,498.41446966211043,73114400
2024-03-13,500.8607177734375,502.14207105640753,499.4240758718581,501.9673491425277,55104100
2024-03-14,499.8704833984375,501.98663830049765,496.8321359535948,501.8312904786425,110171800
2024-03-15,496.4381103515625,498.2590153922283,494.7730358188075,496.80813351794416,107646300
2024-03-18,499.3885192871094,501.93969410963876,498.97956820958467,500.4985887866016,88893300
2024-03-19,502.1636962890625,502.44605736767124,497.6942371868493,498.6972103635703,60755300
2024-03-20,506.8083190917969,506.94465591796825,501.5501987684062,502.2220766323413,69594600
2024-03-21,508.4832763671875,510.3430798516799,508.2008558207935,509.6420207680806,60256100
2024-03-22,507.519287109375,508.8824773514824,507.2855413177628,508.39561095817277,79070800
2024-03-25,506.1170654296875,507.2660628859731,505.961234915521,506.14624650613894,48512100
2024-03-26,505.18231201171875,507.87957088818524,504.78310771343683,507.53872874874105,65463700
2024-03-27,509.427734375,509.46672172053235,505.8444050698442,508.00612262936903,82999800
2024-03-28,509.3303527832031,510.8298796934876,509.04799170553036,509.46668962011773,96294900
2024-04-01,508.4442443847656,510.60596189996124,507.28550008559404,510.07042079723595,62477500
2024-04-02,505.2115173339844,505.3477947483364,502.9134629158643,504.62724203503336,74230300
2024-04-03,505.7664794921875,507.266065898289,504.0721940901131,504.1208688391064,59155800
2024-04-04,499.5930480957031,510.10934946561747,499.2911933332161,509.76856679026787,96858100
2024-04-05,504.8122253417969,506.7694375345306,500.5083435441168,500.94653513579135,74546500
2024-04-08,505.0946044921875,506.5162756490336,504.2864491311744,505.51336185898396,48401800
2024-04-09,505.6788330078125,507.0712635271461,500.8393509659492,506.8278303713481,68049200
2024-04-10,500.61541748046875,502.60181066009386,498.6387711363,499.9922143304957,82652800
2024-04-11,504.3935546875,505.8346601112469,498.6290735605831,502.1344876196163,70099000
2024-04-12,497.43133544921875,502.2707879594682,495.70780962230026,500.85886371567153,92561100
2024-04-15,491.199462890625,501.7644387082916,490.3522904966187,501.5989207934361,92101400
2024-04-16,490.3036193847656,493.19560665785394,489.01828510429004,491.6765860412786,73484000
2024-04-17,487.40185546875,492.9229325491744,486.00942494137024,492.75738492725213,75910300
2024-04-18,486.39892578125,490.88784877913054,485.46415075166374,488.7943295112607,74548100
2024-04-19,482.15350341796875,487.31427501412566,480.8876330360681,486.3210783246666,102212600
2024-04-22,486.5937194824219,489.18385210193054,482.41639776348796,484.7533503648902,67961000
2024-04-23,492.367919921875,492.7963646750655,486.4086807205422,488.5995792337359,64633600
2024-04-24,492.1342468261719,494.0427545951939,489.914137461728,493.2540334865075,55928100
2024-04-25,490.2646484375,491.02415872515365,484.42225246602163,486.0678630419317,69122400
2024-04-26,494.9093933105469,496.48683553540934,492.41663996726425,493.04956028124485,64306100
2024-04-29,496.66204833984375,497.33392621215023,493.92586210692747,496.69125912925006,46415400
2024-04-30,488.7943420410156,496.1752226900087,488.7943420410156,495.20149000874,77483600
2024-05-01,487.2071533203125,494.841213980312,486.7397509352648,488.2100967940072,80242800
2024-05-02,491.76422119140625,492.6016467604268,486.4281553313073,490.9073316662554,62550200
2024-05-03,497.85980224609375,499.08668524553275,495.20150126804214,497.73321224009646,72756700
2024-05-06,503.0010986328125,503.0400265445959,499.8169737447077,500.2551653379584,47264700
2024-05-07,503.55609130859375,504.94852179554,502.88421343694205,503.9650423598839,52561300
2024-05-08,503.60479736328125,504.14033844049237,501.6086572944442,501.72550045922026,42047200
2024-05-09,506.50653076171875,506.5455181068331,503.1374535973279,503.7898378767789,43643700
2024-05-10,507.15899658203125,508.91170366265516,505.9418306327187,508.1034888313709,52233200
2024-05-13,507.22705078125,508.94082976185797,506.0878002167031,508.8337334335511,36716400
2024-05-14,509.55426025390625,510.07036706182174,506.88624242560803,507.4217834719146,57535900
2024-05-15,515.8640747070312,516.1561825946173,511.3848691803367,512.01781913004,59504900
2024-05-16,514.802734375,517.558414507879,514.6566506998298,515.9614786446474,50244800
2024-05-17,515.5427856445312,515.6109540647997,513.4687302561026,514.9195824580145,59187600
2024-05-20,516.1368408203125,517.5974401200076,515.2702043054951,515.6597212248555,37764200
2024-05-21,517.402587890625,517.5584184029028,515.1727614260365,515.3772666864285,33437000
2024-05-22,515.912841796875,517.4221156794935,513.7413773413039,516.7113097871478,48390000
2024-05-23,512.14453125,519.0677572803991,510.9370526401655,518.9606609347318,57211200
2024-05-24,515.5330200195312,516.3412347653415,513.0402667962413,513.9847589456947,41291100
2024-05-28,515.8933715820312,516.5749964273494,513.2642811397658,516.3413100648252,36269600
2024-05-29,512.2808227539062,513.4590608844294,511.57001679975457,511.8718716025252,45190300
2024-05-30,508.88238525390625,511.4043788648702,507.6360384172024,510.7422478216335,46377600
2024-05-31,513.5173950195312,513.6439850215788,504.7440541264526,509.8367164200918,90785800
2024-06-03,513.9360961914062,515.4064420460951,508.87267437322015,515.1240809646227,46835700
2024-06-04,514.5105590820312,515.250605333056,511.17066354967966,512.6312623824123,34632700
2024-06-05,520.6256103515625,520.645104022442,514.8416361330836,516.8280887412405,47610400
2024-06-06,520.615966796875,521.3560132540258,518.6879948188819,520.9275684331457,30808500
2024-06-07,519.9830932617188,522.7874486486729,518.5516750551577,519.6422511020912,43224500
2024-06-10,521.589599609375,521.9109480214009,518.5807990347079,519.1747616812378,35686100
2024-06-11,522.8457641601562,522.9041857425336,518.0744503489441,520.0414093421914,36383400
2024-06-12,527.139892578125,529.8274041983666,526.1077383475028,527.4028194115604,63251300
2024-06-13,528.2012329101562,529.0581223075357,525.4163720846324,528.8828575806059,44760900
2024-06-14,528.5226440429688,528.5518251182958,525.6695550365463,526.6725282080745,40089900
2024-06-17,532.7291870117188,534.1216772051151,527.3834034899254,527.8410888070123,55839500
2024-06-18,534.0825805664062,534.2091705580833,532.3688016931667,532.7874995764366,41376400
2024-06-20,532.6318359375,535.6698774866474,530.8596351285086,535.0077463215187,70328200
2024-06-21,531.9176025390625,533.031253064821,530.4620700069489,531.8101607226251,64338600
2024-06-24,530.1885986328125,534.3012597413704,530.0713785197397,531.7418545665156,45528700
2024-06-25,532.2303466796875,532.5917853363576,529.8956032092343,531.4097461795637,37936200
2024-06-26,532.8945922851562,533.6076912884868,530.4719636310322,531.1166742934914,38550600
2024-06-27,533.734619140625,534.3110010096894,532.0153114364416,532.7577451835803,35041500
2024-06-28,531.6343383789062,537.5542520433446,530.3937489459842,534.5063503169283,76144500
2024-07-01,532.7285766601562,533.2560672380866,529.973784394742,533.0118486999152,40297800
2024-07-02,536.3136596679688,536.3136596679688,531.0776287968915,531.1264605772033,40434800
2024-07-03,538.7069702148438,539.068408833479,535.9619565950238,536.0010100914286,32789900
2024-07-05,541.8134765625,542.213968717536,538.3748605783948,539.0098526062544,41488400
2024-07-08,542.4385986328125,543.3861377502993,541.3737797869028,542.5948722312855,36110500
2024-07-09,542.9661254882812,544.2946598471173,542.6730752067231,543.3959524424528,27289700
2024-07-10,548.3389282226562,548.6808102777995,543.894163387503,544.1872136667199,38701200
2024-07-11,543.6107788085938,549.3255270030801,542.9758465360856,548.4560949063842,53054200
2024-07-12,547.0396728515625,550.6345620898736,544.2653840243584,544.7342644743289,53084400
2024-07-15,548.5441284179688,551.7775792240066,546.6880438244344,549.0325654558818,40584300
2024-07-16,551.7970581054688,552.090108393895,549.1008762046278,549.8530882979716,36475300
2024-07-17,544.0602416992188,547.5476892504238,543.7378565645935,545.8772131422685,57119000
2024-07-18,539.879150390625,546.580551242634,537.7007404833427,545.593898977862,56270400
2024-07-19,536.2940673828125,541.2663824595259,535.2390267295067,539.644738170822,65509100
2024-07-22,541.8231811523438,542.4288382548532,538.2771238069361,540.2113152231016,43346700
2024-07-23,540.9733276367188,543.8648365993427,540.484890622907,541.7157018138391,34439600
2024-07-24,528.7135009765625,536.4698829953903,527.7952370228695,536.1670544374522,74515300
2024-07-25,525.958740234375,534.7994982405838,525.0209792890996,528.8307523766035,61158300
2024-07-26,531.8493041992188,534.5357078065754,528.9675138593225,529.7392825093052,53763800
2024-07-29,532.1619262695312,534.3989464184045,530.1690650137424,533.3927971337158,39515800
2024-07-30,529.4656372070312,534.6821699039564,526.066135221137,533.6271294303981,46853600
2024-07-31,538.0719604492188,540.6997538692295,534.9166765387299,536.2842643515584,65663400
2024-08-01,530.452392578125,542.0381046138815,526.9551667505608,539.7913062018092,76428700
2024-08-02,520.5762329101562,524.5716145988897,516.3756265717791,523.3603002519518,82789100
2024-08-05,505.4150695800781,511.4717002411795,498.4694800108966,499.80782241877216,146267400
2024-08-06,510.07476806640625,517.4989864003181,505.8937188490462,507.2124748611044,84826300
2024-08-07,506.6654357910156,519.2964689099484,506.06955696870784,516.2485672171777,70698300
2024-08-08,518.3782348632812,519.0033889369354,509.77197692780607,511.79405372836936,63276600
2024-08-09,520.6640625,522.1489300560904,516.3365178449808,517.5576103421191,45619600
2024-08-12,520.9376831054688,523.3407552909962,518.6713279832952,521.8559471668351,42542100
2024-08-13,529.5047607421875,529.739260585726,523.8780165940644,524.122235093717,52333100
2024-08-14,531.17529296875,532.3573320967027,527.6292352085552,530.2960824274743,42446900
2024-08-15,540.27978515625,540.5630571909627,536.1866801444643,536.7923373384469,60846800
2024-08-16,541.4910888671875,542.1846909540823,538.5116347380534,538.6679083622046,44430700
2024-08-19,546.6683959960938,546.6683959960938,541.0513709978661,541.9012465320536,39121800
2024-08-20,545.779541015625,547.8700657821756,544.4412283435015,546.2191462607274,33732300
2024-08-21,547.6550903320312,549.1106230342316,541.9012882335657,546.8247712917706,41514600
2024-08-22,543.35693359375,550.1559994238155,542.1456191373768,549.5503421956289,56121500
2024-08-23,549.1302490234375,550.0680696349215,544.4021520897437,546.5904001832064,50639400
2024-08-26,547.8211669921875,550.8690092024209,546.1214157161334,550.1559102385648,35788600
2024-08-27,548.5734252929688,549.0618623501647,545.4083627021253,546.5512887213379,32693900
2024-08-28,545.3887939453125,548.661357929549,542.204174863817,548.2315309438809,41066000
2024-08-29,545.4375610351562,550.6443160255352,544.294635177053,547.3522554939839,38715200
2024-08-30,550.6444091796875,551.1524028130747,544.2556737558524,547.8017316610252,62700100
2024-09-03,539.3126220703125,547.8407131286382,536.8020487007664,547.508549729637,60600100
2024-09-04,538.2088012695312,541.6083040829072,536.7532683896355,537.4761456891545,47224900
2024-09-05,536.899658203125,540.9927622926045,534.4476951362813,538.1500854338868,44264300
2024-09-06,527.8637084960938,538.8437645502386,526.9650009606123,537.2221796738046,68493800
2024-09-09,533.7737426757812,535.0437266855093,530.1300214174476,532.054494369654,40445800
2024-09-10,536.0986938476562,536.4504138231891,530.8138314182086,535.6786451567546,36394600
2024-09-11,541.5985107421875,542.5167747623394,527.4729497044474,536.0108196239122,75248600
2024-09-12,546.1605224609375,546.4633510224045,539.9573366553728,542.1748597619055,51819600
2024-09-13,549.0130004882812,550.0094311099382,546.5122052774053,546.7662020730168,39310500
2024-09-16,549.82373046875,550.0874458768798,546.9517188263792,548.7491334077678,36656100
2024-09-17,550.0485229492188,553.4773606816602,547.8212213158272,552.0315464267048,49321000
2024-09-18,548.4171142578125,555.5385046014119,547.8602888957543,550.702966140304,59044900
2024-09-19,557.7755737304688,559.6316584337985,554.9426745171918,557.8049085738365,75315500
2024-09-20,556.8114013671875,557.8500616857909,553.793383536953,556.4096807844697,77503100
2024-09-23,558.2027587890625,558.8495067502496,556.6643550711399,557.8794446150124,44116900
2024-09-24,559.7999267578125,559.8587165873663,556.1743944512203,558.9964258828836,46805700
2024-09-25,558.5653076171875,560.378103761662,557.4580492681129,559.6432009533316,38428600
2024-09-26,560.77978515625,563.1413061737785,558.4281322177342,562.817932214862,48336000
2024-09-27,559.9664916992188,562.6611352170194,558.9376397719122,561.8478858705382,42100900
2024-09-30,562.2103881835938,562.8179029799776,556.6447321030395,558.937595094156,63557400
2024-10-01,557.1738891601562,562.5043864049716,554.6066335561335,561.8576982708267,72668800
2024-10-02,557.4090576171875,558.4281611024765,553.8913563966638,556.282242548741,38097800
2024-10-03,556.3900146484375,558.3301388916863,554.106899883147,555.9392527365582,40846500
2024-10-04,561.4461669921875,561.8185225581165,556.6643942780399,560.828843806913,42939100
2024-10-07,556.3704223632812,560.4467168743025,555.22399069742,559.7999688939893,49964700
2024-10-08,561.63232421875,562.2300906410503,558.0656412646009,558.9376805045769,37398700
2024-10-09,565.5223999023438,566.0809331902332,561.0247685875196,561.6224751598685,37912200
2024-10-10,564.53271484375,565.9535388259317,562.9257131010544,564.1799758679994,44138100
2024-10-11,567.9132080078125,568.6481106846586,564.3170411817416,564.4542373683208,42268000
2024-10-14,572.557861328125,573.4887501402064,569.0401003876937,569.5202272995722,36217200
2024-10-15,568.1093139648438,573.1262458468478,566.8942243784207,572.8224884018784,54203600
2024-10-16,570.5785522460938,571.097912292803,567.3058184280349,568.1093193754714,30725400
2024-10-17,570.6275024414062,574.3216329805343,570.4413246734956,574.1158386665669,34393700
2024-10-18,572.8224487304688,573.6063330690159,570.8528997080355,572.3128969974695,37416800
2024-10-21,571.8817138671875,573.0771269383695,568.9126781204517,572.0972566282711,36439000
2024-10-22,571.5780029296875,572.7342428128154,568.697181591541,569.3536780068462,34183800
2024-10-23,566.355224609375,570.0003732214365,562.8570804647936,569.5594196255329,49314600
2024-10-24,567.5802001953125,568.3837012123148,564.9639626077603,568.3052948235324,34979900
2024-10-25,567.3840942382812,572.6950344865168,566.443456997856,569.8044050522926,47268200
2024-10-28,569.1381225585938,570.9802836348513,568.8343651367928,570.8528957024953,30174700
2024-10-29,570.0592651367188,571.1762720247682,566.7864714367279,568.1778707648036,42899700
2024-10-30,568.3345947265625,571.5779630983764,567.6290569957021,569.588797638648,41435800
2024-10-31,557.1934204101562,564.0427037299961,556.9974344033881,563.9741056373006,60182500
2024-11-01,559.5452880859375,563.9645140783009,559.1337591781606,559.8196805621591,45667500
2024-11-04,558.3399047851562,560.9757583388703,556.4585705161212,559.6823223393656,38217000
2024-11-05,565.0912475585938,565.1304208425688,559.0356559214524,559.251198693126,39478300
2024-11-06,579.142578125,580.0146771322202,573.6063462638446,577.3396500855225,68182000
2024-11-07,583.6205444335938,584.6396478381987,581.0630972629532,581.1415036340469,47233200
2024-11-08,586.148681640625,587.5695056932594,584.1693242787533,584.1693242787533,46444900
2024-11-11,586.707275390625,588.0888664930864,584.9826937261699,587.7361274635068,37586800
2024-11-12,584.8846435546875,587.2264882691159,582.4055428293386,586.6287817012992,43006100
2024-11-13,585.1687622070312,587.1676761411395,582.9836705187753,585.3451316888757,47388600
2024-11-14,581.4061279296875,585.7763718199695,580.7202664359244,585.2962448517161,38904100
2024-11-15,573.9591064453125,578.3195418358689,572.1071369723535,577.8491633593196,75988800
2024-11-18,576.310791015625,577.6237838402152,573.5573576252949,574.4195885423085,37001700
2024-11-19,578.4175415039062,579.1426361014928,572.2737941658764,572.9400989259979,49412000
2024-11-20,578.6134033203125,578.8975441726233,572.8615695316089,578.4958236706298,50032600
2024-11-21,581.7196655273438,583.1404896221547,575.6249001169805,581.455141177832,46750300
2024-11-22,583.5225830078125,584.1497143652956,581.2101034094488,581.7097870344509,38226400
2024-11-25,585.5020141601562,588.7649396726674,583.2188992835091,587.451946771504,42441400
2024-11-26,588.5592041015625,589.2255088244219,586.0311216188419,586.746407902425,45621300
2024-11-27,586.77587890625,588.7551766837055,585.2570915650057,588.3730726347505,34000200
2024-11-29,590.4209594726562,591.204843913549,587.3147867247623,587.5891193661275,30177400
2024-12-02,591.4791259765625,592.1552388895445,590.3424429138348,590.8323780737772,31746000
2024-12-03,591.7535400390625,591.9985076527607,590.2151960547985,591.2440480710218,26906600
2024-12-04,595.4280395507812,595.6730071584342,592.7726289600115,593.4389336760423,42787600
2024-12-05,594.4481811523438,596.2315525489399,594.0954421437544,595.4280516027892,28762200
2024-12-06,595.5750732421875,596.8097196143469,594.8009970944031,595.212525949607,31241500
2024-12-09,592.5079956054688,595.6239761392873,591.9200973185369,595.4574149257465,34742700
2024-12-10,590.6658325195312,593.6054435570935,590.0093361336401,593.184106485161,37234500
2024-12-11,595.232177734375,596.1826234477978,593.3116099521484,593.5860024095599,28677700
2024-12-12,592.1650390625,594.9380289691392,592.1650390625,594.369747252086,31543800
2024-12-13,592.0474853515625,594.9086900260288,590.6756429397628,594.1934038090473,35904700
2024-12-16,594.5755004882812,595.54562235978,593.0273484159295,593.8014244521054,43695200
2024-12-17,592.1258544921875,592.9881452170704,590.7540718346318,592.0278913761272,55773500
2024-12-18,574.4783935546875,594.2031278558312,574.0962297805506,591.8220501813851,108248700
2024-12-19,574.302001953125,581.0631314525076,574.057034359764,579.456129686489,85919500
2024-12-20,581.199951171875,585.7225012446567,571.132257605004,571.9778279294948,125716700
2024-12-23,584.6803588867188,585.2800771480029,577.7686569320756,580.9443313472664,57635800
2024-12-24,591.1790771484375,591.2184422848073,585.4471892507113,586.0272849416975,33160100
2024-12-26,591.2184448242188,592.3392110668057,588.0133066034633,589.4093887705021,41219100
2024-12-27,584.9950561523438,587.7184519013749,580.8165903318666,587.482441071987,64969300
2024-12-30,578.3192749023438,581.7800467977985,574.5734057798932,577.9948725430215,56578800
2024-12-31,576.2152709960938,580.6985158642835,574.583178079053,579.9807622286955,57052700
2025-01-02,574.799560546875,581.1803135593343,570.7292291618253,579.4696102256324,50204000
2025-01-03,581.9864501953125,582.6254735449975,576.5593423217554,577.6408633877121,37888500
2025-01-06,585.339111328125,589.6060884935793,583.6087253809885,586.2338281568046,47679400
2025-01-07,578.722412109375,587.6889029930588,576.9035745975999,587.3644406233403,60393100
2025-01-08,579.5679321289062,580.6396120913392,575.3501612839806,578.7912506935644,47304700
2025-01-10,570.7192993164062,576.0874192959229,568.8119506064235,576.0185903209236,73105000
2025-01-13,571.6043090820312,571.9582353156698,565.6659333477378,566.0789072948215,47910100
2025-01-14,572.3906860351562,575.1533862250869,568.6152938144415,574.5241441869972,48420600
2025-01-15,582.802490234375,583.9429389739179,579.2827311805529,580.3937160773642,56900200
2025-01-16,581.6817016601562,584.34604932179,580.9836305712422,584.1690862304802,43319700
2025-01-17,587.5217895507812,589.27179809953,585.5849165977943,586.9122299431212,58070600
2025-01-21,592.8995361328125,592.9093774154856,588.5932548694913,590.5595911538271,42532900
2025-01-22,596.2326049804688,597.5893820777127,595.1707663809229,595.7213382459036,48196000
2025-01-23,599.48681640625,599.48681640625,595.3280340779654,595.6032899728609,41152100
2025-01-24,597.73681640625,600.4995770008244,596.5865262707722,599.54587252364,34604700
2025-01-27,589.2815551757812,589.5961762199101,584.6311885086425,584.798310310645,70361100
2025-01-28,594.344970703125,595.1806398263976,587.1973173488781,590.5105900023588,44433300
2025-01-29,591.6805419921875,593.9614997638901,589.1341095636221,593.5583671362218,37177400
2025-01-30,594.8561401367188,596.3898803192325,590.6088457833347,593.7943615542468,39281300
2025-01-31,591.6903076171875,599.6933113603776,590.9332488823969,597.2746959271392,66566900
2025-02-03,587.70849609375,590.1860392450765,580.5510025263411,582.6943020815504,65857200
2025-02-04,591.6510620117188,592.1622687341741,587.2268045597665,587.767535135661,33457800
2025-02-05,594.0498657226562,594.1973649569587,588.5048426365228,590.5301667443101,30653100
2025-02-06,596.1146240234375,596.242440705887,592.4867305159943,595.7901616750784,35771500
2025-02-07,590.6580200195312,597.8941240756534,589.9501076619601,596.6750050236558,50788500
2025-02-10,594.6693725585938,595.30845601079,592.5949016719809,593.863227291288,26048700
2025-02-11,595.12158203125,595.662312577201,592.2900526181724,592.4080280097315,30056700
2025-02-12,593.2044677734375,594.3744405625547,588.4361250659014,589.1145136580423,45076100
2025-02-13,599.4671020507812,599.6735889668723,593.0470451801535,594.3054692189053,40921300
2025-02-14,599.4376831054688,600.7059485220444,598.8182823186273,599.6736338799176,26910400
2025-02-18,601.1976318359375,601.1976318359375,598.1399925315113,600.5979135172886,26749000
2025-02-19,602.6133422851562,602.908280775238,599.3000698962699,599.8113366176324,31011100
2025-02-20,600.1062622070312,601.3843689751305,596.8028311734677,601.2467110134413,36554000
2025-02-21,589.8419799804688,600.0275889538111,589.3798596850504,599.8899309928074,76519800
2025-02-24,587.1578979492188,592.8799440315161,586.4499856464254,591.8869345556642,50737200
2025-02-25,584.2379150390625,587.8265033006376,579.6366946428752,587.098968367302,58266500
2025-02-26,584.5328979492188,589.4881049123491,581.8980139327481,585.8995163780398,43321600
2025-02-27,575.2025756835938,587.9542991571739,574.809344386224,586.8039490929929,74196700
2025-02-28,584.178955078125,584.7098443771037,572.6365684069419,575.7040488167072,88744100
2025-03-03,573.9441528320312,587.2857532860544,570.1392964764723,586.1452445030724,74249200
2025-03-04,567.1505126953125,575.5369680083471,562.6181207422406,569.9525786591505,109648200
2025-03-05,573.24609375,575.035467216836,563.434093538414,566.9833166199888,71230500
2025-03-06,563.0702514648438,570.4046474415857,560.523819558892,565.793586428619,80094900
2025-03-07,566.2262573242188,567.6715458955733,556.1094773560538,561.2907933786839,81158800
2025-03-10,551.14453125,559.9536812738498,546.2385307775894,558.0365509948175,99326600
2025-03-11,546.5628662109375,554.5265648872522,542.7285461144836,549.9843324603625,88102100
2025-03-12,549.4631958007812,553.6318192815521,544.3703918307585,552.7076387923001,69588200
2025-03-13,542.1386108398438,549.6991769603108,540.4279077137791,549.0896174558009,74079400
2025-03-14,553.3370361328125,554.3398871601003,542.2075620137377,546.7497954782853,62660300
2025-03-17,557.6039428710938,560.1208513978755,552.8846868765244,553.3172833424321,49008700
2025-03-18,551.5769653320312,555.5096375799335,549.6499343277453,555.2933094022344,66041400
2025-03-19,557.584228515625,561.3399385264869,552.1768030039566,553.3566169353411,66556000
2025-03-20,555.9718017578125,560.9663132490421,553.1304311253591,553.8481847501696,62958200
2025-03-21,556.1553344726562,557.052742857906,550.2879327940723,551.5205903212295,83763000
2025-03-24,566.1151733398438,567.1703352751009,562.2890000340255,562.880651498493,58766800
2025-03-25,567.4760131835938,568.4127846067184,565.73055113845,567.3181993393742,38355700
2025-03-26,560.701416015625,568.3340217234003,559.3208155225726,567.2098236237739,51848300
2025-03-27,559.2123413085938,562.9793497998379,557.1020172521603,559.3109298319079,42164200
2025-03-28,547.95068359375,558.4135249923543,547.3689030262066,557.6838014665011,71662700
2025-03-31,551.6289672851562,552.93066066187,539.2826520783074,542.201606334121,95328200
2025-04-01,553.1870727539062,555.1297722698289,545.998235889195,549.7159501655996,54609600
2025-04-02,556.6878051757812,559.5475341360295,547.1125011420022,547.3491617248258,76014500
2025-04-03,529.2537231445312,540.3673198616506,529.2537231445312,537.5470145495102,125986000
2025-04-04,498.26971435546875,518.574043873056,498.0527654446422,516.4045547647906,217965100
2025-04-07,497.3821716308594,515.9114550791749,475.115432610906,482.40291724281104,256611400
2025-04-08,489.5917663574219,517.6963226160137,482.3733180084264,514.6196148198313,165816600
2025-04-09,541.0084228515625,541.0084228515625,486.20939567811143,486.59399925019795,241867300
2025-04-10,517.3019409179688,526.0981670837639,502.25365007002944,524.7866027854379,162331200
2025-04-11,526.531982421875,528.9874258955272,512.8544231608307,515.7536352571723,97866300
2025-04-14,531.64013671875,536.7285795544979,526.4531053782949,536.5017296923237,68034000
2025-04-15,530.151123046875,535.6931457102869,529.3622343758641,532.1825399641931,56892900
2025-04-16,518.366943359375,530.4273047249436,513.0714517926509,524.3034408726064,83484800
2025-04-17,519.1064453125,523.8004136549424,516.6411308627585,520.3194209498447,79868100
2025-04-21,506.7503662109375,514.4618777265953,501.4055507612705,513.9293312369678,69368100
2025-04-22,519.9348754882812,521.9564215250564,511.9867032226325,512.9235348557764,75948100
2025-04-23,527.991455078125,537.8625838932508,526.4728430251603,532.9319549297188,90590700
2025-04-24,539.1051635742188,539.8348871004667,528.0211182344198,529.2734571828396,64150400
2025-04-25,543.0003051757812,543.4045902561826,536.1467190777879,539.0656730072541,61119600
2025-04-28,543.2073974609375,545.8699492792146,537.4583271221219,543.7399439376,47613800
2025-04-29,546.6292724609375,547.7435994540236,540.9393072120234,541.294298062473,47775100
2025-04-30,546.8462524414062,548.7988227140515,534.0069337400583,539.9729835885655,93101500
2025-05-01,550.7216186523438,556.2439589647481,550.1200963901105,552.5952816524762,63186100
2025-05-02,558.8966674804688,560.4941864598073,554.5774316657111,556.894803218062,60717300
2025-05-05,555.6918334960938,558.788283367358,553.9069479669498,554.7648727126054,38659200
2025-05-06,551.047119140625,555.533979770925,549.2326812616892,550.1891944565425,48264700
2025-05-07,553.3645629882812,555.9975022415719,548.3254139860352,552.3784371058738,55588000
2025-05-08,557.2202758789062,562.3974366423718,553.9069074354913,557.3977713110521,65130800
2025-05-09,556.51025390625,559.6263849147109,554.9521583078488,558.6205173502777,37603400
2025-05-12,574.9015502929688,574.9114211824733,569.0340889310521,573.4026196086874,78993600
2025-05-13,578.6982421875,580.9071549266258,574.753737956673,575.3157768438108,67947200
2025-05-14,579.437744140625,580.8084133986617,577.4161378946785,579.6546629482465,66283500
2025-05-15,582.2678833007812,582.770756919371,576.9822030720642,577.4358426248243,71268100
2025-05-16,585.9559936523438,586.2518193704545,581.1042713102905,583.0469103495059,76052100
2025-05-19,586.596923828125,587.2773530559552,579.9405744991373,579.9405744991373,68168500
2025-05-20,584.6246948242188,585.8080578995526,581.419785763877,584.8614155899625,60614500
2025-05-21,574.7733154296875,584.3584902721909,573.7477661832594,580.2759146876367,95197700
2025-05-22,575.0001831054688,578.4811762683786,573.3434386116112,574.5760959985981,70860400
2025-05-23,571.0753173828125,573.7378691727489,567.6140060747297,567.988738706783,76029000
2025-05-27,582.9483032226562,583.1060568711622,570.4047514802384,577.9387671986972,72588500
2025-05-28,579.5757446289062,584.545857588394,578.8460211072919,583.3526236048898,68445500
2025-05-29,581.8635864257812,584.9699071457442,577.9388245287198,584.8318350718904,69973300
2025-05-30,581.2127075195312,582.92855680446,575.148009692676,580.7590679776305,90601200
2025-06-02,584.4866943359375,584.5655410710423,576.9428072484826,579.6053591727813,61630500
2025-06-03,587.8197631835938,588.7960181097066,583.6385391723649,584.121791379625,63606200
2025-06-04,587.6619262695312,589.6539195966438,587.2280285207049,588.6776647088699,57314200
2025-06-05,584.8218994140625,590.6893600195378,582.8496477946317,589.3383724752952,92278700
2025-06-06,590.8274536132812,592.4940086999786,588.5790577947733,590.3540722792903,66588700
2025-06-09,591.3599243164062,592.9081490758875,590.1864321834666,591.3993476813894,53016400
2025-06-10,594.7128295898438,595.0973729509094,590.7781968461302,591.8924637491524,66247000
2025-06-11,593.0166625976562,596.6653405011278,590.9556931519085,595.8074157747775,73658200
2025-06-12,595.37353515625,595.37353515625,591.2022416981604,591.6854337777163,64129000
2025-06-13,588.7171630859375,593.499849631983,587.218232455665,590.1963519379123,89506000
2025-06-16,594.3182983398438,596.0637602908375,591.892407169678,592.0699627819344,79984100
2025-06-17,589.2398681640625,593.401290785268,588.480531921813,591.8826784891205,82209400
2025-06-18,589.1510620117188,592.8785866278505,588.1944885876793,590.1371879149127,76605000
2025-06-20,587.7674560546875,592.8906824249698,586.3629740326184,591.8225009850784,94051400
2025-06-23,593.572998046875,593.9586781700418,585.403509483969,588.5189525073708,87426000
2025-06-24,600.13037109375,601.1885919192599,596.7972471416377,597.7072083922786,67735300
2025-06-25,600.4666748046875,601.940336500435,598.903972841808,601.247995602986,62114800
2025-06-26,605.1646118164062,605.5997923429508,601.7029677445283,602.3161684365299,78548400
2025-06-27,608.1713256835938,609.6351477759472,604.1360808658505,606.1636033457827,86258400
2025-06-30,611.0790405273438,612.4340220516922,608.2998373553096,610.6142201701539,92502500
2025-07-01,610.88134765625,612.0484090785977,608.7746849801475,609.6054458188352,70030100
2025-07-02,613.650634765625,613.6901746824169,609.8526899336259,610.4757907292374,66510400
2025-07-03,618.487060546875,619.4167617045248,615.6089168033244,615.6287169448548,51065800
2025-07-07,613.8780517578125,617.1913758193931,611.0988485499288,616.5286747873084,74814500
2025-07-08,613.5418090820312,615.2923708557059,612.7307881009865,614.5406899285775,59024600
2025-07-09,617.2210083007812,617.8737488887257,614.1055045789822,615.945166968477,66113300
2025-07-10,618.9617309570312,620.0002120765442,616.1825277796053,617.3594891460615,57529000
2025-07-11,616.7858276367188,618.0122289852302,614.7187654701638,615.9154666088177,63670200
2025-07-14,617.9627685546875,618.3089087938923,614.9857451789246,616.3308265898004,51898500
2025-07-15,615.3220825195312,620.9793689858044,615.242942324076,620.6431287961128,74317300
2025-07-16,617.3792724609375,617.883693134462,611.2769051241828,616.9045519994012,88987500
2025-07-17,621.1574096679688,621.5135103761386,617.3397251475282,617.5573456006476,68885700
2025-07-18,620.7024536132812,622.5716954836944,619.5947323692288,622.4035753929759,65621600
2025-07-21,621.87939453125,624.6189973413707,621.4541141003111,621.87939453125,63375000
2025-07-22,621.9684448242188,622.828905853138,619.3277216791315,622.2058050575365,60046300
2025-07-23,627.2598266601562,627.2598266601562,622.8288811376781,624.6289433239532,70511000
2025-07-24,627.4674682617188,629.1785504969665,627.0421878119985,627.6454884244192,71307100
2025-07-25,630.1181030273438,630.5928838363332,627.8829206987424,628.1301809903662,56865400
2025-07-28,629.9598999023438,631.0478210681617,628.5752180855901,630.4939604147171,54917100
2025-07-29,628.29833984375,631.670943868378,627.388438817005,631.3544434316219,60556300
2025-07-30,627.5070190429688,630.6917023127537,624.6189756546709,628.9509803708415,80418900
2025-07-31,625.1531372070312,632.8379457731452,623.8574957354674,632.4522656090571,103385200
2025-08-01,614.9066162109375,619.476041722763,612.5032535330552,619.4364414435403,140103600
2025-08-04,624.2530517578125,624.3024917393647,618.7243458354196,618.813325728958,73218000
2025-08-05,621.0881958007812,625.6773616222941,620.1683946955434,624.8663405650735,68051400
2025-08-06,625.845458984375,626.4981995520814,621.2463937026511,622.1562946160922,64357500
2025-08-07,625.3212890625,629.9994345491891,622.2156852544556,629.2675537310744,74205800
2025-08-08,630.1972045898438,630.6620853000642,626.7949007710238,627.1114011688534,64051600
2025-08-11,628.9510498046875,631.947873553624,627.70484826023,630.4742118551501,58742300
2025-08-12,635.6469116210938,635.8051316570012,629.8115442075018,631.2951060550639,64730800
2025-08-13,637.82275390625,639.10849531226,635.6369512596368,637.8424936799373,60092800
2025-08-14,637.882080078125,638.5447207235369,635.300697252298,635.7457174616427,59327500
2025-08-15,636.3886108398438,639.0095939138803,635.4787099260534,638.9106535836406,68592500
2025-08-18,636.2501831054688,636.9425240091701,635.1424618060598,635.8150025688236,43804900
2025-08-19,632.7984008789062,637.0512656505922,631.4829592777961,636.0721245937336,69750700
2025-08-20,631.116943359375,632.649944849085,626.0135183173757,632.3928448945792,88890300
2025-08-21,628.5850830078125,630.9785456585483,626.864161086776,629.3071240874224,54805800
2025-08-22,638.2381591796875,639.4151205943501,630.2664897119097,630.7709103705197,84083200
2025-08-25,635.4292602539062,638.218363635622,635.3105801411765,636.9820621561176,51274300
2025-08-26,638.0897827148438,638.4359833484747,634.5391586749303,635.1622594491828,51581600
2025-08-27,639.543701171875,640.2755819843173,637.3578984386413,637.5062787617181,48341100
2025-08-28,641.80859375,642.362454403162,638.2678697444891,640.1470117905141,61519500
2025-08-29,637.9810180664062,640.7404816664739,636.0919759234915,640.374480883152,74522200
2025-09-02,633.2533569335938,633.4709169972102,627.9619508913343,630.5136938017484,81983500
2025-09-03,636.6853637695312,637.1502445176759,633.4413400681225,635.6270824559713,70820900
2025-09-04,642.0064086914062,642.0361089027498,636.4579021356687,637.3579030521721,65219200
2025-09-05,640.1469116210938,645.062476969223,636.2797877246134,644.3404359625918,85178900
2025-09-08,641.7196655273438,642.7186068708459,640.1371632720919,641.5119451283233,63133100
2025-09-09,643.2031860351562,643.7273464852004,640.1272219983028,641.8580441132016,66133900
2025-09-10,645.0625,647.3768223058731,643.4997982019892,646.4570213518696,78034500
2025-09-11,650.4231567382812,651.1154976382888,646.4274520986086,647.0109525903231,69934400
2025-09-12,650.2054443359375,651.8868261792371,649.7010841125947,650.393364548417,72780100
2025-09-15,653.6671752929688,653.795755474802,652.1144337731963,652.4111340519337,63772400
2025-09-16,652.7671508789062,654.5276730798186,651.9858301119879,654.2210123755038,61169000
2025-09-17,651.9561157226562,654.4682584259048,647.1295902463727,652.7770367516476,101952200
2025-09-18,655.0023803710938,657.603563340362,653.0341982051615,654.6364399867887,90459200
2025-09-19,658.2465209960938,659.0895125014193,654.9438659954435,656.8877828567474,97945600
2025-09-22,661.3607177734375,661.8069717744121,656.7290467709187,656.7588293222589,69452200
2025-09-23,657.7606201171875,661.8566899635472,656.540685502851,661.2417286303936,81708900
2025-09-24,655.6678466796875,659.1490153831234,654.2496039734066,659.0498612769777,68082200
2025-09-25,652.6429443359375,653.9917550046746,649.0328388399253,652.5338627083877,89622100
2025-09-26,656.3820190429688,656.9274877414105,652.4743904900326,654.0910020825955,69179200
2025-09-29,658.2266845703125,659.8135740530697,656.4216318338509,658.9010899003678,73499000
2025-09-30,660.7061157226562,661.1722852976668,656.173659297658,657.4828203674869,86288000
2025-10-01,662.95751953125,663.8699431635192,657.611793334362,657.7208749627936,72545400
2025-10-02,663.7210693359375,665.0600128657511,661.3011766397112,664.9410037342527,56896000
2025-10-03,663.7112426757812,667.1527012490268,662.6698219114437,664.4848020775174,70494400
2025-10-06,666.0914916992188,666.9841207809839,663.9591941673339,666.1014192164715,54623300
2025-10-07,663.6219482421875,667.4601442579947,662.1838505424819,667.0138297258598,72020100
2025-10-08,667.5791625976562,667.6783772359653,663.919480237528,664.7426772273783,60702200
2025-10-09,665.6452026367188,668.4023890582872,663.7112737749407,667.9957845708525,66501900
2025-10-10,647.6542358398438,668.4122493878771,647.4757221413303,666.6071968358344,159422600
2025-10-13,657.5919189453125,659.664772492732,654.3488290056752,655.2216030747315,79560500
2025-10-14,656.78857421875,660.3590300864076,647.8030207789583,651.7701536094826,88779600
2025-10-15,659.7044677734375,664.7228887516702,653.5157497881946,661.3409343998026,81702600
2025-10-16,655.211669921875,663.215367636124,651.7106461582608,661.3408828539109,110563300
2025-10-17,658.9308471679688,660.2895852935891,652.7322022395391,654.0810128478913,96500900
2025-10-20,665.7840576171875,666.6866142382812,661.7872027532737,661.8367798071084,60493400
2025-10-21,665.7740478515625,667.4600912091562,664.4748144266518,665.9228395283285,56249000
2025-10-22,662.3128051757812,666.4783066993808,657.8497808005621,666.4783066993808,80564000
2025-10-23,666.2402954101562,667.1825015615415,662.3128121266341,662.6301900162397,65604500
2025-10-24,671.6851806640625,672.8951271271609,670.0983517375236,670.9016937183009,74356500
2025-10-27,679.6094970703125,679.9070199177999,676.5151383891614,677.1201116013259,63339800
2025-10-28,681.41455078125,683.2493254549719,679.2028936555786,681.4046232640447,61738100
2025-10-29,681.7418212890625,684.0328379014793,677.2589421639235,683.0608492697363,85657100
2025-10-30,674.2439575195312,680.303738053287,674.2439575195312,678.2805222142791,76335800
2025-10-31,676.4556274414062,679.4508319897004,673.6587916341136,679.4111219213156,87164100
2025-11-03,677.7251586914062,680.1649066224819,674.3530715971103,680.0359699637585,57315000
2025-11-04,669.6917114257812,674.3729598389511,669.0371611161902,670.5545580097922,78427000
2025-11-05,672.012451171875,675.2654684624238,668.6304366940664,669.4337786331213,74402400
2025-11-06,664.8021850585938,671.8140994484131,663.2252231578799,670.9115428502156,85035300
2025-11-07,665.4567260742188,665.5658682287408,655.7769731606511,662.4218719882706,100592400
2025-11-10,675.8407592773438,676.57466917413,669.4834554774103,671.6752576501947,75842900
2025-11-11,677.3878784179688,677.9532020666294,673.1529450781785,674.3629519753922,58953400
2025-11-12,677.7647705078125,679.3318048264125,675.3547447293747,679.1631581075335,62312500
2025-11-13,666.5179443359375,675.2654792192372,665.010475070097,674.9084518036677,103457800
2025-11-14,666.408935546875,670.1082678298286,657.8201189320223,659.9127671356764,96846700
2025-11-17,660.2003173828125,668.1742931923078,656.7290761218832,664.1972328051172,90456100
2025-11-18,654.6563110351562,659.6548768721069,650.4709542015795,656.6596720569411,114467500
2025-11-19,657.1853637695312,661.8566848395906,653.3372397764296,655.3505889035424,94703000
2025-11-20,647.1683349609375,670.0090710879778,646.5335791707308,667.3808213360044,165293500
2025-11-21,653.6149291992188,659.0895314498267,645.5020891320908,649.667590792559,123956200
2025-11-24,663.235107421875,664.5541959227929,656.1538219404428,657.2447591605586,80437900
2025-11-25,669.4734497070312,670.6536740212097,659.020017057554,663.135941149376,81077100
2025-11-26,674.09521484375,676.0986363282427,671.1595147067713,672.0620713400136,71879600
2025-11-28,677.7747192382812,678.0523870500939,674.9084513312986,675.2654787466182,49212000
2025-12-01,674.6803588867188,677.3779800628074,673.1629015749381,673.2323336611282,61201200
2025-12-02,675.9300537109375,678.2012155152329,673.7481184984898,676.316803165018,62953800
2025-12-03,678.2706298828125,679.2822075879724,674.105128319461,674.9779023816353,57238500
2025-12-04,678.7664794921875,679.7384076011712,675.7415530139849,679.6689755171525,61970300
2025-12-05,680.0557861328125,682.7336127271673,678.9549213715281,679.8375623637357,79241000
2025-12-08,678.0127563476562,680.9980334759979,675.9696853695019,680.9484564225444,55231500
2025-12-09,677.427490234375,679.7582167824522,676.9812362772177,677.5366323782647,58310100
2025-12-10,681.92041015625,683.3088703732143,675.711837383319,676.9515664343469,85671300
2025-12-11,683.5072021484375,683.5865617528303,676.5647198382891,679.51034738166,86173700
2025-12-12,676.1580810546875,683.2195721462687,673.5893360954813,682.5153843270051,113160300
2025-12-15,675.1365356445312,680.1252340287925,673.6687159286942,680.1053789946951,90811000
2025-12-16,673.2918701171875,675.4837328267965,669.4338188610296,673.6488975485244,122030600
2025-12-17,665.8832397460938,674.8489377460819,665.6848710067972,674.3034691132465,110625200
2025-12-18,670.9114990234375,675.1464323222394,669.3544527925658,672.0322187932205,108650100
2025-12-19,676.9923095703125,677.4896664833268,672.8940327515619,673.0134542661981,103599500
2025-12-22,681.2098999023438,681.7370666700199,676.9923229108747,680.3245900087294,69556700
2025-12-23,684.3233032226562,684.562024812114,680.2548972126992,680.3046207584179,64840000
2025-12-24,686.7305297851562,687.1781631452748,684.164151137988,684.313382495532,39445600
2025-12-26,686.660888671875,688.0037280321676,685.6264081645946,686.989161229118,41613300
2025-12-29,684.2138671875,685.5567672531378,682.4433081832867,683.9055083361335,62559500
2025-12-30,683.3783569335938,684.9201512250444,682.9506372729019,683.8160334465714,47160700
2025-12-31,678.3152465820312,683.726492314561,678.1063955310838,683.5076844111845,74144800
2026-01-02,679.55859375,683.2390468658663,676.2263268834449,682.0852055985325,89377200
2026-01-05,684.0845336914062,685.7855161168121,682.7516512212146,682.910778712987,71927200
2026-01-06,688.1529541015625,688.6602678554459,684.1442890432024,684.2934596862484,69273800
2026-01-07,685.9347534179688,690.2916046822218,685.6761181181482,688.5309418430683,75588300
2026-01-08,685.8651123046875,686.9692300361542,683.8557710289468,685.1787573638412,64019200
2026-01-09,690.4010009765625,691.6344363504869,685.5368360184962,686.9791831428475,80125500
2026-01-12,691.4852294921875,692.410366767912,686.979207477028,687.0289310253164,63976000
2026-01-13,690.1026000976562,692.4103433578374,687.6953490317495,691.813478661017,78309700
2026-01-14,686.7106323242188,688.0634285762314,682.4134612479594,687.3472637531122,94676700
2026-01-15,688.5806884765625,691.7737417111902,687.5959315038539,690.8983886882239,77862000
2026-01-16,688.0037231445312,690.5800586110835,686.4519720383781,689.9931507530615,79289200
2026-01-20,673.9981689453125,681.1501633341576,672.9934983300664,677.8874730475171,111623300
2026-01-21,681.77685546875,685.0991655259935,674.5452667925615,676.0572511802958,127844500
2026-01-22,685.3379516601562,687.476610793547,683.2888434897402,686.2033478813381,77112200
2026-01-23,685.5865478515625,687.3074439470811,683.5274830754288,684.5123006998919,63059600
2026-01-26,689.0680541992188,690.4606777697717,686.272910918868,686.8399050563427,60473800
2026-01-27,691.8134765625,692.8480177488461,689.9036431059924,690.5104039402848,55506100
2026-01-28,691.7438354492188,694.1510864943795,690.271678492269,693.3652237572153,61172200
2026-01-29,690.3711547851562,693.375209936545,681.2098793986574,692.7087686795362,97486200
2026-01-30,688.3120727539062,690.5402826440542,683.487735152998,688.1330315570439,101835100
2026-02-02,691.7339477539062,693.2459322689688,685.7756213682558,685.9348095869553,79286500
2026-02-03,685.885009765625,693.2757257351432,680.4140840721383,692.529690413304,107904600
2026-02-04,682.5626831054688,687.7948875474046,678.1561081391175,686.7006659106327,105204600
2026-02-05,674.0379638671875,680.0758839506523,672.2176206040476,677.3404209861714,113610800
2026-02-06,686.96923828125,688.6503070282812,677.2508650473027,677.8576866055596,89127600
2026-02-09,690.2816772460938,692.1915108078678,684.7013472083629,685.7755944360715,73885200
2026-02-10,688.4613037109375,692.8579216647231,688.0037135108784,691.276360737094,65185700
2026-02-11,688.3021850585938,693.4547952732178,685.5368515439336,692.7087599208829,76353900
2026-02-12,677.668701171875,691.6742279947084,676.7734344520502,690.5701102294341,118829000
2026-02-13,678.1461181640625,682.6522007204912,673.9384983110481,678.0864377658819,96267500
2026-02-17,679.2402954101562,681.31927396984,672.2077222570326,676.5446598627462,81354700
2026-02-18,682.662109375,685.507036973797,679.2204384959671,680.4041503420104,73570300
2026-02-19,680.8616333007812,682.5526587813481,677.9471293624403,680.225062656192,58649400
2026-02-20,685.7855834960938,686.4122580979458,678.126274472082,678.7131823752115,100034000
2026-02-23,678.7827758789062,686.3525334522094,676.7734345413753,684.1940214696967,90558100
2026-02-24,683.7164916992188,684.7112054782021,676.4053697086953,678.295350173768,73798700
2026-02-25,689.4859008789062,690.0130676270821,686.4519751919497,686.53156929616,56369500
2026-02-26,685.6561889648438,689.6350440416309,680.7323436648176,689.615191050754,71671000
2026-02-27,682.3637084960938,683.2291046432514,678.0367277603054,679.4790749097389,83308900
2026-03-02,682.751708984375,684.9798583327654,674.4359156260907,675.1123137702438,87477200
2026-03-03,676.7337036132812,679.0016196644848,666.1200629162043,671.4915420947397,105003100
2026-03-04,681.5082397460938,683.4579005621853,676.0273572426378,678.026741603972,79182200
2026-03-05,677.70849609375,681.9062201445739,672.0386149612469,678.474445192334,106606500
2026-03-06,668.82568359375,672.5359467168151,666.2195382406165,669.8502072585248,100687000
2026-03-09,674.6845703125,676.3258117079225,658.888509802078,662.8673651303956,102667700
2026-03-10,673.6002807617188,679.7476047325034,671.1930903760745,674.1374043547928,81505300
2026-03-11,672.7548217773438,676.4849986405864,669.7806371390539,673.9982140650914,68441700
2026-03-12,662.5390625,668.0995392824933,662.3500644519811,667.6120785283837,108882200
2026-03-13,658.7890014648438,668.7859240392634,657.863924887251,665.7321452917186,97200200
2026-03-16,665.493408203125,668.5173163233716,663.5934708305671,664.8468199428278,82023100
2026-03-17,667.2440185546875,670.8747480492216,666.1598145596139,668.8355969918504,87128000
2026-03-18,657.9335327148438,666.1796881508768,657.6948111200146,664.8268919718373,82062600
2026-03-19,656.3121948242188,659.4753776238247,651.7066647804095,653.4971375917409,111272500
2026-03-20,646.9034423828125,655.0025723674255,643.063298812559,654.8230422006715,163617500
2026-03-23,653.6959228515625,660.9173090129275,652.2596206790361,656.3790129905765,134802700
2026-03-24,651.5015869140625,655.3417305137531,648.2100787416998,649.6463809650626,96457500
2026-03-25,655.1322021484375,659.1917509309695,652.5588148295345,656.9774239230809,90653800
2026-03-26,643.432373046875,653.1672421520028,643.1630473705688,650.3844333840033,96494400
2026-03-27,632.4606323242188,641.0085567819559,631.4831091918358,640.8489947137006,103649400
2026-03-30,630.3460693359375,638.7245091624994,627.6630399662237,638.4651675144013,99275900
2026-03-31,648.6688842773438,649.865752001465,636.3405988140365,637.2981538716512,152534100
2026-04-01,653.5562744140625,656.8278752918841,651.3220400966815,652.219751792706,97841500
2026-04-02,654.144775390625,656.5086804928782,643.4522901873171,644.7589215344626,68358700
2026-04-06,657.23681640625,658.0247645183308,653.8356054757206,654.1746977251443,39105800
2026-04-07,657.5260009765625,657.9150134208243,649.386996170508,654.9626585699763,69980400
2026-04-08,674.27294921875,675.3402070755335,669.734652974974,674.6519776493207,93606100
2026-04-09,678.162841796875,679.4096297331154,672.0386657215836,673.1059235004034,57134400
2026-04-10,677.7140502929688,680.2774536083281,676.7066358948267,679.5692561407437,42253500
2026-04-13,684.3369750976562,684.536473353906,674.8414790590384,675.669302461078,54185800
2026-04-14,692.675537109375,692.7952238870419,685.8929616905456,685.9229138241225,63480500
2026-04-15,698.1414184570312,698.480571570673,692.4161778504387,693.4734516118131,58240400
2026-04-16,699.8569946289062,700.9741726960574,696.7350934539525,699.2585607342904,49972400
2026-04-17,708.3152465820312,710.5594650064761,703.9464965121796,704.3255249385737,70661900
2026-04-20,706.8988037109375,708.0857482546458,704.3254772575062,706.9587079747221,43546800
2026-04-21,702.2708129882812,709.4523240430285,700.8345107773317,708.4548936431559,58941400
2026-04-22,709.3825073242188,709.6218808832724,706.4001392457644,707.3278031045794,42518500
2026-04-23,706.6295776367188,710.5295037064266,700.4754491270062,707.6768673789517,56174000
2026-04-24,712.10546875,712.6340752101273,707.1881441382454,708.9236633096505,45182000
2026-04-27,713.332275390625,713.7911152864904,710.4696550399041,711.3374146094498,33135900
2026-04-28,709.8612060546875,711.0481506026886,707.4274735730012,709.9908768700561,43117400
2026-04-29,709.7515258789062,710.3699278433978,706.5497524472755,709.1729992133655,41859200
2026-04-30,716.8132934570312,717.9403946619685,708.6244289610544,712.7936806635566,67240900
2026-05-01,718.7982177734375,723.0073446973263,718.6186267345964,719.3966516418469,43049800
2026-05-04,716.1649780273438,720.2644021704073,713.152718877996,718.2196821209096,51950600
2026-05-05,721.9102172851562,723.1769124909786,719.6360467603954,719.9153564929043,36933200
2026-05-06,731.9443359375,732.7023927493656,725.9497697512824,726.288861980811,53288900
2026-05-07,729.7001342773438,734.238430329629,727.8748196364371,733.161188473549,51724600
2026-05-08,735.724609375,736.1834492768152,732.6824588199246,733.0415191543954,47227100
2026-05-11,737.4002685546875,738.8864300819614,734.5576163199453,734.5576163199453,44024000
2026-05-12,736.2831420898438,736.9414802248905,729.9494836014034,734.9964788307154,54185300
2026-05-13,740.4025268554688,741.9983910774667,733.5800764180441,736.5723674930287,44200200
2026-05-14,746.2474975585938,747.6040491923611,741.649357949993,741.7391534739264,45307600
2026-05-15,737.2706298828125,741.5496453663399,736.0637780312098,739.8838927249178,60410800
2026-05-18,736.751953125,739.5147938000424,731.5054597381557,737.9289136337939,47843900
2026-05-19,731.8446044921875,735.7545755811656,729.650306265128,732.8919551385734,54255900
2026-05-20,739.3452758789062,739.9636778498481,732.0042028263388,733.8195334397973,45768000
2026-05-21,740.8114624023438,742.9559620700644,735.1361419849363,736.7419902854853,43332200
2026-05-22,743.7239990234375,747.015507083493,742.566945697205,744.3224328967863,41762000
2026-05-26,748.6613159179688,750.1973368284331,746.4469887578754,748.0827892360243,41123600
2026-05-27,748.5316162109375,749.4492351039673,746.2973210478585,748.9505199197505,42106300
2026-05-28,752.6609497070312,753.2095851254732,747.3047533704411,748.3221518516883,41562600
2026-05-29,754.5361328125,756.1320579864754,752.7507543048832,753.9576670103595,55075700
2026-06-01,756.5908203125,758.3264003155792,752.7507376917755,753.4189990020213,43634900
2026-06-02,757.6182250976562,758.4461093852723,754.805464031348,755.0847737682097,31581900
2026-06-03,752.3018798828125,756.8501599793441,751.6336185743088,756.2018667594974,51402500
2026-06-04,755.1445922851562,756.3614281257201,749.5389775481502,750.1673635570705,49923000
2026-06-05,735.65478515625,750.8855669656407,733.6400171295905,750.3768677170906,93989400
2026-06-08,737.3204345703125,743.4247643242134,736.2931129658897,741.4498108327123,49319100
2026-06-09,735.1560668945312,744.9807928982774,720.7332622187009,741.7191759970133,87683500
2026-06-10,723.56591796875,736.4826536495077,723.4661992814284,731.5054857614351,60341300
2026-06-11,735.8642578125,738.0984921563339,722.5485255148498,726.8873842592473,86330500
2026-06-12,739.843994140625,742.5270843334097,733.1412911200548,738.8066884479139,57079500
2026-06-15,752.890380859375,754.7356026867302,749.8282623277308,749.9179969688896,60176400
2026-06-16,748.4019775390625,753.4988323298886,747.9531216783239,752.6111046530555,67093100
2026-06-17,739.0560302734375,750.217278570044,737.3204502885575,749.3594421826946,85945200
2026-06-18,746.739990234375,748.22998046875,743.8599853515625,747.760009765625,80875700
2026-06-22,744.3900146484375,750.1799926757812,743.1300048828125,747.7000122070312,46628100
2026-06-23,733.5800170898438,739.6300048828125,732.2999877929688,733.8099975585938,66846800
2026-06-24,733.239990234375,739.9500122070312,730.8400268554688,735.1699829101562,57439500
2026-06-25,734.2999877929688,739.3699951171875,729.5999755859375,738.9099731445312,53934400
2026-06-26,728.989990234375,736.530029296875,716.5800170898438,728.9500122070312,71034000
2026-06-29,741.0,741.5599975585938,732.0900268554688,736.530029296875,58035200
